run_id,replication,randomized_position,status,backend_provider,model,data_view,prompt_template,reasoning_profile,factor_data_view,factor_model,factor_prompt_template,factor_temperature,setting_data_view,setting_inference_options.max_tokens,setting_inference_options.reasoning.enabled,setting_inference_options.temperature,setting_model,setting_prompt_template,started_at_utc,ended_at_utc,wall_clock_seconds,input_token_count,output_token_count,total_token_count,total_duration_seconds,load_duration_seconds,prompt_eval_duration_seconds,eval_duration_seconds,response_json_valid,expected_json_key_count,response_filled_key_count,response_schema_completeness,done_reason,error,prompt_path,response_path
356,3,1,success,together,deepseek-ai/DeepSeek-V3.1,stim_summary,prompts/stim_paradigm_anova.md,,stim_summary,deepseek_v3_1,prompts/stim_paradigm_anova.md,1.0,stim_summary,1800,False,1.0,deepseek-ai/DeepSeek-V3.1,prompts/stim_paradigm_anova.md,2026-05-03T04:05:15.306641+00:00,2026-05-03T04:05:55.425348+00:00,40.118105,1179,1800,2979,,,,,False,9,,,length,,/home/ricardo/Documents/Purdue/phd-notes/Spring_2026/STAT-51400/project/outputs/prompts/run_0356.md,/home/ricardo/Documents/Purdue/phd-notes/Spring_2026/STAT-51400/project/outputs/responses/run_0356.json
234,2,2,success,together,Qwen/Qwen3.5-9B,stim_and_mouse_summary,prompts/stim_paradigm_predictive.md,,stim_and_mouse_summary,qwen3_5_9b,prompts/stim_paradigm_predictive.md,0.0,stim_and_mouse_summary,1800,False,0.0,Qwen/Qwen3.5-9B,prompts/stim_paradigm_predictive.md,2026-05-03T04:05:55.425984+00:00,2026-05-03T04:06:26.960711+00:00,31.534207,6275,1332,7607,,,,,True,11,11,1.0,stop,,/home/ricardo/Documents/Purdue/phd-notes/Spring_2026/STAT-51400/project/outputs/prompts/run_0234.md,/home/ricardo/Documents/Purdue/phd-notes/Spring_2026/STAT-51400/project/outputs/responses/run_0234.json
355,3,3,success,together,deepseek-ai/DeepSeek-V3.1,summary_only,prompts/stim_paradigm_anova.md,,summary_only,deepseek_v3_1,prompts/stim_paradigm_anova.md,1.0,summary_only,1800,False,1.0,deepseek-ai/DeepSeek-V3.1,prompts/stim_paradigm_anova.md,2026-05-03T04:06:26.961215+00:00,2026-05-03T04:06:41.828664+00:00,14.866935,961,671,1632,,,,,True,9,9,1.0,stop,,/home/ricardo/Documents/Purdue/phd-notes/Spring_2026/STAT-51400/project/outputs/prompts/run_0355.md,/home/ricardo/Documents/Purdue/phd-notes/Spring_2026/STAT-51400/project/outputs/responses/run_0355.json
80,1,4,success,together,deepseek-ai/DeepSeek-V3.1,stim_summary,prompts/stim_paradigm_predictive.md,,stim_summary,deepseek_v3_1,prompts/stim_paradigm_predictive.md,0.75,stim_summary,1800,False,0.75,deepseek-ai/DeepSeek-V3.1,prompts/stim_paradigm_predictive.md,2026-05-03T04:06:41.829220+00:00,2026-05-03T04:06:52.971647+00:00,11.141765,1247,522,1769,,,,,True,11,11,1.0,stop,,/home/ricardo/Documents/Purdue/phd-notes/Spring_2026/STAT-51400/project/outputs/prompts/run_0080.md,/home/ricardo/Documents/Purdue/phd-notes/Spring_2026/STAT-51400/project/outputs/responses/run_0080.json
393,3,5,success,together,Qwen/Qwen3.5-9B,stim_and_mouse_summary,prompts/stim_paradigm_anova.md,,stim_and_mouse_summary,qwen3_5_9b,prompts/stim_paradigm_anova.md,0.75,stim_and_mouse_summary,1800,False,0.75,Qwen/Qwen3.5-9B,prompts/stim_paradigm_anova.md,2026-05-03T04:06:52.972218+00:00,2026-05-03T04:07:07.920989+00:00,14.948265,6217,1261,7478,,,,,True,9,9,1.0,stop,,/home/ricardo/Documents/Purdue/phd-notes/Spring_2026/STAT-51400/project/outputs/prompts/run_0393.md,/home/ricardo/Documents/Purdue/phd-notes/Spring_2026/STAT-51400/project/outputs/responses/run_0393.json
402,3,6,success,together,Qwen/Qwen3.5-9B,stim_and_mouse_summary,prompts/stim_paradigm_anova.md,,stim_and_mouse_summary,qwen3_5_9b,prompts/stim_paradigm_anova.md,1.0,stim_and_mouse_summary,1800,False,1.0,Qwen/Qwen3.5-9B,prompts/stim_paradigm_anova.md,2026-05-03T04:07:07.921417+00:00,2026-05-03T04:07:26.360836+00:00,18.438867,6216,1466,7682,,,,,True,9,9,1.0,stop,,/home/ricardo/Documents/Purdue/phd-notes/Spring_2026/STAT-51400/project/outputs/prompts/run_0402.md,/home/ricardo/Documents/Purdue/phd-notes/Spring_2026/STAT-51400/project/outputs/responses/run_0402.json
262,2,7,success,together,Qwen/Qwen3.5-9B,summary_only,prompts/stim_paradigm_basic.md,,summary_only,qwen3_5_9b,prompts/stim_paradigm_basic.md,1.0,summary_only,1800,False,1.0,Qwen/Qwen3.5-9B,prompts/stim_paradigm_basic.md,2026-05-03T04:07:26.361356+00:00,2026-05-03T04:07:35.978411+00:00,9.616363,1073,929,2002,,,,,True,8,8,1.0,stop,,/home/ricardo/Documents/Purdue/phd-notes/Spring_2026/STAT-51400/project/outputs/prompts/run_0262.md,/home/ricardo/Documents/Purdue/phd-notes/Spring_2026/STAT-51400/project/outputs/responses/run_0262.json
321,3,8,success,together,deepseek-ai/DeepSeek-V3.1,stim_and_mouse_summary,prompts/stim_paradigm_anova.md,,stim_and_mouse_summary,deepseek_v3_1,prompts/stim_paradigm_anova.md,0.0,stim_and_mouse_summary,1800,False,0.0,deepseek-ai/DeepSeek-V3.1,prompts/stim_paradigm_anova.md,2026-05-03T04:07:35.979620+00:00,2026-05-03T04:07:51.311243+00:00,15.331192,4083,584,4667,,,,,True,9,9,1.0,stop,,/home/ricardo/Documents/Purdue/phd-notes/Spring_2026/STAT-51400/project/outputs/prompts/run_0321.md,/home/ricardo/Documents/Purdue/phd-notes/Spring_2026/STAT-51400/project/outputs/responses/run_0321.json
292,3,9,success,together,moonshotai/Kimi-K2.5,summary_only,prompts/stim_paradigm_anova.md,,summary_only,kimi,prompts/stim_paradigm_anova.md,0.5,summary_only,1800,False,0.5,moonshotai/Kimi-K2.5,prompts/stim_paradigm_anova.md,2026-05-03T04:07:51.311786+00:00,2026-05-03T04:08:11.408942+00:00,20.096648,947,1413,2360,,,,,True,9,9,1.0,stop,,/home/ricardo/Documents/Purdue/phd-notes/Spring_2026/STAT-51400/project/outputs/prompts/run_0292.md,/home/ricardo/Documents/Purdue/phd-notes/Spring_2026/STAT-51400/project/outputs/responses/run_0292.json
345,3,10,success,together,deepseek-ai/DeepSeek-V3.1,stim_and_mouse_summary,prompts/stim_paradigm_basic.md,,stim_and_mouse_summary,deepseek_v3_1,prompts/stim_paradigm_basic.md,0.75,stim_and_mouse_summary,1800,False,0.75,deepseek-ai/DeepSeek-V3.1,prompts/stim_paradigm_basic.md,2026-05-03T04:08:11.409522+00:00,2026-05-03T04:08:27.179283+00:00,15.769143,4034,684,4718,,,,,True,8,8,1.0,stop,,/home/ricardo/Documents/Purdue/phd-notes/Spring_2026/STAT-51400/project/outputs/prompts/run_0345.md,/home/ricardo/Documents/Purdue/phd-notes/Spring_2026/STAT-51400/project/outputs/responses/run_0345.json
252,2,11,success,together,Qwen/Qwen3.5-9B,stim_and_mouse_summary,prompts/stim_paradigm_predictive.md,,stim_and_mouse_summary,qwen3_5_9b,prompts/stim_paradigm_predictive.md,0.5,stim_and_mouse_summary,1800,False,0.5,Qwen/Qwen3.5-9B,prompts/stim_paradigm_predictive.md,2026-05-03T04:08:27.179844+00:00,2026-05-03T04:08:40.098678+00:00,12.918332,6275,1214,7489,,,,,True,11,11,1.0,stop,,/home/ricardo/Documents/Purdue/phd-notes/Spring_2026/STAT-51400/project/outputs/prompts/run_0252.md,/home/ricardo/Documents/Purdue/phd-notes/Spring_2026/STAT-51400/project/outputs/responses/run_0252.json
291,3,12,success,together,moonshotai/Kimi-K2.5,stim_and_mouse_summary,prompts/stim_paradigm_basic.md,,stim_and_mouse_summary,kimi,prompts/stim_paradigm_basic.md,0.5,stim_and_mouse_summary,1800,False,0.5,moonshotai/Kimi-K2.5,prompts/stim_paradigm_basic.md,2026-05-03T04:08:40.099281+00:00,2026-05-03T04:09:56.883538+00:00,76.783473,3973,1104,5077,,,,,True,8,8,1.0,stop,,/home/ricardo/Documents/Purdue/phd-notes/Spring_2026/STAT-51400/project/outputs/prompts/run_0291.md,/home/ricardo/Documents/Purdue/phd-notes/Spring_2026/STAT-51400/project/outputs/responses/run_0291.json
178,2,13,success,together,moonshotai/Kimi-K2.5,summary_only,prompts/stim_paradigm_predictive.md,,summary_only,kimi,prompts/stim_paradigm_predictive.md,1.0,summary_only,1800,False,1.0,moonshotai/Kimi-K2.5,prompts/stim_paradigm_predictive.md,2026-05-03T04:09:56.884126+00:00,2026-05-03T04:10:35.216442+00:00,38.331959,1003,1049,2052,,,,,True,11,11,1.0,stop,,/home/ricardo/Documents/Purdue/phd-notes/Spring_2026/STAT-51400/project/outputs/prompts/run_0178.md,/home/ricardo/Documents/Purdue/phd-notes/Spring_2026/STAT-51400/project/outputs/responses/run_0178.json
146,2,14,success,together,moonshotai/Kimi-K2.5,stim_summary,prompts/stim_paradigm_basic.md,,stim_summary,kimi,prompts/stim_paradigm_basic.md,0.25,stim_summary,1800,False,0.25,moonshotai/Kimi-K2.5,prompts/stim_paradigm_basic.md,2026-05-03T04:10:35.216767+00:00,2026-05-03T04:10:49.310641+00:00,14.0932,1109,1107,2216,,,,,True,8,8,1.0,stop,,/home/ricardo/Documents/Purdue/phd-notes/Spring_2026/STAT-51400/project/outputs/prompts/run_0146.md,/home/ricardo/Documents/Purdue/phd-notes/Spring_2026/STAT-51400/project/outputs/responses/run_0146.json
266,2,15,success,together,Qwen/Qwen3.5-9B,stim_summary,prompts/stim_paradigm_anova.md,,stim_summary,qwen3_5_9b,prompts/stim_paradigm_anova.md,1.0,stim_summary,1800,False,1.0,Qwen/Qwen3.5-9B,prompts/stim_paradigm_anova.md,2026-05-03T04:10:49.311228+00:00,2026-05-03T04:11:13.272772+00:00,23.961083,1453,1095,2548,,,,,True,9,9,1.0,stop,,/home/ricardo/Documents/Purdue/phd-notes/Spring_2026/STAT-51400/project/outputs/prompts/run_0266.md,/home/ricardo/Documents/Purdue/phd-notes/Spring_2026/STAT-51400/project/outputs/responses/run_0266.json
19,1,16,success,together,moonshotai/Kimi-K2.5,summary_only,prompts/stim_paradigm_basic.md,,summary_only,kimi,prompts/stim_paradigm_basic.md,0.5,summary_only,1800,False,0.5,moonshotai/Kimi-K2.5,prompts/stim_paradigm_basic.md,2026-05-03T04:11:13.273266+00:00,2026-05-03T04:11:27.761276+00:00,14.487555,895,1174,2069,,,,,True,8,8,1.0,stop,,/home/ricardo/Documents/Purdue/phd-notes/Spring_2026/STAT-51400/project/outputs/prompts/run_0019.md,/home/ricardo/Documents/Purdue/phd-notes/Spring_2026/STAT-51400/project/outputs/responses/run_0019.json
139,2,17,success,together,moonshotai/Kimi-K2.5,summary_only,prompts/stim_paradigm_anova.md,,summary_only,kimi,prompts/stim_paradigm_anova.md,0.0,summary_only,1800,False,0.0,moonshotai/Kimi-K2.5,prompts/stim_paradigm_anova.md,2026-05-03T04:11:27.761743+00:00,2026-05-03T04:12:06.327869+00:00,38.565474,947,1319,2266,,,,,True,9,9,1.0,stop,,/home/ricardo/Documents/Purdue/phd-notes/Spring_2026/STAT-51400/project/outputs/prompts/run_0139.md,/home/ricardo/Documents/Purdue/phd-notes/Spring_2026/STAT-51400/project/outputs/responses/run_0139.json
360,3,18,success,together,deepseek-ai/DeepSeek-V3.1,stim_and_mouse_summary,prompts/stim_paradigm_predictive.md,,stim_and_mouse_summary,deepseek_v3_1,prompts/stim_paradigm_predictive.md,1.0,stim_and_mouse_summary,1800,False,1.0,deepseek-ai/DeepSeek-V3.1,prompts/stim_paradigm_predictive.md,2026-05-03T04:12:06.328498+00:00,2026-05-03T04:12:16.148165+00:00,9.819183,4151,578,4729,,,,,True,11,11,1.0,stop,,/home/ricardo/Documents/Purdue/phd-notes/Spring_2026/STAT-51400/project/outputs/prompts/run_0360.md,/home/ricardo/Documents/Purdue/phd-notes/Spring_2026/STAT-51400/project/outputs/responses/run_0360.json
149,2,19,success,together,moonshotai/Kimi-K2.5,stim_summary,prompts/stim_paradigm_anova.md,,stim_summary,kimi,prompts/stim_paradigm_anova.md,0.25,stim_summary,1800,False,0.25,moonshotai/Kimi-K2.5,prompts/stim_paradigm_anova.md,2026-05-03T04:12:16.148708+00:00,2026-05-03T04:12:37.038188+00:00,20.888978,1161,1501,2662,,,,,True,9,9,1.0,stop,,/home/ricardo/Documents/Purdue/phd-notes/Spring_2026/STAT-51400/project/outputs/prompts/run_0149.md,/home/ricardo/Documents/Purdue/phd-notes/Spring_2026/STAT-51400/project/outputs/responses/run_0149.json
245,2,20,success,together,Qwen/Qwen3.5-9B,stim_summary,prompts/stim_paradigm_basic.md,,stim_summary,qwen3_5_9b,prompts/stim_paradigm_basic.md,0.5,stim_summary,1800,False,0.5,Qwen/Qwen3.5-9B,prompts/stim_paradigm_basic.md,2026-05-03T04:12:37.038714+00:00,2026-05-03T04:12:52.398137+00:00,15.35891,1400,910,2310,,,,,True,8,8,1.0,stop,,/home/ricardo/Documents/Purdue/phd-notes/Spring_2026/STAT-51400/project/outputs/prompts/run_0245.md,/home/ricardo/Documents/Purdue/phd-notes/Spring_2026/STAT-51400/project/outputs/responses/run_0245.json
42,1,21,success,together,moonshotai/Kimi-K2.5,stim_and_mouse_summary,prompts/stim_paradigm_anova.md,,stim_and_mouse_summary,kimi,prompts/stim_paradigm_anova.md,1.0,stim_and_mouse_summary,1800,False,1.0,moonshotai/Kimi-K2.5,prompts/stim_paradigm_anova.md,2026-05-03T04:12:52.398702+00:00,2026-05-03T04:13:11.186954+00:00,18.787732,4025,1292,5317,,,,,True,9,9,1.0,stop,,/home/ricardo/Documents/Purdue/phd-notes/Spring_2026/STAT-51400/project/outputs/prompts/run_0042.md,/home/ricardo/Documents/Purdue/phd-notes/Spring_2026/STAT-51400/project/outputs/responses/run_0042.json
368,3,22,success,together,Qwen/Qwen3.5-9B,stim_summary,prompts/stim_paradigm_predictive.md,,stim_summary,qwen3_5_9b,prompts/stim_paradigm_predictive.md,0.0,stim_summary,1800,False,0.0,Qwen/Qwen3.5-9B,prompts/stim_paradigm_predictive.md,2026-05-03T04:13:11.187452+00:00,2026-05-03T04:13:24.346604+00:00,13.158674,1512,1097,2609,,,,,True,11,11,1.0,stop,,/home/ricardo/Documents/Purdue/phd-notes/Spring_2026/STAT-51400/project/outputs/prompts/run_0368.md,/home/ricardo/Documents/Purdue/phd-notes/Spring_2026/STAT-51400/project/outputs/responses/run_0368.json
388,3,23,success,together,Qwen/Qwen3.5-9B,summary_only,prompts/stim_paradigm_basic.md,,summary_only,qwen3_5_9b,prompts/stim_paradigm_basic.md,0.75,summary_only,1800,False,0.75,Qwen/Qwen3.5-9B,prompts/stim_paradigm_basic.md,2026-05-03T04:13:24.347097+00:00,2026-05-03T04:13:38.842392+00:00,14.494842,1074,880,1954,,,,,True,8,8,1.0,stop,,/home/ricardo/Documents/Purdue/phd-notes/Spring_2026/STAT-51400/project/outputs/prompts/run_0388.md,/home/ricardo/Documents/Purdue/phd-notes/Spring_2026/STAT-51400/project/outputs/responses/run_0388.json
214,2,24,success,together,deepseek-ai/DeepSeek-V3.1,summary_only,prompts/stim_paradigm_predictive.md,,summary_only,deepseek_v3_1,prompts/stim_paradigm_predictive.md,0.75,summary_only,1800,False,0.75,deepseek-ai/DeepSeek-V3.1,prompts/stim_paradigm_predictive.md,2026-05-03T04:13:38.842908+00:00,2026-05-03T04:14:20.858139+00:00,42.014466,1029,1800,2829,,,,,False,11,,,length,,/home/ricardo/Documents/Purdue/phd-notes/Spring_2026/STAT-51400/project/outputs/prompts/run_0214.md,/home/ricardo/Documents/Purdue/phd-notes/Spring_2026/STAT-51400/project/outputs/responses/run_0214.json
222,2,25,success,together,deepseek-ai/DeepSeek-V3.1,stim_and_mouse_summary,prompts/stim_paradigm_anova.md,,stim_and_mouse_summary,deepseek_v3_1,prompts/stim_paradigm_anova.md,1.0,stim_and_mouse_summary,1800,False,1.0,deepseek-ai/DeepSeek-V3.1,prompts/stim_paradigm_anova.md,2026-05-03T04:14:20.858672+00:00,2026-05-03T04:14:34.182978+00:00,13.323857,4083,620,4703,,,,,True,9,9,1.0,stop,,/home/ricardo/Documents/Purdue/phd-notes/Spring_2026/STAT-51400/project/outputs/prompts/run_0222.md,/home/ricardo/Documents/Purdue/phd-notes/Spring_2026/STAT-51400/project/outputs/responses/run_0222.json
39,1,26,success,together,moonshotai/Kimi-K2.5,stim_and_mouse_summary,prompts/stim_paradigm_basic.md,,stim_and_mouse_summary,kimi,prompts/stim_paradigm_basic.md,1.0,stim_and_mouse_summary,1800,False,1.0,moonshotai/Kimi-K2.5,prompts/stim_paradigm_basic.md,2026-05-03T04:14:34.183481+00:00,2026-05-03T04:15:03.836180+00:00,29.652147,3973,1169,5142,,,,,True,8,8,1.0,stop,,/home/ricardo/Documents/Purdue/phd-notes/Spring_2026/STAT-51400/project/outputs/prompts/run_0039.md,/home/ricardo/Documents/Purdue/phd-notes/Spring_2026/STAT-51400/project/outputs/responses/run_0039.json
276,3,27,success,together,moonshotai/Kimi-K2.5,stim_and_mouse_summary,prompts/stim_paradigm_anova.md,,stim_and_mouse_summary,kimi,prompts/stim_paradigm_anova.md,0.0,stim_and_mouse_summary,1800,False,0.0,moonshotai/Kimi-K2.5,prompts/stim_paradigm_anova.md,2026-05-03T04:15:03.836775+00:00,2026-05-03T04:17:03.307939+00:00,119.470575,4025,1380,5405,,,,,True,9,9,1.0,stop,,/home/ricardo/Documents/Purdue/phd-notes/Spring_2026/STAT-51400/project/outputs/prompts/run_0276.md,/home/ricardo/Documents/Purdue/phd-notes/Spring_2026/STAT-51400/project/outputs/responses/run_0276.json
49,1,28,success,together,deepseek-ai/DeepSeek-V3.1,summary_only,prompts/stim_paradigm_anova.md,,summary_only,deepseek_v3_1,prompts/stim_paradigm_anova.md,0.0,summary_only,1800,False,0.0,deepseek-ai/DeepSeek-V3.1,prompts/stim_paradigm_anova.md,2026-05-03T04:17:03.308427+00:00,2026-05-03T04:17:47.928239+00:00,44.618854,961,1800,2761,,,,,False,9,,,length,,/home/ricardo/Documents/Purdue/phd-notes/Spring_2026/STAT-51400/project/outputs/prompts/run_0049.md,/home/ricardo/Documents/Purdue/phd-notes/Spring_2026/STAT-51400/project/outputs/responses/run_0049.json
280,3,29,success,together,moonshotai/Kimi-K2.5,summary_only,prompts/stim_paradigm_basic.md,,summary_only,kimi,prompts/stim_paradigm_basic.md,0.25,summary_only,1800,False,0.25,moonshotai/Kimi-K2.5,prompts/stim_paradigm_basic.md,2026-05-03T04:17:47.928818+00:00,2026-05-03T04:17:58.377751+00:00,10.447694,895,933,1828,,,,,True,8,8,1.0,stop,,/home/ricardo/Documents/Purdue/phd-notes/Spring_2026/STAT-51400/project/outputs/prompts/run_0280.md,/home/ricardo/Documents/Purdue/phd-notes/Spring_2026/STAT-51400/project/outputs/responses/run_0280.json
108,1,30,success,together,Qwen/Qwen3.5-9B,stim_and_mouse_summary,prompts/stim_paradigm_predictive.md,,stim_and_mouse_summary,qwen3_5_9b,prompts/stim_paradigm_predictive.md,0.25,stim_and_mouse_summary,1800,False,0.25,Qwen/Qwen3.5-9B,prompts/stim_paradigm_predictive.md,2026-05-03T04:17:58.378312+00:00,2026-05-03T04:18:31.345035+00:00,32.965636,6276,1202,7478,,,,,True,11,11,1.0,stop,,/home/ricardo/Documents/Purdue/phd-notes/Spring_2026/STAT-51400/project/outputs/prompts/run_0108.md,/home/ricardo/Documents/Purdue/phd-notes/Spring_2026/STAT-51400/project/outputs/responses/run_0108.json
142,2,31,success,together,moonshotai/Kimi-K2.5,summary_only,prompts/stim_paradigm_predictive.md,,summary_only,kimi,prompts/stim_paradigm_predictive.md,0.0,summary_only,1800,False,0.0,moonshotai/Kimi-K2.5,prompts/stim_paradigm_predictive.md,2026-05-03T04:18:31.345521+00:00,2026-05-03T04:18:55.921336+00:00,24.575262,1003,1333,2336,,,,,True,11,11,1.0,stop,,/home/ricardo/Documents/Purdue/phd-notes/Spring_2026/STAT-51400/project/outputs/prompts/run_0142.md,/home/ricardo/Documents/Purdue/phd-notes/Spring_2026/STAT-51400/project/outputs/responses/run_0142.json
174,2,32,success,together,moonshotai/Kimi-K2.5,stim_and_mouse_summary,prompts/stim_paradigm_basic.md,,stim_and_mouse_summary,kimi,prompts/stim_paradigm_basic.md,1.0,stim_and_mouse_summary,1800,False,1.0,moonshotai/Kimi-K2.5,prompts/stim_paradigm_basic.md,2026-05-03T04:18:55.921937+00:00,2026-05-03T04:19:13.150976+00:00,17.228533,3973,1160,5133,,,,,True,8,8,1.0,stop,,/home/ricardo/Documents/Purdue/phd-notes/Spring_2026/STAT-51400/project/outputs/prompts/run_0174.md,/home/ricardo/Documents/Purdue/phd-notes/Spring_2026/STAT-51400/project/outputs/responses/run_0174.json
29,1,33,success,together,moonshotai/Kimi-K2.5,stim_summary,prompts/stim_paradigm_basic.md,,stim_summary,kimi,prompts/stim_paradigm_basic.md,0.75,stim_summary,1800,False,0.75,moonshotai/Kimi-K2.5,prompts/stim_paradigm_basic.md,2026-05-03T04:19:13.151491+00:00,2026-05-03T04:19:30.161021+00:00,17.009083,1109,1118,2227,,,,,True,8,8,1.0,stop,,/home/ricardo/Documents/Purdue/phd-notes/Spring_2026/STAT-51400/project/outputs/prompts/run_0029.md,/home/ricardo/Documents/Purdue/phd-notes/Spring_2026/STAT-51400/project/outputs/responses/run_0029.json
329,3,34,success,together,deepseek-ai/DeepSeek-V3.1,stim_summary,prompts/stim_paradigm_anova.md,,stim_summary,deepseek_v3_1,prompts/stim_paradigm_anova.md,0.25,stim_summary,1800,False,0.25,deepseek-ai/DeepSeek-V3.1,prompts/stim_paradigm_anova.md,2026-05-03T04:19:30.161525+00:00,2026-05-03T04:19:38.791598+00:00,8.629624,1179,446,1625,,,,,True,9,9,1.0,stop,,/home/ricardo/Documents/Purdue/phd-notes/Spring_2026/STAT-51400/project/outputs/prompts/run_0329.md,/home/ricardo/Documents/Purdue/phd-notes/Spring_2026/STAT-51400/project/outputs/responses/run_0329.json
58,1,35,success,together,deepseek-ai/DeepSeek-V3.1,summary_only,prompts/stim_paradigm_anova.md,,summary_only,deepseek_v3_1,prompts/stim_paradigm_anova.md,0.25,summary_only,1800,False,0.25,deepseek-ai/DeepSeek-V3.1,prompts/stim_paradigm_anova.md,2026-05-03T04:19:38.792093+00:00,2026-05-03T04:20:31.193154+00:00,52.400322,961,1800,2761,,,,,False,9,,,length,,/home/ricardo/Documents/Purdue/phd-notes/Spring_2026/STAT-51400/project/outputs/prompts/run_0058.md,/home/ricardo/Documents/Purdue/phd-notes/Spring_2026/STAT-51400/project/outputs/responses/run_0058.json
226,2,36,success,together,Qwen/Qwen3.5-9B,summary_only,prompts/stim_paradigm_basic.md,,summary_only,qwen3_5_9b,prompts/stim_paradigm_basic.md,0.0,summary_only,1800,False,0.0,Qwen/Qwen3.5-9B,prompts/stim_paradigm_basic.md,2026-05-03T04:20:31.193659+00:00,2026-05-03T04:20:47.987231+00:00,16.792874,1073,1118,2191,,,,,True,8,8,1.0,stop,,/home/ricardo/Documents/Purdue/phd-notes/Spring_2026/STAT-51400/project/outputs/prompts/run_0226.md,/home/ricardo/Documents/Purdue/phd-notes/Spring_2026/STAT-51400/project/outputs/responses/run_0226.json
56,1,38,success,together,deepseek-ai/DeepSeek-V3.1,stim_summary,prompts/stim_paradigm_basic.md,,stim_summary,deepseek_v3_1,prompts/stim_paradigm_basic.md,0.25,stim_summary,1800,False,0.25,deepseek-ai/DeepSeek-V3.1,prompts/stim_paradigm_basic.md,2026-05-03T04:23:50.840194+00:00,2026-05-03T04:24:07.257696+00:00,16.417056,1130,668,1798,,,,,True,8,8,1.0,stop,,/home/ricardo/Documents/Purdue/phd-notes/Spring_2026/STAT-51400/project/outputs/prompts/run_0056.md,/home/ricardo/Documents/Purdue/phd-notes/Spring_2026/STAT-51400/project/outputs/responses/run_0056.json
219,2,39,success,together,deepseek-ai/DeepSeek-V3.1,stim_and_mouse_summary,prompts/stim_paradigm_basic.md,,stim_and_mouse_summary,deepseek_v3_1,prompts/stim_paradigm_basic.md,1.0,stim_and_mouse_summary,1800,False,1.0,deepseek-ai/DeepSeek-V3.1,prompts/stim_paradigm_basic.md,2026-05-03T04:24:07.258251+00:00,2026-05-03T04:24:24.256261+00:00,16.997566,4034,681,4715,,,,,True,8,8,1.0,stop,,/home/ricardo/Documents/Purdue/phd-notes/Spring_2026/STAT-51400/project/outputs/prompts/run_0219.md,/home/ricardo/Documents/Purdue/phd-notes/Spring_2026/STAT-51400/project/outputs/responses/run_0219.json
61,1,40,success,together,deepseek-ai/DeepSeek-V3.1,summary_only,prompts/stim_paradigm_predictive.md,,summary_only,deepseek_v3_1,prompts/stim_paradigm_predictive.md,0.25,summary_only,1800,False,0.25,deepseek-ai/DeepSeek-V3.1,prompts/stim_paradigm_predictive.md,2026-05-03T04:24:24.256874+00:00,2026-05-03T04:25:11.155407+00:00,46.897847,1029,1800,2829,,,,,False,11,,,length,,/home/ricardo/Documents/Purdue/phd-notes/Spring_2026/STAT-51400/project/outputs/prompts/run_0061.md,/home/ricardo/Documents/Purdue/phd-notes/Spring_2026/STAT-51400/project/outputs/responses/run_0061.json
208,2,41,success,together,deepseek-ai/DeepSeek-V3.1,summary_only,prompts/stim_paradigm_basic.md,,summary_only,deepseek_v3_1,prompts/stim_paradigm_basic.md,0.75,summary_only,1800,False,0.75,deepseek-ai/DeepSeek-V3.1,prompts/stim_paradigm_basic.md,2026-05-03T04:25:11.155941+00:00,2026-05-03T04:25:21.618572+00:00,10.462187,912,481,1393,,,,,True,8,8,1.0,stop,,/home/ricardo/Documents/Purdue/phd-notes/Spring_2026/STAT-51400/project/outputs/prompts/run_0208.md,/home/ricardo/Documents/Purdue/phd-notes/Spring_2026/STAT-51400/project/outputs/responses/run_0208.json
369,3,43,success,together,Qwen/Qwen3.5-9B,stim_and_mouse_summary,prompts/stim_paradigm_predictive.md,,stim_and_mouse_summary,qwen3_5_9b,prompts/stim_paradigm_predictive.md,0.0,stim_and_mouse_summary,1800,False,0.0,Qwen/Qwen3.5-9B,prompts/stim_paradigm_predictive.md,2026-05-03T04:28:24.566903+00:00,2026-05-03T04:29:04.013226+00:00,39.445898,6275,1196,7471,,,,,True,11,11,1.0,stop,,/home/ricardo/Documents/Purdue/phd-notes/Spring_2026/STAT-51400/project/outputs/prompts/run_0369.md,/home/ricardo/Documents/Purdue/phd-notes/Spring_2026/STAT-51400/project/outputs/responses/run_0369.json
316,3,44,success,together,deepseek-ai/DeepSeek-V3.1,summary_only,prompts/stim_paradigm_basic.md,,summary_only,deepseek_v3_1,prompts/stim_paradigm_basic.md,0.0,summary_only,1800,False,0.0,deepseek-ai/DeepSeek-V3.1,prompts/stim_paradigm_basic.md,2026-05-03T04:29:04.013641+00:00,2026-05-03T04:29:09.136258+00:00,5.122191,912,424,1336,,,,,True,8,8,1.0,stop,,/home/ricardo/Documents/Purdue/phd-notes/Spring_2026/STAT-51400/project/outputs/prompts/run_0316.md,/home/ricardo/Documents/Purdue/phd-notes/Spring_2026/STAT-51400/project/outputs/responses/run_0316.json
330,3,45,success,together,deepseek-ai/DeepSeek-V3.1,stim_and_mouse_summary,prompts/stim_paradigm_anova.md,,stim_and_mouse_summary,deepseek_v3_1,prompts/stim_paradigm_anova.md,0.25,stim_and_mouse_summary,1800,False,0.25,deepseek-ai/DeepSeek-V3.1,prompts/stim_paradigm_anova.md,2026-05-03T04:29:09.136864+00:00,2026-05-03T04:29:24.086341+00:00,14.948788,4083,625,4708,,,,,True,9,9,1.0,stop,,/home/ricardo/Documents/Purdue/phd-notes/Spring_2026/STAT-51400/project/outputs/prompts/run_0330.md,/home/ricardo/Documents/Purdue/phd-notes/Spring_2026/STAT-51400/project/outputs/responses/run_0330.json
65,1,46,success,together,deepseek-ai/DeepSeek-V3.1,stim_summary,prompts/stim_paradigm_basic.md,,stim_summary,deepseek_v3_1,prompts/stim_paradigm_basic.md,0.5,stim_summary,1800,False,0.5,deepseek-ai/DeepSeek-V3.1,prompts/stim_paradigm_basic.md,2026-05-03T04:29:24.086883+00:00,2026-05-03T04:29:36.242855+00:00,12.154886,1130,475,1605,,,,,True,8,8,1.0,stop,,/home/ricardo/Documents/Purdue/phd-notes/Spring_2026/STAT-51400/project/outputs/prompts/run_0065.md,/home/ricardo/Documents/Purdue/phd-notes/Spring_2026/STAT-51400/project/outputs/responses/run_0065.json
97,1,47,success,together,Qwen/Qwen3.5-9B,summary_only,prompts/stim_paradigm_predictive.md,,summary_only,qwen3_5_9b,prompts/stim_paradigm_predictive.md,0.0,summary_only,1800,False,0.0,Qwen/Qwen3.5-9B,prompts/stim_paradigm_predictive.md,2026-05-03T04:29:36.243339+00:00,2026-05-03T04:30:02.792425+00:00,26.548596,1184,942,2126,,,,,True,11,11,1.0,stop,,/home/ricardo/Documents/Purdue/phd-notes/Spring_2026/STAT-51400/project/outputs/prompts/run_0097.md,/home/ricardo/Documents/Purdue/phd-notes/Spring_2026/STAT-51400/project/outputs/responses/run_0097.json
116,1,48,success,together,Qwen/Qwen3.5-9B,stim_summary,prompts/stim_paradigm_predictive.md,,stim_summary,qwen3_5_9b,prompts/stim_paradigm_predictive.md,0.5,stim_summary,1800,False,0.5,Qwen/Qwen3.5-9B,prompts/stim_paradigm_predictive.md,2026-05-03T04:30:02.792972+00:00,2026-05-03T04:30:51.772432+00:00,48.978969,1512,1443,2955,,,,,True,11,11,1.0,stop,,/home/ricardo/Documents/Purdue/phd-notes/Spring_2026/STAT-51400/project/outputs/prompts/run_0116.md,/home/ricardo/Documents/Purdue/phd-notes/Spring_2026/STAT-51400/project/outputs/responses/run_0116.json
311,3,49,success,together,moonshotai/Kimi-K2.5,stim_summary,prompts/stim_paradigm_anova.md,,stim_summary,kimi,prompts/stim_paradigm_anova.md,1.0,stim_summary,1800,False,1.0,moonshotai/Kimi-K2.5,prompts/stim_paradigm_anova.md,2026-05-03T04:30:51.772989+00:00,2026-05-03T04:31:16.916327+00:00,25.142842,1161,1382,2543,,,,,True,9,9,1.0,stop,,/home/ricardo/Documents/Purdue/phd-notes/Spring_2026/STAT-51400/project/outputs/prompts/run_0311.md,/home/ricardo/Documents/Purdue/phd-notes/Spring_2026/STAT-51400/project/outputs/responses/run_0311.json
324,3,50,success,together,deepseek-ai/DeepSeek-V3.1,stim_and_mouse_summary,prompts/stim_paradigm_predictive.md,,stim_and_mouse_summary,deepseek_v3_1,prompts/stim_paradigm_predictive.md,0.0,stim_and_mouse_summary,1800,False,0.0,deepseek-ai/DeepSeek-V3.1,prompts/stim_paradigm_predictive.md,2026-05-03T04:31:16.916919+00:00,2026-05-03T04:31:31.788842+00:00,14.871297,4151,476,4627,,,,,True,11,11,1.0,stop,,/home/ricardo/Documents/Purdue/phd-notes/Spring_2026/STAT-51400/project/outputs/prompts/run_0324.md,/home/ricardo/Documents/Purdue/phd-notes/Spring_2026/STAT-51400/project/outputs/responses/run_0324.json
5,1,51,success,together,moonshotai/Kimi-K2.5,stim_summary,prompts/stim_paradigm_anova.md,,stim_summary,kimi,prompts/stim_paradigm_anova.md,0.0,stim_summary,1800,False,0.0,moonshotai/Kimi-K2.5,prompts/stim_paradigm_anova.md,2026-05-03T04:31:31.789386+00:00,2026-05-03T04:31:45.397565+00:00,13.607658,1161,1596,2757,,,,,True,9,9,1.0,stop,,/home/ricardo/Documents/Purdue/phd-notes/Spring_2026/STAT-51400/project/outputs/prompts/run_0005.md,/home/ricardo/Documents/Purdue/phd-notes/Spring_2026/STAT-51400/project/outputs/responses/run_0005.json
396,3,52,success,together,Qwen/Qwen3.5-9B,stim_and_mouse_summary,prompts/stim_paradigm_predictive.md,,stim_and_mouse_summary,qwen3_5_9b,prompts/stim_paradigm_predictive.md,0.75,stim_and_mouse_summary,1800,False,0.75,Qwen/Qwen3.5-9B,prompts/stim_paradigm_predictive.md,2026-05-03T04:31:45.398101+00:00,2026-05-03T04:32:09.357089+00:00,23.958445,6276,1344,7620,,,,,True,11,11,1.0,stop,,/home/ricardo/Documents/Purdue/phd-notes/Spring_2026/STAT-51400/project/outputs/prompts/run_0396.md,/home/ricardo/Documents/Purdue/phd-notes/Spring_2026/STAT-51400/project/outputs/responses/run_0396.json
317,3,53,success,together,deepseek-ai/DeepSeek-V3.1,stim_summary,prompts/stim_paradigm_basic.md,,stim_summary,deepseek_v3_1,prompts/stim_paradigm_basic.md,0.0,stim_summary,1800,False,0.0,deepseek-ai/DeepSeek-V3.1,prompts/stim_paradigm_basic.md,2026-05-03T04:32:09.357642+00:00,2026-05-03T04:32:23.552495+00:00,14.194406,1130,576,1706,,,,,True,8,8,1.0,stop,,/home/ricardo/Documents/Purdue/phd-notes/Spring_2026/STAT-51400/project/outputs/prompts/run_0317.md,/home/ricardo/Documents/Purdue/phd-notes/Spring_2026/STAT-51400/project/outputs/responses/run_0317.json
362,3,54,success,together,Qwen/Qwen3.5-9B,stim_summary,prompts/stim_paradigm_basic.md,,stim_summary,qwen3_5_9b,prompts/stim_paradigm_basic.md,0.0,stim_summary,1800,False,0.0,Qwen/Qwen3.5-9B,prompts/stim_paradigm_basic.md,2026-05-03T04:32:23.553001+00:00,2026-05-03T04:32:37.618678+00:00,14.065207,1400,1014,2414,,,,,True,8,8,1.0,stop,,/home/ricardo/Documents/Purdue/phd-notes/Spring_2026/STAT-51400/project/outputs/prompts/run_0362.md,/home/ricardo/Documents/Purdue/phd-notes/Spring_2026/STAT-51400/project/outputs/responses/run_0362.json
270,2,55,success,together,Qwen/Qwen3.5-9B,stim_and_mouse_summary,prompts/stim_paradigm_predictive.md,,stim_and_mouse_summary,qwen3_5_9b,prompts/stim_paradigm_predictive.md,1.0,stim_and_mouse_summary,1800,False,1.0,Qwen/Qwen3.5-9B,prompts/stim_paradigm_predictive.md,2026-05-03T04:32:37.619208+00:00,2026-05-03T04:33:26.625834+00:00,49.006087,6275,1421,7696,,,,,True,11,11,1.0,stop,,/home/ricardo/Documents/Purdue/phd-notes/Spring_2026/STAT-51400/project/outputs/prompts/run_0270.md,/home/ricardo/Documents/Purdue/phd-notes/Spring_2026/STAT-51400/project/outputs/responses/run_0270.json
323,3,56,success,together,deepseek-ai/DeepSeek-V3.1,stim_summary,prompts/stim_paradigm_predictive.md,,stim_summary,deepseek_v3_1,prompts/stim_paradigm_predictive.md,0.0,stim_summary,1800,False,0.0,deepseek-ai/DeepSeek-V3.1,prompts/stim_paradigm_predictive.md,2026-05-03T04:33:26.626358+00:00,2026-05-03T04:33:38.855560+00:00,12.22873,1247,451,1698,,,,,True,11,11,1.0,stop,,/home/ricardo/Documents/Purdue/phd-notes/Spring_2026/STAT-51400/project/outputs/prompts/run_0323.md,/home/ricardo/Documents/Purdue/phd-notes/Spring_2026/STAT-51400/project/outputs/responses/run_0323.json
16,1,57,success,together,moonshotai/Kimi-K2.5,summary_only,prompts/stim_paradigm_predictive.md,,summary_only,kimi,prompts/stim_paradigm_predictive.md,0.25,summary_only,1800,False,0.25,moonshotai/Kimi-K2.5,prompts/stim_paradigm_predictive.md,2026-05-03T04:33:38.856087+00:00,2026-05-03T04:33:56.671638+00:00,17.815067,1003,1283,2286,,,,,True,11,11,1.0,stop,,/home/ricardo/Documents/Purdue/phd-notes/Spring_2026/STAT-51400/project/outputs/prompts/run_0016.md,/home/ricardo/Documents/Purdue/phd-notes/Spring_2026/STAT-51400/project/outputs/responses/run_0016.json
74,1,58,success,together,deepseek-ai/DeepSeek-V3.1,stim_summary,prompts/stim_paradigm_basic.md,,stim_summary,deepseek_v3_1,prompts/stim_paradigm_basic.md,0.75,stim_summary,1800,False,0.75,deepseek-ai/DeepSeek-V3.1,prompts/stim_paradigm_basic.md,2026-05-03T04:33:56.672166+00:00,2026-05-03T04:34:14.692493+00:00,18.019943,1130,598,1728,,,,,True,8,8,1.0,stop,,/home/ricardo/Documents/Purdue/phd-notes/Spring_2026/STAT-51400/project/outputs/prompts/run_0074.md,/home/ricardo/Documents/Purdue/phd-notes/Spring_2026/STAT-51400/project/outputs/responses/run_0074.json
289,3,59,success,together,moonshotai/Kimi-K2.5,summary_only,prompts/stim_paradigm_basic.md,,summary_only,kimi,prompts/stim_paradigm_basic.md,0.5,summary_only,1800,False,0.5,moonshotai/Kimi-K2.5,prompts/stim_paradigm_basic.md,2026-05-03T04:34:14.692908+00:00,2026-05-03T04:35:06.045293+00:00,51.351917,895,932,1827,,,,,True,8,8,1.0,stop,,/home/ricardo/Documents/Purdue/phd-notes/Spring_2026/STAT-51400/project/outputs/prompts/run_0289.md,/home/ricardo/Documents/Purdue/phd-notes/Spring_2026/STAT-51400/project/outputs/responses/run_0289.json
357,3,60,success,together,deepseek-ai/DeepSeek-V3.1,stim_and_mouse_summary,prompts/stim_paradigm_anova.md,,stim_and_mouse_summary,deepseek_v3_1,prompts/stim_paradigm_anova.md,1.0,stim_and_mouse_summary,1800,False,1.0,deepseek-ai/DeepSeek-V3.1,prompts/stim_paradigm_anova.md,2026-05-03T04:35:06.045908+00:00,2026-05-03T04:35:21.663800+00:00,15.617192,4083,611,4694,,,,,True,9,9,1.0,stop,,/home/ricardo/Documents/Purdue/phd-notes/Spring_2026/STAT-51400/project/outputs/prompts/run_0357.md,/home/ricardo/Documents/Purdue/phd-notes/Spring_2026/STAT-51400/project/outputs/responses/run_0357.json
63,1,61,success,together,deepseek-ai/DeepSeek-V3.1,stim_and_mouse_summary,prompts/stim_paradigm_predictive.md,,stim_and_mouse_summary,deepseek_v3_1,prompts/stim_paradigm_predictive.md,0.25,stim_and_mouse_summary,1800,False,0.25,deepseek-ai/DeepSeek-V3.1,prompts/stim_paradigm_predictive.md,2026-05-03T04:35:21.664448+00:00,2026-05-03T04:35:35.644306+00:00,13.979397,4151,583,4734,,,,,True,11,11,1.0,stop,,/home/ricardo/Documents/Purdue/phd-notes/Spring_2026/STAT-51400/project/outputs/prompts/run_0063.md,/home/ricardo/Documents/Purdue/phd-notes/Spring_2026/STAT-51400/project/outputs/responses/run_0063.json
100,1,62,success,together,Qwen/Qwen3.5-9B,summary_only,prompts/stim_paradigm_basic.md,,summary_only,qwen3_5_9b,prompts/stim_paradigm_basic.md,0.25,summary_only,1800,False,0.25,Qwen/Qwen3.5-9B,prompts/stim_paradigm_basic.md,2026-05-03T04:35:35.644830+00:00,2026-05-03T04:35:48.902953+00:00,13.257639,1074,1098,2172,,,,,True,8,8,1.0,stop,,/home/ricardo/Documents/Purdue/phd-notes/Spring_2026/STAT-51400/project/outputs/prompts/run_0100.md,/home/ricardo/Documents/Purdue/phd-notes/Spring_2026/STAT-51400/project/outputs/responses/run_0100.json
121,1,63,success,together,Qwen/Qwen3.5-9B,summary_only,prompts/stim_paradigm_anova.md,,summary_only,qwen3_5_9b,prompts/stim_paradigm_anova.md,0.75,summary_only,1800,False,0.75,Qwen/Qwen3.5-9B,prompts/stim_paradigm_anova.md,2026-05-03T04:35:48.903474+00:00,2026-05-03T04:36:03.900213+00:00,14.996254,1127,1109,2236,,,,,True,9,9,1.0,stop,,/home/ricardo/Documents/Purdue/phd-notes/Spring_2026/STAT-51400/project/outputs/prompts/run_0121.md,/home/ricardo/Documents/Purdue/phd-notes/Spring_2026/STAT-51400/project/outputs/responses/run_0121.json
353,3,64,success,together,deepseek-ai/DeepSeek-V3.1,stim_summary,prompts/stim_paradigm_basic.md,,stim_summary,deepseek_v3_1,prompts/stim_paradigm_basic.md,1.0,stim_summary,1800,False,1.0,deepseek-ai/DeepSeek-V3.1,prompts/stim_paradigm_basic.md,2026-05-03T04:36:03.900755+00:00,2026-05-03T04:36:21.058419+00:00,17.157232,1130,684,1814,,,,,True,8,8,1.0,stop,,/home/ricardo/Documents/Purdue/phd-notes/Spring_2026/STAT-51400/project/outputs/prompts/run_0353.md,/home/ricardo/Documents/Purdue/phd-notes/Spring_2026/STAT-51400/project/outputs/responses/run_0353.json
134,1,65,success,together,Qwen/Qwen3.5-9B,stim_summary,prompts/stim_paradigm_predictive.md,,stim_summary,qwen3_5_9b,prompts/stim_paradigm_predictive.md,1.0,stim_summary,1800,False,1.0,Qwen/Qwen3.5-9B,prompts/stim_paradigm_predictive.md,2026-05-03T04:36:21.058964+00:00,2026-05-03T04:36:32.116747+00:00,11.05706,1512,1078,2590,,,,,True,11,11,1.0,stop,,/home/ricardo/Documents/Purdue/phd-notes/Spring_2026/STAT-51400/project/outputs/prompts/run_0134.md,/home/ricardo/Documents/Purdue/phd-notes/Spring_2026/STAT-51400/project/outputs/responses/run_0134.json
50,1,67,success,together,deepseek-ai/DeepSeek-V3.1,stim_summary,prompts/stim_paradigm_anova.md,,stim_summary,deepseek_v3_1,prompts/stim_paradigm_anova.md,0.0,stim_summary,1800,False,0.0,deepseek-ai/DeepSeek-V3.1,prompts/stim_paradigm_anova.md,2026-05-03T04:39:35.344727+00:00,2026-05-03T04:39:40.941400+00:00,5.596221,1179,391,1570,,,,,True,9,9,1.0,stop,,/home/ricardo/Documents/Purdue/phd-notes/Spring_2026/STAT-51400/project/outputs/prompts/run_0050.md,/home/ricardo/Documents/Purdue/phd-notes/Spring_2026/STAT-51400/project/outputs/responses/run_0050.json
376,3,68,success,together,Qwen/Qwen3.5-9B,summary_only,prompts/stim_paradigm_predictive.md,,summary_only,qwen3_5_9b,prompts/stim_paradigm_predictive.md,0.25,summary_only,1800,False,0.25,Qwen/Qwen3.5-9B,prompts/stim_paradigm_predictive.md,2026-05-03T04:39:40.941926+00:00,2026-05-03T04:40:05.172494+00:00,24.229909,1186,1013,2199,,,,,True,11,11,1.0,stop,,/home/ricardo/Documents/Purdue/phd-notes/Spring_2026/STAT-51400/project/outputs/prompts/run_0376.md,/home/ricardo/Documents/Purdue/phd-notes/Spring_2026/STAT-51400/project/outputs/responses/run_0376.json
196,2,69,success,together,deepseek-ai/DeepSeek-V3.1,summary_only,prompts/stim_paradigm_predictive.md,,summary_only,deepseek_v3_1,prompts/stim_paradigm_predictive.md,0.25,summary_only,1800,False,0.25,deepseek-ai/DeepSeek-V3.1,prompts/stim_paradigm_predictive.md,2026-05-03T04:40:05.173088+00:00,2026-05-03T04:40:16.989307+00:00,11.81579,1029,572,1601,,,,,True,11,11,1.0,stop,,/home/ricardo/Documents/Purdue/phd-notes/Spring_2026/STAT-51400/project/outputs/prompts/run_0196.md,/home/ricardo/Documents/Purdue/phd-notes/Spring_2026/STAT-51400/project/outputs/responses/run_0196.json
202,2,70,success,together,deepseek-ai/DeepSeek-V3.1,summary_only,prompts/stim_paradigm_anova.md,,summary_only,deepseek_v3_1,prompts/stim_paradigm_anova.md,0.5,summary_only,1800,False,0.5,deepseek-ai/DeepSeek-V3.1,prompts/stim_paradigm_anova.md,2026-05-03T04:40:16.989833+00:00,2026-05-03T04:40:24.511097+00:00,7.520809,961,493,1454,,,,,True,9,9,1.0,stop,,/home/ricardo/Documents/Purdue/phd-notes/Spring_2026/STAT-51400/project/outputs/prompts/run_0202.md,/home/ricardo/Documents/Purdue/phd-notes/Spring_2026/STAT-51400/project/outputs/responses/run_0202.json
390,3,71,success,together,Qwen/Qwen3.5-9B,stim_and_mouse_summary,prompts/stim_paradigm_basic.md,,stim_and_mouse_summary,qwen3_5_9b,prompts/stim_paradigm_basic.md,0.75,stim_and_mouse_summary,1800,False,0.75,Qwen/Qwen3.5-9B,prompts/stim_paradigm_basic.md,2026-05-03T04:40:24.512110+00:00,2026-05-03T04:40:58.407823+00:00,33.895197,6164,1135,7299,,,,,True,8,8,1.0,stop,,/home/ricardo/Documents/Purdue/phd-notes/Spring_2026/STAT-51400/project/outputs/prompts/run_0390.md,/home/ricardo/Documents/Purdue/phd-notes/Spring_2026/STAT-51400/project/outputs/responses/run_0390.json
298,3,72,success,together,moonshotai/Kimi-K2.5,summary_only,prompts/stim_paradigm_basic.md,,summary_only,kimi,prompts/stim_paradigm_basic.md,0.75,summary_only,1800,False,0.75,moonshotai/Kimi-K2.5,prompts/stim_paradigm_basic.md,2026-05-03T04:40:58.408303+00:00,2026-05-03T04:41:27.437686+00:00,29.028619,895,994,1889,,,,,True,8,8,1.0,stop,,/home/ricardo/Documents/Purdue/phd-notes/Spring_2026/STAT-51400/project/outputs/prompts/run_0298.md,/home/ricardo/Documents/Purdue/phd-notes/Spring_2026/STAT-51400/project/outputs/responses/run_0298.json
385,3,73,success,together,Qwen/Qwen3.5-9B,summary_only,prompts/stim_paradigm_predictive.md,,summary_only,qwen3_5_9b,prompts/stim_paradigm_predictive.md,0.5,summary_only,1800,False,0.5,Qwen/Qwen3.5-9B,prompts/stim_paradigm_predictive.md,2026-05-03T04:41:27.438237+00:00,2026-05-03T04:41:39.318121+00:00,11.879394,1185,995,2180,,,,,True,11,11,1.0,stop,,/home/ricardo/Documents/Purdue/phd-notes/Spring_2026/STAT-51400/project/outputs/prompts/run_0385.md,/home/ricardo/Documents/Purdue/phd-notes/Spring_2026/STAT-51400/project/outputs/responses/run_0385.json
397,3,74,success,together,Qwen/Qwen3.5-9B,summary_only,prompts/stim_paradigm_basic.md,,summary_only,qwen3_5_9b,prompts/stim_paradigm_basic.md,1.0,summary_only,1800,False,1.0,Qwen/Qwen3.5-9B,prompts/stim_paradigm_basic.md,2026-05-03T04:41:39.318651+00:00,2026-05-03T04:42:05.326177+00:00,26.007099,1073,890,1963,,,,,True,8,8,1.0,stop,,/home/ricardo/Documents/Purdue/phd-notes/Spring_2026/STAT-51400/project/outputs/prompts/run_0397.md,/home/ricardo/Documents/Purdue/phd-notes/Spring_2026/STAT-51400/project/outputs/responses/run_0397.json
326,3,75,success,together,deepseek-ai/DeepSeek-V3.1,stim_summary,prompts/stim_paradigm_basic.md,,stim_summary,deepseek_v3_1,prompts/stim_paradigm_basic.md,0.25,stim_summary,1800,False,0.25,deepseek-ai/DeepSeek-V3.1,prompts/stim_paradigm_basic.md,2026-05-03T04:42:05.326695+00:00,2026-05-03T04:42:13.518551+00:00,8.191419,1130,542,1672,,,,,True,8,8,1.0,stop,,/home/ricardo/Documents/Purdue/phd-notes/Spring_2026/STAT-51400/project/outputs/prompts/run_0326.md,/home/ricardo/Documents/Purdue/phd-notes/Spring_2026/STAT-51400/project/outputs/responses/run_0326.json
373,3,76,success,together,Qwen/Qwen3.5-9B,summary_only,prompts/stim_paradigm_anova.md,,summary_only,qwen3_5_9b,prompts/stim_paradigm_anova.md,0.25,summary_only,1800,False,0.25,Qwen/Qwen3.5-9B,prompts/stim_paradigm_anova.md,2026-05-03T04:42:13.519075+00:00,2026-05-03T04:42:24.372086+00:00,10.852316,1127,1114,2241,,,,,True,9,9,1.0,stop,,/home/ricardo/Documents/Purdue/phd-notes/Spring_2026/STAT-51400/project/outputs/prompts/run_0373.md,/home/ricardo/Documents/Purdue/phd-notes/Spring_2026/STAT-51400/project/outputs/responses/run_0373.json
293,3,77,success,together,moonshotai/Kimi-K2.5,stim_summary,prompts/stim_paradigm_anova.md,,stim_summary,kimi,prompts/stim_paradigm_anova.md,0.5,stim_summary,1800,False,0.5,moonshotai/Kimi-K2.5,prompts/stim_paradigm_anova.md,2026-05-03T04:42:24.372718+00:00,2026-05-03T04:43:08.609933+00:00,44.236675,1161,1431,2592,,,,,True,9,9,1.0,stop,,/home/ricardo/Documents/Purdue/phd-notes/Spring_2026/STAT-51400/project/outputs/prompts/run_0293.md,/home/ricardo/Documents/Purdue/phd-notes/Spring_2026/STAT-51400/project/outputs/responses/run_0293.json
273,3,78,success,together,moonshotai/Kimi-K2.5,stim_and_mouse_summary,prompts/stim_paradigm_basic.md,,stim_and_mouse_summary,kimi,prompts/stim_paradigm_basic.md,0.0,stim_and_mouse_summary,1800,False,0.0,moonshotai/Kimi-K2.5,prompts/stim_paradigm_basic.md,2026-05-03T04:43:08.610531+00:00,2026-05-03T04:43:32.774767+00:00,24.163687,3973,1286,5259,,,,,True,8,8,1.0,stop,,/home/ricardo/Documents/Purdue/phd-notes/Spring_2026/STAT-51400/project/outputs/prompts/run_0273.md,/home/ricardo/Documents/Purdue/phd-notes/Spring_2026/STAT-51400/project/outputs/responses/run_0273.json
403,3,79,success,together,Qwen/Qwen3.5-9B,summary_only,prompts/stim_paradigm_predictive.md,,summary_only,qwen3_5_9b,prompts/stim_paradigm_predictive.md,1.0,summary_only,1800,False,1.0,Qwen/Qwen3.5-9B,prompts/stim_paradigm_predictive.md,2026-05-03T04:43:32.775263+00:00,2026-05-03T04:43:44.039367+00:00,11.26362,1185,1319,2504,,,,,True,11,11,1.0,stop,,/home/ricardo/Documents/Purdue/phd-notes/Spring_2026/STAT-51400/project/outputs/prompts/run_0403.md,/home/ricardo/Documents/Purdue/phd-notes/Spring_2026/STAT-51400/project/outputs/responses/run_0403.json
143,2,80,success,together,moonshotai/Kimi-K2.5,stim_summary,prompts/stim_paradigm_predictive.md,,stim_summary,kimi,prompts/stim_paradigm_predictive.md,0.0,stim_summary,1800,False,0.0,moonshotai/Kimi-K2.5,prompts/stim_paradigm_predictive.md,2026-05-03T04:43:44.039916+00:00,2026-05-03T04:44:02.104367+00:00,18.063972,1217,1313,2530,,,,,True,11,11,1.0,stop,,/home/ricardo/Documents/Purdue/phd-notes/Spring_2026/STAT-51400/project/outputs/prompts/run_0143.md,/home/ricardo/Documents/Purdue/phd-notes/Spring_2026/STAT-51400/project/outputs/responses/run_0143.json
221,2,81,success,together,deepseek-ai/DeepSeek-V3.1,stim_summary,prompts/stim_paradigm_anova.md,,stim_summary,deepseek_v3_1,prompts/stim_paradigm_anova.md,1.0,stim_summary,1800,False,1.0,deepseek-ai/DeepSeek-V3.1,prompts/stim_paradigm_anova.md,2026-05-03T04:44:02.104863+00:00,2026-05-03T04:44:12.331438+00:00,10.195716,1179,481,1660,,,,,True,9,9,1.0,stop,,/home/ricardo/Documents/Purdue/phd-notes/Spring_2026/STAT-51400/project/outputs/prompts/run_0221.md,/home/ricardo/Documents/Purdue/phd-notes/Spring_2026/STAT-51400/project/outputs/responses/run_0221.json
354,3,82,success,together,deepseek-ai/DeepSeek-V3.1,stim_and_mouse_summary,prompts/stim_paradigm_basic.md,,stim_and_mouse_summary,deepseek_v3_1,prompts/stim_paradigm_basic.md,1.0,stim_and_mouse_summary,1800,False,1.0,deepseek-ai/DeepSeek-V3.1,prompts/stim_paradigm_basic.md,2026-05-03T04:44:12.332182+00:00,2026-05-03T04:44:26.434167+00:00,14.101526,4034,653,4687,,,,,True,8,8,1.0,stop,,/home/ricardo/Documents/Purdue/phd-notes/Spring_2026/STAT-51400/project/outputs/prompts/run_0354.md,/home/ricardo/Documents/Purdue/phd-notes/Spring_2026/STAT-51400/project/outputs/responses/run_0354.json
400,3,83,success,together,Qwen/Qwen3.5-9B,summary_only,prompts/stim_paradigm_anova.md,,summary_only,qwen3_5_9b,prompts/stim_paradigm_anova.md,1.0,summary_only,1800,False,1.0,Qwen/Qwen3.5-9B,prompts/stim_paradigm_anova.md,2026-05-03T04:44:26.434696+00:00,2026-05-03T04:44:44.046413+00:00,17.611221,1126,1242,2368,,,,,True,9,9,1.0,stop,,/home/ricardo/Documents/Purdue/phd-notes/Spring_2026/STAT-51400/project/outputs/prompts/run_0400.md,/home/ricardo/Documents/Purdue/phd-notes/Spring_2026/STAT-51400/project/outputs/responses/run_0400.json
156,2,84,success,together,moonshotai/Kimi-K2.5,stim_and_mouse_summary,prompts/stim_paradigm_basic.md,,stim_and_mouse_summary,kimi,prompts/stim_paradigm_basic.md,0.5,stim_and_mouse_summary,1800,False,0.5,moonshotai/Kimi-K2.5,prompts/stim_paradigm_basic.md,2026-05-03T04:44:44.046995+00:00,2026-05-03T04:44:57.971928+00:00,13.924056,3973,1344,5317,,,,,True,8,8,1.0,stop,,/home/ricardo/Documents/Purdue/phd-notes/Spring_2026/STAT-51400/project/outputs/prompts/run_0156.md,/home/ricardo/Documents/Purdue/phd-notes/Spring_2026/STAT-51400/project/outputs/responses/run_0156.json
148,2,85,success,together,moonshotai/Kimi-K2.5,summary_only,prompts/stim_paradigm_anova.md,,summary_only,kimi,prompts/stim_paradigm_anova.md,0.25,summary_only,1800,False,0.25,moonshotai/Kimi-K2.5,prompts/stim_paradigm_anova.md,2026-05-03T04:44:57.972521+00:00,2026-05-03T04:45:18.452447+00:00,20.479289,947,1187,2134,,,,,True,9,9,1.0,stop,,/home/ricardo/Documents/Purdue/phd-notes/Spring_2026/STAT-51400/project/outputs/prompts/run_0148.md,/home/ricardo/Documents/Purdue/phd-notes/Spring_2026/STAT-51400/project/outputs/responses/run_0148.json
250,2,86,success,together,Qwen/Qwen3.5-9B,summary_only,prompts/stim_paradigm_predictive.md,,summary_only,qwen3_5_9b,prompts/stim_paradigm_predictive.md,0.5,summary_only,1800,False,0.5,Qwen/Qwen3.5-9B,prompts/stim_paradigm_predictive.md,2026-05-03T04:45:18.453019+00:00,2026-05-03T04:45:35.040957+00:00,16.587468,1185,1254,2439,,,,,True,11,11,1.0,stop,,/home/ricardo/Documents/Purdue/phd-notes/Spring_2026/STAT-51400/project/outputs/prompts/run_0250.md,/home/ricardo/Documents/Purdue/phd-notes/Spring_2026/STAT-51400/project/outputs/responses/run_0250.json
6,1,87,success,together,moonshotai/Kimi-K2.5,stim_and_mouse_summary,prompts/stim_paradigm_anova.md,,stim_and_mouse_summary,kimi,prompts/stim_paradigm_anova.md,0.0,stim_and_mouse_summary,1800,False,0.0,moonshotai/Kimi-K2.5,prompts/stim_paradigm_anova.md,2026-05-03T04:45:35.041565+00:00,2026-05-03T04:45:55.556877+00:00,20.514506,4025,1243,5268,,,,,True,9,9,1.0,stop,,/home/ricardo/Documents/Purdue/phd-notes/Spring_2026/STAT-51400/project/outputs/prompts/run_0006.md,/home/ricardo/Documents/Purdue/phd-notes/Spring_2026/STAT-51400/project/outputs/responses/run_0006.json
137,2,88,success,together,moonshotai/Kimi-K2.5,stim_summary,prompts/stim_paradigm_basic.md,,stim_summary,kimi,prompts/stim_paradigm_basic.md,0.0,stim_summary,1800,False,0.0,moonshotai/Kimi-K2.5,prompts/stim_paradigm_basic.md,2026-05-03T04:45:55.557510+00:00,2026-05-03T04:46:10.715973+00:00,15.157913,1109,1146,2255,,,,,True,8,8,1.0,stop,,/home/ricardo/Documents/Purdue/phd-notes/Spring_2026/STAT-51400/project/outputs/prompts/run_0137.md,/home/ricardo/Documents/Purdue/phd-notes/Spring_2026/STAT-51400/project/outputs/responses/run_0137.json
145,2,89,success,together,moonshotai/Kimi-K2.5,summary_only,prompts/stim_paradigm_basic.md,,summary_only,kimi,prompts/stim_paradigm_basic.md,0.25,summary_only,1800,False,0.25,moonshotai/Kimi-K2.5,prompts/stim_paradigm_basic.md,2026-05-03T04:46:10.716482+00:00,2026-05-03T04:46:22.553896+00:00,11.836739,895,977,1872,,,,,True,8,8,1.0,stop,,/home/ricardo/Documents/Purdue/phd-notes/Spring_2026/STAT-51400/project/outputs/prompts/run_0145.md,/home/ricardo/Documents/Purdue/phd-notes/Spring_2026/STAT-51400/project/outputs/responses/run_0145.json
197,2,90,success,together,deepseek-ai/DeepSeek-V3.1,stim_summary,prompts/stim_paradigm_predictive.md,,stim_summary,deepseek_v3_1,prompts/stim_paradigm_predictive.md,0.25,stim_summary,1800,False,0.25,deepseek-ai/DeepSeek-V3.1,prompts/stim_paradigm_predictive.md,2026-05-03T04:46:22.554522+00:00,2026-05-03T04:46:31.568178+00:00,9.013196,1247,391,1638,,,,,True,11,11,1.0,stop,,/home/ricardo/Documents/Purdue/phd-notes/Spring_2026/STAT-51400/project/outputs/prompts/run_0197.md,/home/ricardo/Documents/Purdue/phd-notes/Spring_2026/STAT-51400/project/outputs/responses/run_0197.json
399,3,91,success,together,Qwen/Qwen3.5-9B,stim_and_mouse_summary,prompts/stim_paradigm_basic.md,,stim_and_mouse_summary,qwen3_5_9b,prompts/stim_paradigm_basic.md,1.0,stim_and_mouse_summary,1800,False,1.0,Qwen/Qwen3.5-9B,prompts/stim_paradigm_basic.md,2026-05-03T04:46:31.568832+00:00,2026-05-03T04:46:41.599909+00:00,10.03058,6163,824,6987,,,,,True,8,8,1.0,stop,,/home/ricardo/Documents/Purdue/phd-notes/Spring_2026/STAT-51400/project/outputs/prompts/run_0399.md,/home/ricardo/Documents/Purdue/phd-notes/Spring_2026/STAT-51400/project/outputs/responses/run_0399.json
175,2,92,success,together,moonshotai/Kimi-K2.5,summary_only,prompts/stim_paradigm_anova.md,,summary_only,kimi,prompts/stim_paradigm_anova.md,1.0,summary_only,1800,False,1.0,moonshotai/Kimi-K2.5,prompts/stim_paradigm_anova.md,2026-05-03T04:46:41.600422+00:00,2026-05-03T04:47:15.597578+00:00,33.996572,947,1198,2145,,,,,True,9,9,1.0,stop,,/home/ricardo/Documents/Purdue/phd-notes/Spring_2026/STAT-51400/project/outputs/prompts/run_0175.md,/home/ricardo/Documents/Purdue/phd-notes/Spring_2026/STAT-51400/project/outputs/responses/run_0175.json
34,1,93,success,together,moonshotai/Kimi-K2.5,summary_only,prompts/stim_paradigm_predictive.md,,summary_only,kimi,prompts/stim_paradigm_predictive.md,0.75,summary_only,1800,False,0.75,moonshotai/Kimi-K2.5,prompts/stim_paradigm_predictive.md,2026-05-03T04:47:15.598038+00:00,2026-05-03T04:48:09.051582+00:00,53.45282,1003,1270,2273,,,,,True,11,11,1.0,stop,,/home/ricardo/Documents/Purdue/phd-notes/Spring_2026/STAT-51400/project/outputs/prompts/run_0034.md,/home/ricardo/Documents/Purdue/phd-notes/Spring_2026/STAT-51400/project/outputs/responses/run_0034.json
391,3,94,success,together,Qwen/Qwen3.5-9B,summary_only,prompts/stim_paradigm_anova.md,,summary_only,qwen3_5_9b,prompts/stim_paradigm_anova.md,0.75,summary_only,1800,False,0.75,Qwen/Qwen3.5-9B,prompts/stim_paradigm_anova.md,2026-05-03T04:48:09.052123+00:00,2026-05-03T04:48:26.869033+00:00,17.816445,1127,1034,2161,,,,,True,9,9,1.0,stop,,/home/ricardo/Documents/Purdue/phd-notes/Spring_2026/STAT-51400/project/outputs/prompts/run_0391.md,/home/ricardo/Documents/Purdue/phd-notes/Spring_2026/STAT-51400/project/outputs/responses/run_0391.json
30,1,95,success,together,moonshotai/Kimi-K2.5,stim_and_mouse_summary,prompts/stim_paradigm_basic.md,,stim_and_mouse_summary,kimi,prompts/stim_paradigm_basic.md,0.75,stim_and_mouse_summary,1800,False,0.75,moonshotai/Kimi-K2.5,prompts/stim_paradigm_basic.md,2026-05-03T04:48:26.869649+00:00,2026-05-03T04:49:08.647512+00:00,41.777304,3973,1305,5278,,,,,True,8,8,1.0,stop,,/home/ricardo/Documents/Purdue/phd-notes/Spring_2026/STAT-51400/project/outputs/prompts/run_0030.md,/home/ricardo/Documents/Purdue/phd-notes/Spring_2026/STAT-51400/project/outputs/responses/run_0030.json
200,2,96,success,together,deepseek-ai/DeepSeek-V3.1,stim_summary,prompts/stim_paradigm_basic.md,,stim_summary,deepseek_v3_1,prompts/stim_paradigm_basic.md,0.5,stim_summary,1800,False,0.5,deepseek-ai/DeepSeek-V3.1,prompts/stim_paradigm_basic.md,2026-05-03T04:49:08.648048+00:00,2026-05-03T04:49:56.980799+00:00,48.331992,1130,1800,2930,,,,,False,8,,,length,,/home/ricardo/Documents/Purdue/phd-notes/Spring_2026/STAT-51400/project/outputs/prompts/run_0200.md,/home/ricardo/Documents/Purdue/phd-notes/Spring_2026/STAT-51400/project/outputs/responses/run_0200.json
260,2,97,success,together,Qwen/Qwen3.5-9B,stim_summary,prompts/stim_paradigm_predictive.md,,stim_summary,qwen3_5_9b,prompts/stim_paradigm_predictive.md,0.75,stim_summary,1800,False,0.75,Qwen/Qwen3.5-9B,prompts/stim_paradigm_predictive.md,2026-05-03T04:49:56.981332+00:00,2026-05-03T04:50:19.509347+00:00,22.527357,1513,1356,2869,,,,,True,11,11,1.0,stop,,/home/ricardo/Documents/Purdue/phd-notes/Spring_2026/STAT-51400/project/outputs/prompts/run_0260.md,/home/ricardo/Documents/Purdue/phd-notes/Spring_2026/STAT-51400/project/outputs/responses/run_0260.json
173,2,98,success,together,moonshotai/Kimi-K2.5,stim_summary,prompts/stim_paradigm_basic.md,,stim_summary,kimi,prompts/stim_paradigm_basic.md,1.0,stim_summary,1800,False,1.0,moonshotai/Kimi-K2.5,prompts/stim_paradigm_basic.md,2026-05-03T04:50:19.509707+00:00,2026-05-03T04:50:37.734886+00:00,18.224653,1109,1207,2316,,,,,True,8,8,1.0,stop,,/home/ricardo/Documents/Purdue/phd-notes/Spring_2026/STAT-51400/project/outputs/prompts/run_0173.md,/home/ricardo/Documents/Purdue/phd-notes/Spring_2026/STAT-51400/project/outputs/responses/run_0173.json
256,2,99,success,together,Qwen/Qwen3.5-9B,summary_only,prompts/stim_paradigm_anova.md,,summary_only,qwen3_5_9b,prompts/stim_paradigm_anova.md,0.75,summary_only,1800,False,0.75,Qwen/Qwen3.5-9B,prompts/stim_paradigm_anova.md,2026-05-03T04:50:37.735374+00:00,2026-05-03T04:51:00.061840+00:00,22.32599,1127,1056,2183,,,,,True,9,9,1.0,stop,,/home/ricardo/Documents/Purdue/phd-notes/Spring_2026/STAT-51400/project/outputs/prompts/run_0256.md,/home/ricardo/Documents/Purdue/phd-notes/Spring_2026/STAT-51400/project/outputs/responses/run_0256.json
53,1,100,success,together,deepseek-ai/DeepSeek-V3.1,stim_summary,prompts/stim_paradigm_predictive.md,,stim_summary,deepseek_v3_1,prompts/stim_paradigm_predictive.md,0.0,stim_summary,1800,False,0.0,deepseek-ai/DeepSeek-V3.1,prompts/stim_paradigm_predictive.md,2026-05-03T04:51:00.062369+00:00,2026-05-03T04:51:14.226281+00:00,14.130336,1247,585,1832,,,,,True,11,11,1.0,stop,,/home/ricardo/Documents/Purdue/phd-notes/Spring_2026/STAT-51400/project/outputs/prompts/run_0053.md,/home/ricardo/Documents/Purdue/phd-notes/Spring_2026/STAT-51400/project/outputs/responses/run_0053.json
297,3,101,success,together,moonshotai/Kimi-K2.5,stim_and_mouse_summary,prompts/stim_paradigm_predictive.md,,stim_and_mouse_summary,kimi,prompts/stim_paradigm_predictive.md,0.5,stim_and_mouse_summary,1800,False,0.5,moonshotai/Kimi-K2.5,prompts/stim_paradigm_predictive.md,2026-05-03T04:51:14.227820+00:00,2026-05-03T04:51:39.996071+00:00,25.767826,4081,1639,5720,,,,,True,11,11,1.0,stop,,/home/ricardo/Documents/Purdue/phd-notes/Spring_2026/STAT-51400/project/outputs/prompts/run_0297.md,/home/ricardo/Documents/Purdue/phd-notes/Spring_2026/STAT-51400/project/outputs/responses/run_0297.json
190,2,102,success,together,deepseek-ai/DeepSeek-V3.1,summary_only,prompts/stim_paradigm_basic.md,,summary_only,deepseek_v3_1,prompts/stim_paradigm_basic.md,0.25,summary_only,1800,False,0.25,deepseek-ai/DeepSeek-V3.1,prompts/stim_paradigm_basic.md,2026-05-03T04:51:39.996426+00:00,2026-05-03T04:51:52.695928+00:00,12.698891,912,442,1354,,,,,True,8,8,1.0,stop,,/home/ricardo/Documents/Purdue/phd-notes/Spring_2026/STAT-51400/project/outputs/prompts/run_0190.md,/home/ricardo/Documents/Purdue/phd-notes/Spring_2026/STAT-51400/project/outputs/responses/run_0190.json
120,1,103,success,together,Qwen/Qwen3.5-9B,stim_and_mouse_summary,prompts/stim_paradigm_basic.md,,stim_and_mouse_summary,qwen3_5_9b,prompts/stim_paradigm_basic.md,0.75,stim_and_mouse_summary,1800,False,0.75,Qwen/Qwen3.5-9B,prompts/stim_paradigm_basic.md,2026-05-03T04:51:52.696507+00:00,2026-05-03T04:52:12.151416+00:00,19.453682,6164,1052,7216,,,,,True,8,8,1.0,stop,,/home/ricardo/Documents/Purdue/phd-notes/Spring_2026/STAT-51400/project/outputs/prompts/run_0120.md,/home/ricardo/Documents/Purdue/phd-notes/Spring_2026/STAT-51400/project/outputs/responses/run_0120.json
130,1,104,success,together,Qwen/Qwen3.5-9B,summary_only,prompts/stim_paradigm_anova.md,,summary_only,qwen3_5_9b,prompts/stim_paradigm_anova.md,1.0,summary_only,1800,False,1.0,Qwen/Qwen3.5-9B,prompts/stim_paradigm_anova.md,2026-05-03T04:52:12.151906+00:00,2026-05-03T04:52:33.243415+00:00,21.090895,1126,1083,2209,,,,,True,9,9,1.0,stop,,/home/ricardo/Documents/Purdue/phd-notes/Spring_2026/STAT-51400/project/outputs/prompts/run_0130.md,/home/ricardo/Documents/Purdue/phd-notes/Spring_2026/STAT-51400/project/outputs/responses/run_0130.json
290,3,105,success,together,moonshotai/Kimi-K2.5,stim_summary,prompts/stim_paradigm_basic.md,,stim_summary,kimi,prompts/stim_paradigm_basic.md,0.5,stim_summary,1800,False,0.5,moonshotai/Kimi-K2.5,prompts/stim_paradigm_basic.md,2026-05-03T04:52:33.243992+00:00,2026-05-03T04:52:48.808672+00:00,15.563975,1109,1122,2231,,,,,True,8,8,1.0,stop,,/home/ricardo/Documents/Purdue/phd-notes/Spring_2026/STAT-51400/project/outputs/prompts/run_0290.md,/home/ricardo/Documents/Purdue/phd-notes/Spring_2026/STAT-51400/project/outputs/responses/run_0290.json
147,2,106,success,together,moonshotai/Kimi-K2.5,stim_and_mouse_summary,prompts/stim_paradigm_basic.md,,stim_and_mouse_summary,kimi,prompts/stim_paradigm_basic.md,0.25,stim_and_mouse_summary,1800,False,0.25,moonshotai/Kimi-K2.5,prompts/stim_paradigm_basic.md,2026-05-03T04:52:48.809227+00:00,2026-05-03T04:53:02.187225+00:00,13.377302,3973,1232,5205,,,,,True,8,8,1.0,stop,,/home/ricardo/Documents/Purdue/phd-notes/Spring_2026/STAT-51400/project/outputs/prompts/run_0147.md,/home/ricardo/Documents/Purdue/phd-notes/Spring_2026/STAT-51400/project/outputs/responses/run_0147.json
395,3,107,success,together,Qwen/Qwen3.5-9B,stim_summary,prompts/stim_paradigm_predictive.md,,stim_summary,qwen3_5_9b,prompts/stim_paradigm_predictive.md,0.75,stim_summary,1800,False,0.75,Qwen/Qwen3.5-9B,prompts/stim_paradigm_predictive.md,2026-05-03T04:53:02.187870+00:00,2026-05-03T04:53:30.825426+00:00,28.60374,1513,1255,2768,,,,,True,11,11,1.0,stop,,/home/ricardo/Documents/Purdue/phd-notes/Spring_2026/STAT-51400/project/outputs/prompts/run_0395.md,/home/ricardo/Documents/Purdue/phd-notes/Spring_2026/STAT-51400/project/outputs/responses/run_0395.json
240,2,108,success,together,Qwen/Qwen3.5-9B,stim_and_mouse_summary,prompts/stim_paradigm_anova.md,,stim_and_mouse_summary,qwen3_5_9b,prompts/stim_paradigm_anova.md,0.25,stim_and_mouse_summary,1800,False,0.25,Qwen/Qwen3.5-9B,prompts/stim_paradigm_anova.md,2026-05-03T04:53:30.826189+00:00,2026-05-03T04:53:54.798667+00:00,23.971933,6217,1397,7614,,,,,True,9,9,1.0,stop,,/home/ricardo/Documents/Purdue/phd-notes/Spring_2026/STAT-51400/project/outputs/prompts/run_0240.md,/home/ricardo/Documents/Purdue/phd-notes/Spring_2026/STAT-51400/project/outputs/responses/run_0240.json
189,2,109,success,together,deepseek-ai/DeepSeek-V3.1,stim_and_mouse_summary,prompts/stim_paradigm_predictive.md,,stim_and_mouse_summary,deepseek_v3_1,prompts/stim_paradigm_predictive.md,0.0,stim_and_mouse_summary,1800,False,0.0,deepseek-ai/DeepSeek-V3.1,prompts/stim_paradigm_predictive.md,2026-05-03T04:53:54.799232+00:00,2026-05-03T04:54:06.223873+00:00,11.423993,4151,451,4602,,,,,True,11,11,1.0,stop,,/home/ricardo/Documents/Purdue/phd-notes/Spring_2026/STAT-51400/project/outputs/prompts/run_0189.md,/home/ricardo/Documents/Purdue/phd-notes/Spring_2026/STAT-51400/project/outputs/responses/run_0189.json
131,1,110,success,together,Qwen/Qwen3.5-9B,stim_summary,prompts/stim_paradigm_anova.md,,stim_summary,qwen3_5_9b,prompts/stim_paradigm_anova.md,1.0,stim_summary,1800,False,1.0,Qwen/Qwen3.5-9B,prompts/stim_paradigm_anova.md,2026-05-03T04:54:06.224397+00:00,2026-05-03T04:54:23.016636+00:00,16.791772,1453,1187,2640,,,,,True,9,9,1.0,stop,,/home/ricardo/Documents/Purdue/phd-notes/Spring_2026/STAT-51400/project/outputs/prompts/run_0131.md,/home/ricardo/Documents/Purdue/phd-notes/Spring_2026/STAT-51400/project/outputs/responses/run_0131.json
96,1,111,success,together,Qwen/Qwen3.5-9B,stim_and_mouse_summary,prompts/stim_paradigm_anova.md,,stim_and_mouse_summary,qwen3_5_9b,prompts/stim_paradigm_anova.md,0.0,stim_and_mouse_summary,1800,False,0.0,Qwen/Qwen3.5-9B,prompts/stim_paradigm_anova.md,2026-05-03T04:54:23.017216+00:00,2026-05-03T04:54:37.152670+00:00,14.134952,6215,1148,7363,,,,,True,9,9,1.0,stop,,/home/ricardo/Documents/Purdue/phd-notes/Spring_2026/STAT-51400/project/outputs/prompts/run_0096.md,/home/ricardo/Documents/Purdue/phd-notes/Spring_2026/STAT-51400/project/outputs/responses/run_0096.json
104,1,112,success,together,Qwen/Qwen3.5-9B,stim_summary,prompts/stim_paradigm_anova.md,,stim_summary,qwen3_5_9b,prompts/stim_paradigm_anova.md,0.25,stim_summary,1800,False,0.25,Qwen/Qwen3.5-9B,prompts/stim_paradigm_anova.md,2026-05-03T04:54:37.153190+00:00,2026-05-03T04:54:56.399921+00:00,19.246066,1454,1127,2581,,,,,True,9,9,1.0,stop,,/home/ricardo/Documents/Purdue/phd-notes/Spring_2026/STAT-51400/project/outputs/prompts/run_0104.md,/home/ricardo/Documents/Purdue/phd-notes/Spring_2026/STAT-51400/project/outputs/responses/run_0104.json
228,2,113,success,together,Qwen/Qwen3.5-9B,stim_and_mouse_summary,prompts/stim_paradigm_basic.md,,stim_and_mouse_summary,qwen3_5_9b,prompts/stim_paradigm_basic.md,0.0,stim_and_mouse_summary,1800,False,0.0,Qwen/Qwen3.5-9B,prompts/stim_paradigm_basic.md,2026-05-03T04:54:56.400548+00:00,2026-05-03T04:55:09.507304+00:00,13.106245,6163,1037,7200,,,,,True,8,8,1.0,stop,,/home/ricardo/Documents/Purdue/phd-notes/Spring_2026/STAT-51400/project/outputs/prompts/run_0228.md,/home/ricardo/Documents/Purdue/phd-notes/Spring_2026/STAT-51400/project/outputs/responses/run_0228.json
349,3,114,success,together,deepseek-ai/DeepSeek-V3.1,summary_only,prompts/stim_paradigm_predictive.md,,summary_only,deepseek_v3_1,prompts/stim_paradigm_predictive.md,0.75,summary_only,1800,False,0.75,deepseek-ai/DeepSeek-V3.1,prompts/stim_paradigm_predictive.md,2026-05-03T04:55:09.507840+00:00,2026-05-03T04:56:00.300537+00:00,50.79198,1029,1800,2829,,,,,False,11,,,length,,/home/ricardo/Documents/Purdue/phd-notes/Spring_2026/STAT-51400/project/outputs/prompts/run_0349.md,/home/ricardo/Documents/Purdue/phd-notes/Spring_2026/STAT-51400/project/outputs/responses/run_0349.json
217,2,115,success,together,deepseek-ai/DeepSeek-V3.1,summary_only,prompts/stim_paradigm_basic.md,,summary_only,deepseek_v3_1,prompts/stim_paradigm_basic.md,1.0,summary_only,1800,False,1.0,deepseek-ai/DeepSeek-V3.1,prompts/stim_paradigm_basic.md,2026-05-03T04:56:00.301027+00:00,2026-05-03T04:56:16.071384+00:00,15.76994,912,516,1428,,,,,True,8,8,1.0,stop,,/home/ricardo/Documents/Purdue/phd-notes/Spring_2026/STAT-51400/project/outputs/prompts/run_0217.md,/home/ricardo/Documents/Purdue/phd-notes/Spring_2026/STAT-51400/project/outputs/responses/run_0217.json
389,3,116,success,together,Qwen/Qwen3.5-9B,stim_summary,prompts/stim_paradigm_basic.md,,stim_summary,qwen3_5_9b,prompts/stim_paradigm_basic.md,0.75,stim_summary,1800,False,0.75,Qwen/Qwen3.5-9B,prompts/stim_paradigm_basic.md,2026-05-03T04:56:16.071908+00:00,2026-05-03T04:56:51.092948+00:00,35.020566,1401,848,2249,,,,,True,8,8,1.0,stop,,/home/ricardo/Documents/Purdue/phd-notes/Spring_2026/STAT-51400/project/outputs/prompts/run_0389.md,/home/ricardo/Documents/Purdue/phd-notes/Spring_2026/STAT-51400/project/outputs/responses/run_0389.json
68,1,117,success,together,deepseek-ai/DeepSeek-V3.1,stim_summary,prompts/stim_paradigm_anova.md,,stim_summary,deepseek_v3_1,prompts/stim_paradigm_anova.md,0.5,stim_summary,1800,False,0.5,deepseek-ai/DeepSeek-V3.1,prompts/stim_paradigm_anova.md,2026-05-03T04:56:51.093481+00:00,2026-05-03T04:57:03.992920+00:00,12.898763,1179,463,1642,,,,,True,9,9,1.0,stop,,/home/ricardo/Documents/Purdue/phd-notes/Spring_2026/STAT-51400/project/outputs/prompts/run_0068.md,/home/ricardo/Documents/Purdue/phd-notes/Spring_2026/STAT-51400/project/outputs/responses/run_0068.json
405,3,118,success,together,Qwen/Qwen3.5-9B,stim_and_mouse_summary,prompts/stim_paradigm_predictive.md,,stim_and_mouse_summary,qwen3_5_9b,prompts/stim_paradigm_predictive.md,1.0,stim_and_mouse_summary,1800,False,1.0,Qwen/Qwen3.5-9B,prompts/stim_paradigm_predictive.md,2026-05-03T04:57:03.993552+00:00,2026-05-03T04:57:44.072377+00:00,40.042654,6275,1780,8055,,,,,True,11,11,1.0,stop,,/home/ricardo/Documents/Purdue/phd-notes/Spring_2026/STAT-51400/project/outputs/prompts/run_0405.md,/home/ricardo/Documents/Purdue/phd-notes/Spring_2026/STAT-51400/project/outputs/responses/run_0405.json
204,2,119,success,together,deepseek-ai/DeepSeek-V3.1,stim_and_mouse_summary,prompts/stim_paradigm_anova.md,,stim_and_mouse_summary,deepseek_v3_1,prompts/stim_paradigm_anova.md,0.5,stim_and_mouse_summary,1800,False,0.5,deepseek-ai/DeepSeek-V3.1,prompts/stim_paradigm_anova.md,2026-05-03T04:57:44.073298+00:00,2026-05-03T04:57:59.083654+00:00,15.009869,4083,580,4663,,,,,True,9,9,1.0,stop,,/home/ricardo/Documents/Purdue/phd-notes/Spring_2026/STAT-51400/project/outputs/prompts/run_0204.md,/home/ricardo/Documents/Purdue/phd-notes/Spring_2026/STAT-51400/project/outputs/responses/run_0204.json
144,2,120,success,together,moonshotai/Kimi-K2.5,stim_and_mouse_summary,prompts/stim_paradigm_predictive.md,,stim_and_mouse_summary,kimi,prompts/stim_paradigm_predictive.md,0.0,stim_and_mouse_summary,1800,False,0.0,moonshotai/Kimi-K2.5,prompts/stim_paradigm_predictive.md,2026-05-03T04:57:59.084217+00:00,2026-05-03T04:58:17.109305+00:00,18.024253,4081,1393,5474,,,,,True,11,11,1.0,stop,,/home/ricardo/Documents/Purdue/phd-notes/Spring_2026/STAT-51400/project/outputs/prompts/run_0144.md,/home/ricardo/Documents/Purdue/phd-notes/Spring_2026/STAT-51400/project/outputs/responses/run_0144.json
201,2,121,success,together,deepseek-ai/DeepSeek-V3.1,stim_and_mouse_summary,prompts/stim_paradigm_basic.md,,stim_and_mouse_summary,deepseek_v3_1,prompts/stim_paradigm_basic.md,0.5,stim_and_mouse_summary,1800,False,0.5,deepseek-ai/DeepSeek-V3.1,prompts/stim_paradigm_basic.md,2026-05-03T04:58:17.110006+00:00,2026-05-03T04:59:10.965851+00:00,53.855116,4034,1800,5834,,,,,False,8,,,length,,/home/ricardo/Documents/Purdue/phd-notes/Spring_2026/STAT-51400/project/outputs/prompts/run_0201.md,/home/ricardo/Documents/Purdue/phd-notes/Spring_2026/STAT-51400/project/outputs/responses/run_0201.json
261,2,122,success,together,Qwen/Qwen3.5-9B,stim_and_mouse_summary,prompts/stim_paradigm_predictive.md,,stim_and_mouse_summary,qwen3_5_9b,prompts/stim_paradigm_predictive.md,0.75,stim_and_mouse_summary,1800,False,0.75,Qwen/Qwen3.5-9B,prompts/stim_paradigm_predictive.md,2026-05-03T04:59:10.966402+00:00,2026-05-03T04:59:54.421235+00:00,43.454332,6276,1277,7553,,,,,True,11,11,1.0,stop,,/home/ricardo/Documents/Purdue/phd-notes/Spring_2026/STAT-51400/project/outputs/prompts/run_0261.md,/home/ricardo/Documents/Purdue/phd-notes/Spring_2026/STAT-51400/project/outputs/responses/run_0261.json
288,3,123,success,together,moonshotai/Kimi-K2.5,stim_and_mouse_summary,prompts/stim_paradigm_predictive.md,,stim_and_mouse_summary,kimi,prompts/stim_paradigm_predictive.md,0.25,stim_and_mouse_summary,1800,False,0.25,moonshotai/Kimi-K2.5,prompts/stim_paradigm_predictive.md,2026-05-03T04:59:54.421833+00:00,2026-05-03T05:00:43.946061+00:00,49.523504,4081,1331,5412,,,,,True,11,11,1.0,stop,,/home/ricardo/Documents/Purdue/phd-notes/Spring_2026/STAT-51400/project/outputs/prompts/run_0288.md,/home/ricardo/Documents/Purdue/phd-notes/Spring_2026/STAT-51400/project/outputs/responses/run_0288.json
306,3,124,success,together,moonshotai/Kimi-K2.5,stim_and_mouse_summary,prompts/stim_paradigm_predictive.md,,stim_and_mouse_summary,kimi,prompts/stim_paradigm_predictive.md,0.75,stim_and_mouse_summary,1800,False,0.75,moonshotai/Kimi-K2.5,prompts/stim_paradigm_predictive.md,2026-05-03T05:00:43.946647+00:00,2026-05-03T05:01:22.856702+00:00,38.909496,4081,1770,5851,,,,,True,11,11,1.0,stop,,/home/ricardo/Documents/Purdue/phd-notes/Spring_2026/STAT-51400/project/outputs/prompts/run_0306.md,/home/ricardo/Documents/Purdue/phd-notes/Spring_2026/STAT-51400/project/outputs/responses/run_0306.json
160,2,125,success,together,moonshotai/Kimi-K2.5,summary_only,prompts/stim_paradigm_predictive.md,,summary_only,kimi,prompts/stim_paradigm_predictive.md,0.5,summary_only,1800,False,0.5,moonshotai/Kimi-K2.5,prompts/stim_paradigm_predictive.md,2026-05-03T05:01:22.857214+00:00,2026-05-03T05:02:06.814541+00:00,43.956819,1003,1250,2253,,,,,True,11,11,1.0,stop,,/home/ricardo/Documents/Purdue/phd-notes/Spring_2026/STAT-51400/project/outputs/prompts/run_0160.md,/home/ricardo/Documents/Purdue/phd-notes/Spring_2026/STAT-51400/project/outputs/responses/run_0160.json
238,2,126,success,together,Qwen/Qwen3.5-9B,summary_only,prompts/stim_paradigm_anova.md,,summary_only,qwen3_5_9b,prompts/stim_paradigm_anova.md,0.25,summary_only,1800,False,0.25,Qwen/Qwen3.5-9B,prompts/stim_paradigm_anova.md,2026-05-03T05:02:06.815043+00:00,2026-05-03T05:02:19.536032+00:00,12.720359,1127,1167,2294,,,,,True,9,9,1.0,stop,,/home/ricardo/Documents/Purdue/phd-notes/Spring_2026/STAT-51400/project/outputs/prompts/run_0238.md,/home/ricardo/Documents/Purdue/phd-notes/Spring_2026/STAT-51400/project/outputs/responses/run_0238.json
101,1,127,success,together,Qwen/Qwen3.5-9B,stim_summary,prompts/stim_paradigm_basic.md,,stim_summary,qwen3_5_9b,prompts/stim_paradigm_basic.md,0.25,stim_summary,1800,False,0.25,Qwen/Qwen3.5-9B,prompts/stim_paradigm_basic.md,2026-05-03T05:02:19.536540+00:00,2026-05-03T05:03:04.258950+00:00,44.684025,1401,983,2384,,,,,True,8,8,1.0,stop,,/home/ricardo/Documents/Purdue/phd-notes/Spring_2026/STAT-51400/project/outputs/prompts/run_0101.md,/home/ricardo/Documents/Purdue/phd-notes/Spring_2026/STAT-51400/project/outputs/responses/run_0101.json
383,3,129,success,together,Qwen/Qwen3.5-9B,stim_summary,prompts/stim_paradigm_anova.md,,stim_summary,qwen3_5_9b,prompts/stim_paradigm_anova.md,0.5,stim_summary,1800,False,0.5,Qwen/Qwen3.5-9B,prompts/stim_paradigm_anova.md,2026-05-03T05:06:07.142948+00:00,2026-05-03T05:07:02.603496+00:00,55.460081,1453,1296,2749,,,,,True,9,9,1.0,stop,,/home/ricardo/Documents/Purdue/phd-notes/Spring_2026/STAT-51400/project/outputs/prompts/run_0383.md,/home/ricardo/Documents/Purdue/phd-notes/Spring_2026/STAT-51400/project/outputs/responses/run_0383.json
213,2,130,success,together,deepseek-ai/DeepSeek-V3.1,stim_and_mouse_summary,prompts/stim_paradigm_anova.md,,stim_and_mouse_summary,deepseek_v3_1,prompts/stim_paradigm_anova.md,0.75,stim_and_mouse_summary,1800,False,0.75,deepseek-ai/DeepSeek-V3.1,prompts/stim_paradigm_anova.md,2026-05-03T05:07:02.604092+00:00,2026-05-03T05:07:48.702989+00:00,46.097096,4083,1800,5883,,,,,False,9,,,length,,/home/ricardo/Documents/Purdue/phd-notes/Spring_2026/STAT-51400/project/outputs/prompts/run_0213.md,/home/ricardo/Documents/Purdue/phd-notes/Spring_2026/STAT-51400/project/outputs/responses/run_0213.json
255,2,131,success,together,Qwen/Qwen3.5-9B,stim_and_mouse_summary,prompts/stim_paradigm_basic.md,,stim_and_mouse_summary,qwen3_5_9b,prompts/stim_paradigm_basic.md,0.75,stim_and_mouse_summary,1800,False,0.75,Qwen/Qwen3.5-9B,prompts/stim_paradigm_basic.md,2026-05-03T05:07:48.703574+00:00,2026-05-03T05:08:34.164266+00:00,45.45974,6164,1021,7185,,,,,True,8,8,1.0,stop,,/home/ricardo/Documents/Purdue/phd-notes/Spring_2026/STAT-51400/project/outputs/prompts/run_0255.md,/home/ricardo/Documents/Purdue/phd-notes/Spring_2026/STAT-51400/project/outputs/responses/run_0255.json
168,2,132,success,together,moonshotai/Kimi-K2.5,stim_and_mouse_summary,prompts/stim_paradigm_anova.md,,stim_and_mouse_summary,kimi,prompts/stim_paradigm_anova.md,0.75,stim_and_mouse_summary,1800,False,0.75,moonshotai/Kimi-K2.5,prompts/stim_paradigm_anova.md,2026-05-03T05:08:34.164841+00:00,2026-05-03T05:09:03.653428+00:00,29.48787,4025,1671,5696,,,,,True,9,9,1.0,stop,,/home/ricardo/Documents/Purdue/phd-notes/Spring_2026/STAT-51400/project/outputs/prompts/run_0168.md,/home/ricardo/Documents/Purdue/phd-notes/Spring_2026/STAT-51400/project/outputs/responses/run_0168.json
159,2,133,success,together,moonshotai/Kimi-K2.5,stim_and_mouse_summary,prompts/stim_paradigm_anova.md,,stim_and_mouse_summary,kimi,prompts/stim_paradigm_anova.md,0.5,stim_and_mouse_summary,1800,False,0.5,moonshotai/Kimi-K2.5,prompts/stim_paradigm_anova.md,2026-05-03T05:09:03.654015+00:00,2026-05-03T05:09:21.062408+00:00,17.407755,4025,1279,5304,,,,,True,9,9,1.0,stop,,/home/ricardo/Documents/Purdue/phd-notes/Spring_2026/STAT-51400/project/outputs/prompts/run_0159.md,/home/ricardo/Documents/Purdue/phd-notes/Spring_2026/STAT-51400/project/outputs/responses/run_0159.json
46,1,134,success,together,deepseek-ai/DeepSeek-V3.1,summary_only,prompts/stim_paradigm_basic.md,,summary_only,deepseek_v3_1,prompts/stim_paradigm_basic.md,0.0,summary_only,1800,False,0.0,deepseek-ai/DeepSeek-V3.1,prompts/stim_paradigm_basic.md,2026-05-03T05:09:21.062948+00:00,2026-05-03T05:10:07.097325+00:00,46.033493,912,1800,2712,,,,,False,8,,,length,,/home/ricardo/Documents/Purdue/phd-notes/Spring_2026/STAT-51400/project/outputs/prompts/run_0046.md,/home/ricardo/Documents/Purdue/phd-notes/Spring_2026/STAT-51400/project/outputs/responses/run_0046.json
235,2,135,success,together,Qwen/Qwen3.5-9B,summary_only,prompts/stim_paradigm_basic.md,,summary_only,qwen3_5_9b,prompts/stim_paradigm_basic.md,0.25,summary_only,1800,False,0.25,Qwen/Qwen3.5-9B,prompts/stim_paradigm_basic.md,2026-05-03T05:10:07.097829+00:00,2026-05-03T05:10:34.376982+00:00,27.278442,1074,994,2068,,,,,True,8,8,1.0,stop,,/home/ricardo/Documents/Purdue/phd-notes/Spring_2026/STAT-51400/project/outputs/prompts/run_0235.md,/home/ricardo/Documents/Purdue/phd-notes/Spring_2026/STAT-51400/project/outputs/responses/run_0235.json
244,2,136,success,together,Qwen/Qwen3.5-9B,summary_only,prompts/stim_paradigm_basic.md,,summary_only,qwen3_5_9b,prompts/stim_paradigm_basic.md,0.5,summary_only,1800,False,0.5,Qwen/Qwen3.5-9B,prompts/stim_paradigm_basic.md,2026-05-03T05:10:34.377639+00:00,2026-05-03T05:11:16.772909+00:00,42.39459,1073,899,1972,,,,,True,8,8,1.0,stop,,/home/ricardo/Documents/Purdue/phd-notes/Spring_2026/STAT-51400/project/outputs/prompts/run_0244.md,/home/ricardo/Documents/Purdue/phd-notes/Spring_2026/STAT-51400/project/outputs/responses/run_0244.json
301,3,137,success,together,moonshotai/Kimi-K2.5,summary_only,prompts/stim_paradigm_anova.md,,summary_only,kimi,prompts/stim_paradigm_anova.md,0.75,summary_only,1800,False,0.75,moonshotai/Kimi-K2.5,prompts/stim_paradigm_anova.md,2026-05-03T05:11:16.773425+00:00,2026-05-03T05:14:03.066784+00:00,166.292887,947,1146,2093,,,,,True,9,9,1.0,stop,,/home/ricardo/Documents/Purdue/phd-notes/Spring_2026/STAT-51400/project/outputs/prompts/run_0301.md,/home/ricardo/Documents/Purdue/phd-notes/Spring_2026/STAT-51400/project/outputs/responses/run_0301.json
47,1,138,success,together,deepseek-ai/DeepSeek-V3.1,stim_summary,prompts/stim_paradigm_basic.md,,stim_summary,deepseek_v3_1,prompts/stim_paradigm_basic.md,0.0,stim_summary,1800,False,0.0,deepseek-ai/DeepSeek-V3.1,prompts/stim_paradigm_basic.md,2026-05-03T05:14:03.067321+00:00,2026-05-03T05:14:42.662163+00:00,39.594031,1130,1800,2930,,,,,False,8,,,length,,/home/ricardo/Documents/Purdue/phd-notes/Spring_2026/STAT-51400/project/outputs/prompts/run_0047.md,/home/ricardo/Documents/Purdue/phd-notes/Spring_2026/STAT-51400/project/outputs/responses/run_0047.json
344,3,139,success,together,deepseek-ai/DeepSeek-V3.1,stim_summary,prompts/stim_paradigm_basic.md,,stim_summary,deepseek_v3_1,prompts/stim_paradigm_basic.md,0.75,stim_summary,1800,False,0.75,deepseek-ai/DeepSeek-V3.1,prompts/stim_paradigm_basic.md,2026-05-03T05:14:42.662737+00:00,2026-05-03T05:14:51.195728+00:00,8.532501,1130,541,1671,,,,,True,8,8,1.0,stop,,/home/ricardo/Documents/Purdue/phd-notes/Spring_2026/STAT-51400/project/outputs/prompts/run_0344.md,/home/ricardo/Documents/Purdue/phd-notes/Spring_2026/STAT-51400/project/outputs/responses/run_0344.json
272,3,140,success,together,moonshotai/Kimi-K2.5,stim_summary,prompts/stim_paradigm_basic.md,,stim_summary,kimi,prompts/stim_paradigm_basic.md,0.0,stim_summary,1800,False,0.0,moonshotai/Kimi-K2.5,prompts/stim_paradigm_basic.md,2026-05-03T05:14:51.196279+00:00,2026-05-03T05:15:09.625314+00:00,18.428549,1109,957,2066,,,,,True,8,8,1.0,stop,,/home/ricardo/Documents/Purdue/phd-notes/Spring_2026/STAT-51400/project/outputs/prompts/run_0272.md,/home/ricardo/Documents/Purdue/phd-notes/Spring_2026/STAT-51400/project/outputs/responses/run_0272.json
95,1,141,success,together,Qwen/Qwen3.5-9B,stim_summary,prompts/stim_paradigm_anova.md,,stim_summary,qwen3_5_9b,prompts/stim_paradigm_anova.md,0.0,stim_summary,1800,False,0.0,Qwen/Qwen3.5-9B,prompts/stim_paradigm_anova.md,2026-05-03T05:15:09.625816+00:00,2026-05-03T05:15:26.214999+00:00,16.588726,1452,1010,2462,,,,,True,9,9,1.0,stop,,/home/ricardo/Documents/Purdue/phd-notes/Spring_2026/STAT-51400/project/outputs/prompts/run_0095.md,/home/ricardo/Documents/Purdue/phd-notes/Spring_2026/STAT-51400/project/outputs/responses/run_0095.json
334,3,142,success,together,deepseek-ai/DeepSeek-V3.1,summary_only,prompts/stim_paradigm_basic.md,,summary_only,deepseek_v3_1,prompts/stim_paradigm_basic.md,0.5,summary_only,1800,False,0.5,deepseek-ai/DeepSeek-V3.1,prompts/stim_paradigm_basic.md,2026-05-03T05:15:26.215493+00:00,2026-05-03T05:15:38.982162+00:00,12.76623,912,605,1517,,,,,True,8,8,1.0,stop,,/home/ricardo/Documents/Purdue/phd-notes/Spring_2026/STAT-51400/project/outputs/prompts/run_0334.md,/home/ricardo/Documents/Purdue/phd-notes/Spring_2026/STAT-51400/project/outputs/responses/run_0334.json
54,1,143,success,together,deepseek-ai/DeepSeek-V3.1,stim_and_mouse_summary,prompts/stim_paradigm_predictive.md,,stim_and_mouse_summary,deepseek_v3_1,prompts/stim_paradigm_predictive.md,0.0,stim_and_mouse_summary,1800,False,0.0,deepseek-ai/DeepSeek-V3.1,prompts/stim_paradigm_predictive.md,2026-05-03T05:15:38.982763+00:00,2026-05-03T05:15:49.248272+00:00,10.264968,4151,564,4715,,,,,True,11,11,1.0,stop,,/home/ricardo/Documents/Purdue/phd-notes/Spring_2026/STAT-51400/project/outputs/prompts/run_0054.md,/home/ricardo/Documents/Purdue/phd-notes/Spring_2026/STAT-51400/project/outputs/responses/run_0054.json
186,2,144,success,together,deepseek-ai/DeepSeek-V3.1,stim_and_mouse_summary,prompts/stim_paradigm_anova.md,,stim_and_mouse_summary,deepseek_v3_1,prompts/stim_paradigm_anova.md,0.0,stim_and_mouse_summary,1800,False,0.0,deepseek-ai/DeepSeek-V3.1,prompts/stim_paradigm_anova.md,2026-05-03T05:15:49.248838+00:00,2026-05-03T05:16:03.901201+00:00,14.651724,4083,589,4672,,,,,True,9,9,1.0,stop,,/home/ricardo/Documents/Purdue/phd-notes/Spring_2026/STAT-51400/project/outputs/prompts/run_0186.md,/home/ricardo/Documents/Purdue/phd-notes/Spring_2026/STAT-51400/project/outputs/responses/run_0186.json
242,2,145,success,together,Qwen/Qwen3.5-9B,stim_summary,prompts/stim_paradigm_predictive.md,,stim_summary,qwen3_5_9b,prompts/stim_paradigm_predictive.md,0.25,stim_summary,1800,False,0.25,Qwen/Qwen3.5-9B,prompts/stim_paradigm_predictive.md,2026-05-03T05:16:03.901848+00:00,2026-05-03T05:16:21.645512+00:00,17.743106,1513,1252,2765,,,,,True,11,11,1.0,stop,,/home/ricardo/Documents/Purdue/phd-notes/Spring_2026/STAT-51400/project/outputs/prompts/run_0242.md,/home/ricardo/Documents/Purdue/phd-notes/Spring_2026/STAT-51400/project/outputs/responses/run_0242.json
251,2,146,success,together,Qwen/Qwen3.5-9B,stim_summary,prompts/stim_paradigm_predictive.md,,stim_summary,qwen3_5_9b,prompts/stim_paradigm_predictive.md,0.5,stim_summary,1800,False,0.5,Qwen/Qwen3.5-9B,prompts/stim_paradigm_predictive.md,2026-05-03T05:16:21.646043+00:00,2026-05-03T05:18:19.473658+00:00,117.827068,1512,1460,2972,,,,,True,11,11,1.0,stop,,/home/ricardo/Documents/Purdue/phd-notes/Spring_2026/STAT-51400/project/outputs/prompts/run_0251.md,/home/ricardo/Documents/Purdue/phd-notes/Spring_2026/STAT-51400/project/outputs/responses/run_0251.json
14,1,147,success,together,moonshotai/Kimi-K2.5,stim_summary,prompts/stim_paradigm_anova.md,,stim_summary,kimi,prompts/stim_paradigm_anova.md,0.25,stim_summary,1800,False,0.25,moonshotai/Kimi-K2.5,prompts/stim_paradigm_anova.md,2026-05-03T05:18:19.474233+00:00,2026-05-03T05:18:42.004650+00:00,22.528521,1161,1444,2605,,,,,True,9,9,1.0,stop,,/home/ricardo/Documents/Purdue/phd-notes/Spring_2026/STAT-51400/project/outputs/prompts/run_0014.md,/home/ricardo/Documents/Purdue/phd-notes/Spring_2026/STAT-51400/project/outputs/responses/run_0014.json
319,3,148,success,together,deepseek-ai/DeepSeek-V3.1,summary_only,prompts/stim_paradigm_anova.md,,summary_only,deepseek_v3_1,prompts/stim_paradigm_anova.md,0.0,summary_only,1800,False,0.0,deepseek-ai/DeepSeek-V3.1,prompts/stim_paradigm_anova.md,2026-05-03T05:18:42.005135+00:00,2026-05-03T05:19:27.297383+00:00,45.291533,961,1800,2761,,,,,False,9,,,length,,/home/ricardo/Documents/Purdue/phd-notes/Spring_2026/STAT-51400/project/outputs/prompts/run_0319.md,/home/ricardo/Documents/Purdue/phd-notes/Spring_2026/STAT-51400/project/outputs/responses/run_0319.json
341,3,149,success,together,deepseek-ai/DeepSeek-V3.1,stim_summary,prompts/stim_paradigm_predictive.md,,stim_summary,deepseek_v3_1,prompts/stim_paradigm_predictive.md,0.5,stim_summary,1800,False,0.5,deepseek-ai/DeepSeek-V3.1,prompts/stim_paradigm_predictive.md,2026-05-03T05:19:27.297978+00:00,2026-05-03T05:19:41.802097+00:00,14.503427,1247,502,1749,,,,,True,11,11,1.0,stop,,/home/ricardo/Documents/Purdue/phd-notes/Spring_2026/STAT-51400/project/outputs/prompts/run_0341.md,/home/ricardo/Documents/Purdue/phd-notes/Spring_2026/STAT-51400/project/outputs/responses/run_0341.json
24,1,150,success,together,moonshotai/Kimi-K2.5,stim_and_mouse_summary,prompts/stim_paradigm_anova.md,,stim_and_mouse_summary,kimi,prompts/stim_paradigm_anova.md,0.5,stim_and_mouse_summary,1800,False,0.5,moonshotai/Kimi-K2.5,prompts/stim_paradigm_anova.md,2026-05-03T05:19:41.802863+00:00,2026-05-03T05:20:02.440303+00:00,20.636892,4025,1525,5550,,,,,True,9,9,1.0,stop,,/home/ricardo/Documents/Purdue/phd-notes/Spring_2026/STAT-51400/project/outputs/prompts/run_0024.md,/home/ricardo/Documents/Purdue/phd-notes/Spring_2026/STAT-51400/project/outputs/responses/run_0024.json
77,1,151,success,together,deepseek-ai/DeepSeek-V3.1,stim_summary,prompts/stim_paradigm_anova.md,,stim_summary,deepseek_v3_1,prompts/stim_paradigm_anova.md,0.75,stim_summary,1800,False,0.75,deepseek-ai/DeepSeek-V3.1,prompts/stim_paradigm_anova.md,2026-05-03T05:20:02.440832+00:00,2026-05-03T05:20:15.596595+00:00,13.15532,1179,503,1682,,,,,True,9,9,1.0,stop,,/home/ricardo/Documents/Purdue/phd-notes/Spring_2026/STAT-51400/project/outputs/prompts/run_0077.md,/home/ricardo/Documents/Purdue/phd-notes/Spring_2026/STAT-51400/project/outputs/responses/run_0077.json
377,3,152,success,together,Qwen/Qwen3.5-9B,stim_summary,prompts/stim_paradigm_predictive.md,,stim_summary,qwen3_5_9b,prompts/stim_paradigm_predictive.md,0.25,stim_summary,1800,False,0.25,Qwen/Qwen3.5-9B,prompts/stim_paradigm_predictive.md,2026-05-03T05:20:15.597114+00:00,2026-05-03T05:20:47.543928+00:00,31.946316,1513,1238,2751,,,,,True,11,11,1.0,stop,,/home/ricardo/Documents/Purdue/phd-notes/Spring_2026/STAT-51400/project/outputs/prompts/run_0377.md,/home/ricardo/Documents/Purdue/phd-notes/Spring_2026/STAT-51400/project/outputs/responses/run_0377.json
117,1,153,success,together,Qwen/Qwen3.5-9B,stim_and_mouse_summary,prompts/stim_paradigm_predictive.md,,stim_and_mouse_summary,qwen3_5_9b,prompts/stim_paradigm_predictive.md,0.5,stim_and_mouse_summary,1800,False,0.5,Qwen/Qwen3.5-9B,prompts/stim_paradigm_predictive.md,2026-05-03T05:20:47.544511+00:00,2026-05-03T05:23:12.132974+00:00,144.587884,6275,1264,7539,,,,,True,11,11,1.0,stop,,/home/ricardo/Documents/Purdue/phd-notes/Spring_2026/STAT-51400/project/outputs/prompts/run_0117.md,/home/ricardo/Documents/Purdue/phd-notes/Spring_2026/STAT-51400/project/outputs/responses/run_0117.json
152,2,154,success,together,moonshotai/Kimi-K2.5,stim_summary,prompts/stim_paradigm_predictive.md,,stim_summary,kimi,prompts/stim_paradigm_predictive.md,0.25,stim_summary,1800,False,0.25,moonshotai/Kimi-K2.5,prompts/stim_paradigm_predictive.md,2026-05-03T05:23:12.133497+00:00,2026-05-03T05:23:45.151101+00:00,33.016845,1217,1334,2551,,,,,True,11,11,1.0,stop,,/home/ricardo/Documents/Purdue/phd-notes/Spring_2026/STAT-51400/project/outputs/prompts/run_0152.md,/home/ricardo/Documents/Purdue/phd-notes/Spring_2026/STAT-51400/project/outputs/responses/run_0152.json
239,2,155,success,together,Qwen/Qwen3.5-9B,stim_summary,prompts/stim_paradigm_anova.md,,stim_summary,qwen3_5_9b,prompts/stim_paradigm_anova.md,0.25,stim_summary,1800,False,0.25,Qwen/Qwen3.5-9B,prompts/stim_paradigm_anova.md,2026-05-03T05:23:45.151719+00:00,2026-05-03T05:24:03.125335+00:00,17.972898,1454,1138,2592,,,,,True,9,9,1.0,stop,,/home/ricardo/Documents/Purdue/phd-notes/Spring_2026/STAT-51400/project/outputs/prompts/run_0239.md,/home/ricardo/Documents/Purdue/phd-notes/Spring_2026/STAT-51400/project/outputs/responses/run_0239.json
392,3,156,success,together,Qwen/Qwen3.5-9B,stim_summary,prompts/stim_paradigm_anova.md,,stim_summary,qwen3_5_9b,prompts/stim_paradigm_anova.md,0.75,stim_summary,1800,False,0.75,Qwen/Qwen3.5-9B,prompts/stim_paradigm_anova.md,2026-05-03T05:24:03.126009+00:00,2026-05-03T05:25:40.978066+00:00,97.851543,1454,1447,2901,,,,,True,9,9,1.0,stop,,/home/ricardo/Documents/Purdue/phd-notes/Spring_2026/STAT-51400/project/outputs/prompts/run_0392.md,/home/ricardo/Documents/Purdue/phd-notes/Spring_2026/STAT-51400/project/outputs/responses/run_0392.json
167,2,157,success,together,moonshotai/Kimi-K2.5,stim_summary,prompts/stim_paradigm_anova.md,,stim_summary,kimi,prompts/stim_paradigm_anova.md,0.75,stim_summary,1800,False,0.75,moonshotai/Kimi-K2.5,prompts/stim_paradigm_anova.md,2026-05-03T05:25:40.978665+00:00,2026-05-03T05:25:55.560775+00:00,14.581398,1161,1192,2353,,,,,True,9,9,1.0,stop,,/home/ricardo/Documents/Purdue/phd-notes/Spring_2026/STAT-51400/project/outputs/prompts/run_0167.md,/home/ricardo/Documents/Purdue/phd-notes/Spring_2026/STAT-51400/project/outputs/responses/run_0167.json
225,2,158,success,together,deepseek-ai/DeepSeek-V3.1,stim_and_mouse_summary,prompts/stim_paradigm_predictive.md,,stim_and_mouse_summary,deepseek_v3_1,prompts/stim_paradigm_predictive.md,1.0,stim_and_mouse_summary,1800,False,1.0,deepseek-ai/DeepSeek-V3.1,prompts/stim_paradigm_predictive.md,2026-05-03T05:25:55.561570+00:00,2026-05-03T05:26:02.798096+00:00,7.236041,4151,516,4667,,,,,True,11,11,1.0,stop,,/home/ricardo/Documents/Purdue/phd-notes/Spring_2026/STAT-51400/project/outputs/prompts/run_0225.md,/home/ricardo/Documents/Purdue/phd-notes/Spring_2026/STAT-51400/project/outputs/responses/run_0225.json
154,2,159,success,together,moonshotai/Kimi-K2.5,summary_only,prompts/stim_paradigm_basic.md,,summary_only,kimi,prompts/stim_paradigm_basic.md,0.5,summary_only,1800,False,0.5,moonshotai/Kimi-K2.5,prompts/stim_paradigm_basic.md,2026-05-03T05:26:02.798662+00:00,2026-05-03T05:26:20.341857+00:00,17.542605,895,1058,1953,,,,,True,8,8,1.0,stop,,/home/ricardo/Documents/Purdue/phd-notes/Spring_2026/STAT-51400/project/outputs/prompts/run_0154.md,/home/ricardo/Documents/Purdue/phd-notes/Spring_2026/STAT-51400/project/outputs/responses/run_0154.json
112,1,160,success,together,Qwen/Qwen3.5-9B,summary_only,prompts/stim_paradigm_anova.md,,summary_only,qwen3_5_9b,prompts/stim_paradigm_anova.md,0.5,summary_only,1800,False,0.5,Qwen/Qwen3.5-9B,prompts/stim_paradigm_anova.md,2026-05-03T05:26:20.342410+00:00,2026-05-03T05:26:51.675496+00:00,31.332612,1126,1304,2430,,,,,True,9,9,1.0,stop,,/home/ricardo/Documents/Purdue/phd-notes/Spring_2026/STAT-51400/project/outputs/prompts/run_0112.md,/home/ricardo/Documents/Purdue/phd-notes/Spring_2026/STAT-51400/project/outputs/responses/run_0112.json
259,2,161,success,together,Qwen/Qwen3.5-9B,summary_only,prompts/stim_paradigm_predictive.md,,summary_only,qwen3_5_9b,prompts/stim_paradigm_predictive.md,0.75,summary_only,1800,False,0.75,Qwen/Qwen3.5-9B,prompts/stim_paradigm_predictive.md,2026-05-03T05:26:51.676074+00:00,2026-05-03T05:27:07.035951+00:00,15.359366,1186,1012,2198,,,,,True,11,11,1.0,stop,,/home/ricardo/Documents/Purdue/phd-notes/Spring_2026/STAT-51400/project/outputs/prompts/run_0259.md,/home/ricardo/Documents/Purdue/phd-notes/Spring_2026/STAT-51400/project/outputs/responses/run_0259.json
198,2,162,success,together,deepseek-ai/DeepSeek-V3.1,stim_and_mouse_summary,prompts/stim_paradigm_predictive.md,,stim_and_mouse_summary,deepseek_v3_1,prompts/stim_paradigm_predictive.md,0.25,stim_and_mouse_summary,1800,False,0.25,deepseek-ai/DeepSeek-V3.1,prompts/stim_paradigm_predictive.md,2026-05-03T05:27:07.036588+00:00,2026-05-03T05:27:16.867935+00:00,9.830853,4151,517,4668,,,,,True,11,11,1.0,stop,,/home/ricardo/Documents/Purdue/phd-notes/Spring_2026/STAT-51400/project/outputs/prompts/run_0198.md,/home/ricardo/Documents/Purdue/phd-notes/Spring_2026/STAT-51400/project/outputs/responses/run_0198.json
170,2,163,success,together,moonshotai/Kimi-K2.5,stim_summary,prompts/stim_paradigm_predictive.md,,stim_summary,kimi,prompts/stim_paradigm_predictive.md,0.75,stim_summary,1800,False,0.75,moonshotai/Kimi-K2.5,prompts/stim_paradigm_predictive.md,2026-05-03T05:27:16.868524+00:00,2026-05-03T05:27:36.511436+00:00,19.641842,1217,1345,2562,,,,,True,11,11,1.0,stop,,/home/ricardo/Documents/Purdue/phd-notes/Spring_2026/STAT-51400/project/outputs/prompts/run_0170.md,/home/ricardo/Documents/Purdue/phd-notes/Spring_2026/STAT-51400/project/outputs/responses/run_0170.json
230,2,164,success,together,Qwen/Qwen3.5-9B,stim_summary,prompts/stim_paradigm_anova.md,,stim_summary,qwen3_5_9b,prompts/stim_paradigm_anova.md,0.0,stim_summary,1800,False,0.0,Qwen/Qwen3.5-9B,prompts/stim_paradigm_anova.md,2026-05-03T05:27:36.511981+00:00,2026-05-03T05:27:54.344443+00:00,17.831999,1453,1085,2538,,,,,True,9,9,1.0,stop,,/home/ricardo/Documents/Purdue/phd-notes/Spring_2026/STAT-51400/project/outputs/prompts/run_0230.md,/home/ricardo/Documents/Purdue/phd-notes/Spring_2026/STAT-51400/project/outputs/responses/run_0230.json
310,3,165,success,together,moonshotai/Kimi-K2.5,summary_only,prompts/stim_paradigm_anova.md,,summary_only,kimi,prompts/stim_paradigm_anova.md,1.0,summary_only,1800,False,1.0,moonshotai/Kimi-K2.5,prompts/stim_paradigm_anova.md,2026-05-03T05:27:54.344987+00:00,2026-05-03T05:28:10.067195+00:00,15.721513,947,1334,2281,,,,,True,9,9,1.0,stop,,/home/ricardo/Documents/Purdue/phd-notes/Spring_2026/STAT-51400/project/outputs/prompts/run_0310.md,/home/ricardo/Documents/Purdue/phd-notes/Spring_2026/STAT-51400/project/outputs/responses/run_0310.json
163,2,166,success,together,moonshotai/Kimi-K2.5,summary_only,prompts/stim_paradigm_basic.md,,summary_only,kimi,prompts/stim_paradigm_basic.md,0.75,summary_only,1800,False,0.75,moonshotai/Kimi-K2.5,prompts/stim_paradigm_basic.md,2026-05-03T05:28:10.067754+00:00,2026-05-03T05:28:32.093616+00:00,22.025339,895,956,1851,,,,,True,8,8,1.0,stop,,/home/ricardo/Documents/Purdue/phd-notes/Spring_2026/STAT-51400/project/outputs/prompts/run_0163.md,/home/ricardo/Documents/Purdue/phd-notes/Spring_2026/STAT-51400/project/outputs/responses/run_0163.json
31,1,167,success,together,moonshotai/Kimi-K2.5,summary_only,prompts/stim_paradigm_anova.md,,summary_only,kimi,prompts/stim_paradigm_anova.md,0.75,summary_only,1800,False,0.75,moonshotai/Kimi-K2.5,prompts/stim_paradigm_anova.md,2026-05-03T05:28:32.094195+00:00,2026-05-03T05:28:56.038117+00:00,23.896904,947,1177,2124,,,,,True,9,9,1.0,stop,,/home/ricardo/Documents/Purdue/phd-notes/Spring_2026/STAT-51400/project/outputs/prompts/run_0031.md,/home/ricardo/Documents/Purdue/phd-notes/Spring_2026/STAT-51400/project/outputs/responses/run_0031.json
223,2,168,success,together,deepseek-ai/DeepSeek-V3.1,summary_only,prompts/stim_paradigm_predictive.md,,summary_only,deepseek_v3_1,prompts/stim_paradigm_predictive.md,1.0,summary_only,1800,False,1.0,deepseek-ai/DeepSeek-V3.1,prompts/stim_paradigm_predictive.md,2026-05-03T05:28:56.038846+00:00,2026-05-03T05:29:05.001050+00:00,8.961568,1029,490,1519,,,,,True,11,11,1.0,stop,,/home/ricardo/Documents/Purdue/phd-notes/Spring_2026/STAT-51400/project/outputs/prompts/run_0223.md,/home/ricardo/Documents/Purdue/phd-notes/Spring_2026/STAT-51400/project/outputs/responses/run_0223.json
325,3,169,success,together,deepseek-ai/DeepSeek-V3.1,summary_only,prompts/stim_paradigm_basic.md,,summary_only,deepseek_v3_1,prompts/stim_paradigm_basic.md,0.25,summary_only,1800,False,0.25,deepseek-ai/DeepSeek-V3.1,prompts/stim_paradigm_basic.md,2026-05-03T05:29:05.001618+00:00,2026-05-03T05:29:14.268558+00:00,9.266465,912,464,1376,,,,,True,8,8,1.0,stop,,/home/ricardo/Documents/Purdue/phd-notes/Spring_2026/STAT-51400/project/outputs/prompts/run_0325.md,/home/ricardo/Documents/Purdue/phd-notes/Spring_2026/STAT-51400/project/outputs/responses/run_0325.json
285,3,170,success,together,moonshotai/Kimi-K2.5,stim_and_mouse_summary,prompts/stim_paradigm_anova.md,,stim_and_mouse_summary,kimi,prompts/stim_paradigm_anova.md,0.25,stim_and_mouse_summary,1800,False,0.25,moonshotai/Kimi-K2.5,prompts/stim_paradigm_anova.md,2026-05-03T05:29:14.269193+00:00,2026-05-03T05:29:29.781965+00:00,15.512096,4025,1482,5507,,,,,True,9,9,1.0,stop,,/home/ricardo/Documents/Purdue/phd-notes/Spring_2026/STAT-51400/project/outputs/prompts/run_0285.md,/home/ricardo/Documents/Purdue/phd-notes/Spring_2026/STAT-51400/project/outputs/responses/run_0285.json
103,1,171,success,together,Qwen/Qwen3.5-9B,summary_only,prompts/stim_paradigm_anova.md,,summary_only,qwen3_5_9b,prompts/stim_paradigm_anova.md,0.25,summary_only,1800,False,0.25,Qwen/Qwen3.5-9B,prompts/stim_paradigm_anova.md,2026-05-03T05:29:29.782497+00:00,2026-05-03T05:30:06.780502+00:00,36.953327,1127,1065,2192,,,,,True,9,9,1.0,stop,,/home/ricardo/Documents/Purdue/phd-notes/Spring_2026/STAT-51400/project/outputs/prompts/run_0103.md,/home/ricardo/Documents/Purdue/phd-notes/Spring_2026/STAT-51400/project/outputs/responses/run_0103.json
172,2,172,success,together,moonshotai/Kimi-K2.5,summary_only,prompts/stim_paradigm_basic.md,,summary_only,kimi,prompts/stim_paradigm_basic.md,1.0,summary_only,1800,False,1.0,moonshotai/Kimi-K2.5,prompts/stim_paradigm_basic.md,2026-05-03T05:30:06.781434+00:00,2026-05-03T05:30:31.218960+00:00,24.437036,895,1029,1924,,,,,True,8,8,1.0,stop,,/home/ricardo/Documents/Purdue/phd-notes/Spring_2026/STAT-51400/project/outputs/prompts/run_0172.md,/home/ricardo/Documents/Purdue/phd-notes/Spring_2026/STAT-51400/project/outputs/responses/run_0172.json
129,1,173,success,together,Qwen/Qwen3.5-9B,stim_and_mouse_summary,prompts/stim_paradigm_basic.md,,stim_and_mouse_summary,qwen3_5_9b,prompts/stim_paradigm_basic.md,1.0,stim_and_mouse_summary,1800,False,1.0,Qwen/Qwen3.5-9B,prompts/stim_paradigm_basic.md,2026-05-03T05:30:31.219605+00:00,2026-05-03T05:31:08.488359+00:00,37.267318,6163,1451,7614,,,,,True,8,8,1.0,stop,,/home/ricardo/Documents/Purdue/phd-notes/Spring_2026/STAT-51400/project/outputs/prompts/run_0129.md,/home/ricardo/Documents/Purdue/phd-notes/Spring_2026/STAT-51400/project/outputs/responses/run_0129.json
60,1,174,success,together,deepseek-ai/DeepSeek-V3.1,stim_and_mouse_summary,prompts/stim_paradigm_anova.md,,stim_and_mouse_summary,deepseek_v3_1,prompts/stim_paradigm_anova.md,0.25,stim_and_mouse_summary,1800,False,0.25,deepseek-ai/DeepSeek-V3.1,prompts/stim_paradigm_anova.md,2026-05-03T05:31:08.488953+00:00,2026-05-03T05:31:23.242328+00:00,14.752845,4083,586,4669,,,,,True,9,9,1.0,stop,,/home/ricardo/Documents/Purdue/phd-notes/Spring_2026/STAT-51400/project/outputs/prompts/run_0060.md,/home/ricardo/Documents/Purdue/phd-notes/Spring_2026/STAT-51400/project/outputs/responses/run_0060.json
267,2,175,success,together,Qwen/Qwen3.5-9B,stim_and_mouse_summary,prompts/stim_paradigm_anova.md,,stim_and_mouse_summary,qwen3_5_9b,prompts/stim_paradigm_anova.md,1.0,stim_and_mouse_summary,1800,False,1.0,Qwen/Qwen3.5-9B,prompts/stim_paradigm_anova.md,2026-05-03T05:31:23.242971+00:00,2026-05-03T05:31:59.868825+00:00,36.625278,6216,1213,7429,,,,,True,9,9,1.0,stop,,/home/ricardo/Documents/Purdue/phd-notes/Spring_2026/STAT-51400/project/outputs/prompts/run_0267.md,/home/ricardo/Documents/Purdue/phd-notes/Spring_2026/STAT-51400/project/outputs/responses/run_0267.json
346,3,176,success,together,deepseek-ai/DeepSeek-V3.1,summary_only,prompts/stim_paradigm_anova.md,,summary_only,deepseek_v3_1,prompts/stim_paradigm_anova.md,0.75,summary_only,1800,False,0.75,deepseek-ai/DeepSeek-V3.1,prompts/stim_paradigm_anova.md,2026-05-03T05:31:59.869359+00:00,2026-05-03T05:32:15.830584+00:00,15.960803,961,594,1555,,,,,True,9,9,1.0,stop,,/home/ricardo/Documents/Purdue/phd-notes/Spring_2026/STAT-51400/project/outputs/prompts/run_0346.md,/home/ricardo/Documents/Purdue/phd-notes/Spring_2026/STAT-51400/project/outputs/responses/run_0346.json
151,2,177,success,together,moonshotai/Kimi-K2.5,summary_only,prompts/stim_paradigm_predictive.md,,summary_only,kimi,prompts/stim_paradigm_predictive.md,0.25,summary_only,1800,False,0.25,moonshotai/Kimi-K2.5,prompts/stim_paradigm_predictive.md,2026-05-03T05:32:15.831141+00:00,2026-05-03T05:32:58.880376+00:00,43.048698,1003,1372,2375,,,,,True,11,11,1.0,stop,,/home/ricardo/Documents/Purdue/phd-notes/Spring_2026/STAT-51400/project/outputs/prompts/run_0151.md,/home/ricardo/Documents/Purdue/phd-notes/Spring_2026/STAT-51400/project/outputs/responses/run_0151.json
224,2,178,success,together,deepseek-ai/DeepSeek-V3.1,stim_summary,prompts/stim_paradigm_predictive.md,,stim_summary,deepseek_v3_1,prompts/stim_paradigm_predictive.md,1.0,stim_summary,1800,False,1.0,deepseek-ai/DeepSeek-V3.1,prompts/stim_paradigm_predictive.md,2026-05-03T05:32:58.880918+00:00,2026-05-03T05:33:49.371809+00:00,50.490226,1247,1800,3047,,,,,False,11,,,length,,/home/ricardo/Documents/Purdue/phd-notes/Spring_2026/STAT-51400/project/outputs/prompts/run_0224.md,/home/ricardo/Documents/Purdue/phd-notes/Spring_2026/STAT-51400/project/outputs/responses/run_0224.json
300,3,179,success,together,moonshotai/Kimi-K2.5,stim_and_mouse_summary,prompts/stim_paradigm_basic.md,,stim_and_mouse_summary,kimi,prompts/stim_paradigm_basic.md,0.75,stim_and_mouse_summary,1800,False,0.75,moonshotai/Kimi-K2.5,prompts/stim_paradigm_basic.md,2026-05-03T05:33:49.372514+00:00,2026-05-03T05:34:46.286928+00:00,56.865408,3973,1287,5260,,,,,True,8,8,1.0,stop,,/home/ricardo/Documents/Purdue/phd-notes/Spring_2026/STAT-51400/project/outputs/prompts/run_0300.md,/home/ricardo/Documents/Purdue/phd-notes/Spring_2026/STAT-51400/project/outputs/responses/run_0300.json
372,3,180,success,together,Qwen/Qwen3.5-9B,stim_and_mouse_summary,prompts/stim_paradigm_basic.md,,stim_and_mouse_summary,qwen3_5_9b,prompts/stim_paradigm_basic.md,0.25,stim_and_mouse_summary,1800,False,0.25,Qwen/Qwen3.5-9B,prompts/stim_paradigm_basic.md,2026-05-03T05:34:46.288239+00:00,2026-05-03T05:35:10.361932+00:00,24.073001,6164,1233,7397,,,,,True,8,8,1.0,stop,,/home/ricardo/Documents/Purdue/phd-notes/Spring_2026/STAT-51400/project/outputs/prompts/run_0372.md,/home/ricardo/Documents/Purdue/phd-notes/Spring_2026/STAT-51400/project/outputs/responses/run_0372.json
366,3,181,success,together,Qwen/Qwen3.5-9B,stim_and_mouse_summary,prompts/stim_paradigm_anova.md,,stim_and_mouse_summary,qwen3_5_9b,prompts/stim_paradigm_anova.md,0.0,stim_and_mouse_summary,1800,False,0.0,Qwen/Qwen3.5-9B,prompts/stim_paradigm_anova.md,2026-05-03T05:35:10.362562+00:00,2026-05-03T05:35:42.288500+00:00,31.925441,6216,1052,7268,,,,,True,9,9,1.0,stop,,/home/ricardo/Documents/Purdue/phd-notes/Spring_2026/STAT-51400/project/outputs/prompts/run_0366.md,/home/ricardo/Documents/Purdue/phd-notes/Spring_2026/STAT-51400/project/outputs/responses/run_0366.json
258,2,182,success,together,Qwen/Qwen3.5-9B,stim_and_mouse_summary,prompts/stim_paradigm_anova.md,,stim_and_mouse_summary,qwen3_5_9b,prompts/stim_paradigm_anova.md,0.75,stim_and_mouse_summary,1800,False,0.75,Qwen/Qwen3.5-9B,prompts/stim_paradigm_anova.md,2026-05-03T05:35:42.289839+00:00,2026-05-03T05:36:16.903363+00:00,34.61302,6217,1249,7466,,,,,True,9,9,1.0,stop,,/home/ricardo/Documents/Purdue/phd-notes/Spring_2026/STAT-51400/project/outputs/prompts/run_0258.md,/home/ricardo/Documents/Purdue/phd-notes/Spring_2026/STAT-51400/project/outputs/responses/run_0258.json
64,1,183,success,together,deepseek-ai/DeepSeek-V3.1,summary_only,prompts/stim_paradigm_basic.md,,summary_only,deepseek_v3_1,prompts/stim_paradigm_basic.md,0.5,summary_only,1800,False,0.5,deepseek-ai/DeepSeek-V3.1,prompts/stim_paradigm_basic.md,2026-05-03T05:36:16.903870+00:00,2026-05-03T05:36:32.077516+00:00,15.173102,912,534,1446,,,,,True,8,8,1.0,stop,,/home/ricardo/Documents/Purdue/phd-notes/Spring_2026/STAT-51400/project/outputs/prompts/run_0064.md,/home/ricardo/Documents/Purdue/phd-notes/Spring_2026/STAT-51400/project/outputs/responses/run_0064.json
212,2,184,success,together,deepseek-ai/DeepSeek-V3.1,stim_summary,prompts/stim_paradigm_anova.md,,stim_summary,deepseek_v3_1,prompts/stim_paradigm_anova.md,0.75,stim_summary,1800,False,0.75,deepseek-ai/DeepSeek-V3.1,prompts/stim_paradigm_anova.md,2026-05-03T05:36:32.077965+00:00,2026-05-03T05:36:44.571316+00:00,12.492058,1179,490,1669,,,,,True,9,9,1.0,stop,,/home/ricardo/Documents/Purdue/phd-notes/Spring_2026/STAT-51400/project/outputs/prompts/run_0212.md,/home/ricardo/Documents/Purdue/phd-notes/Spring_2026/STAT-51400/project/outputs/responses/run_0212.json
89,1,185,success,together,deepseek-ai/DeepSeek-V3.1,stim_summary,prompts/stim_paradigm_predictive.md,,stim_summary,deepseek_v3_1,prompts/stim_paradigm_predictive.md,1.0,stim_summary,1800,False,1.0,deepseek-ai/DeepSeek-V3.1,prompts/stim_paradigm_predictive.md,2026-05-03T05:36:44.571880+00:00,2026-05-03T05:36:55.834125+00:00,11.261066,1247,448,1695,,,,,True,11,11,1.0,stop,,/home/ricardo/Documents/Purdue/phd-notes/Spring_2026/STAT-51400/project/outputs/prompts/run_0089.md,/home/ricardo/Documents/Purdue/phd-notes/Spring_2026/STAT-51400/project/outputs/responses/run_0089.json
331,3,186,success,together,deepseek-ai/DeepSeek-V3.1,summary_only,prompts/stim_paradigm_predictive.md,,summary_only,deepseek_v3_1,prompts/stim_paradigm_predictive.md,0.25,summary_only,1800,False,0.25,deepseek-ai/DeepSeek-V3.1,prompts/stim_paradigm_predictive.md,2026-05-03T05:36:55.834664+00:00,2026-05-03T05:37:50.106409+00:00,54.27116,1029,1800,2829,,,,,False,11,,,length,,/home/ricardo/Documents/Purdue/phd-notes/Spring_2026/STAT-51400/project/outputs/prompts/run_0331.md,/home/ricardo/Documents/Purdue/phd-notes/Spring_2026/STAT-51400/project/outputs/responses/run_0331.json
305,3,187,success,together,moonshotai/Kimi-K2.5,stim_summary,prompts/stim_paradigm_predictive.md,,stim_summary,kimi,prompts/stim_paradigm_predictive.md,0.75,stim_summary,1800,False,0.75,moonshotai/Kimi-K2.5,prompts/stim_paradigm_predictive.md,2026-05-03T05:37:50.106860+00:00,2026-05-03T05:38:25.743135+00:00,35.635741,1217,1570,2787,,,,,True,11,11,1.0,stop,,/home/ricardo/Documents/Purdue/phd-notes/Spring_2026/STAT-51400/project/outputs/prompts/run_0305.md,/home/ricardo/Documents/Purdue/phd-notes/Spring_2026/STAT-51400/project/outputs/responses/run_0305.json
308,3,188,success,together,moonshotai/Kimi-K2.5,stim_summary,prompts/stim_paradigm_basic.md,,stim_summary,kimi,prompts/stim_paradigm_basic.md,1.0,stim_summary,1800,False,1.0,moonshotai/Kimi-K2.5,prompts/stim_paradigm_basic.md,2026-05-03T05:38:25.743706+00:00,2026-05-03T05:39:07.181963+00:00,41.437722,1109,1361,2470,,,,,True,8,8,1.0,stop,,/home/ricardo/Documents/Purdue/phd-notes/Spring_2026/STAT-51400/project/outputs/prompts/run_0308.md,/home/ricardo/Documents/Purdue/phd-notes/Spring_2026/STAT-51400/project/outputs/responses/run_0308.json
386,3,189,success,together,Qwen/Qwen3.5-9B,stim_summary,prompts/stim_paradigm_predictive.md,,stim_summary,qwen3_5_9b,prompts/stim_paradigm_predictive.md,0.5,stim_summary,1800,False,0.5,Qwen/Qwen3.5-9B,prompts/stim_paradigm_predictive.md,2026-05-03T05:39:07.182454+00:00,2026-05-03T05:39:26.484279+00:00,19.250955,1512,1221,2733,,,,,True,11,11,1.0,stop,,/home/ricardo/Documents/Purdue/phd-notes/Spring_2026/STAT-51400/project/outputs/prompts/run_0386.md,/home/ricardo/Documents/Purdue/phd-notes/Spring_2026/STAT-51400/project/outputs/responses/run_0386.json
211,2,190,success,together,deepseek-ai/DeepSeek-V3.1,summary_only,prompts/stim_paradigm_anova.md,,summary_only,deepseek_v3_1,prompts/stim_paradigm_anova.md,0.75,summary_only,1800,False,0.75,deepseek-ai/DeepSeek-V3.1,prompts/stim_paradigm_anova.md,2026-05-03T05:39:26.485438+00:00,2026-05-03T05:39:38.676150+00:00,12.19007,961,443,1404,,,,,True,9,9,1.0,stop,,/home/ricardo/Documents/Purdue/phd-notes/Spring_2026/STAT-51400/project/outputs/prompts/run_0211.md,/home/ricardo/Documents/Purdue/phd-notes/Spring_2026/STAT-51400/project/outputs/responses/run_0211.json
370,3,191,success,together,Qwen/Qwen3.5-9B,summary_only,prompts/stim_paradigm_basic.md,,summary_only,qwen3_5_9b,prompts/stim_paradigm_basic.md,0.25,summary_only,1800,False,0.25,Qwen/Qwen3.5-9B,prompts/stim_paradigm_basic.md,2026-05-03T05:39:38.676756+00:00,2026-05-03T05:40:14.528236+00:00,35.814511,1074,966,2040,,,,,True,8,8,1.0,stop,,/home/ricardo/Documents/Purdue/phd-notes/Spring_2026/STAT-51400/project/outputs/prompts/run_0370.md,/home/ricardo/Documents/Purdue/phd-notes/Spring_2026/STAT-51400/project/outputs/responses/run_0370.json
113,1,192,success,together,Qwen/Qwen3.5-9B,stim_summary,prompts/stim_paradigm_anova.md,,stim_summary,qwen3_5_9b,prompts/stim_paradigm_anova.md,0.5,stim_summary,1800,False,0.5,Qwen/Qwen3.5-9B,prompts/stim_paradigm_anova.md,2026-05-03T05:40:14.529022+00:00,2026-05-03T05:40:36.309549+00:00,21.780018,1453,1303,2756,,,,,True,9,9,1.0,stop,,/home/ricardo/Documents/Purdue/phd-notes/Spring_2026/STAT-51400/project/outputs/prompts/run_0113.md,/home/ricardo/Documents/Purdue/phd-notes/Spring_2026/STAT-51400/project/outputs/responses/run_0113.json
188,2,193,success,together,deepseek-ai/DeepSeek-V3.1,stim_summary,prompts/stim_paradigm_predictive.md,,stim_summary,deepseek_v3_1,prompts/stim_paradigm_predictive.md,0.0,stim_summary,1800,False,0.0,deepseek-ai/DeepSeek-V3.1,prompts/stim_paradigm_predictive.md,2026-05-03T05:40:36.310146+00:00,2026-05-03T05:40:47.056505+00:00,10.74589,1247,471,1718,,,,,True,11,11,1.0,stop,,/home/ricardo/Documents/Purdue/phd-notes/Spring_2026/STAT-51400/project/outputs/prompts/run_0188.md,/home/ricardo/Documents/Purdue/phd-notes/Spring_2026/STAT-51400/project/outputs/responses/run_0188.json
381,3,194,success,together,Qwen/Qwen3.5-9B,stim_and_mouse_summary,prompts/stim_paradigm_basic.md,,stim_and_mouse_summary,qwen3_5_9b,prompts/stim_paradigm_basic.md,0.5,stim_and_mouse_summary,1800,False,0.5,Qwen/Qwen3.5-9B,prompts/stim_paradigm_basic.md,2026-05-03T05:40:47.057108+00:00,2026-05-03T05:41:17.575646+00:00,30.51799,6163,1204,7367,,,,,True,8,8,1.0,stop,,/home/ricardo/Documents/Purdue/phd-notes/Spring_2026/STAT-51400/project/outputs/prompts/run_0381.md,/home/ricardo/Documents/Purdue/phd-notes/Spring_2026/STAT-51400/project/outputs/responses/run_0381.json
243,2,195,success,together,Qwen/Qwen3.5-9B,stim_and_mouse_summary,prompts/stim_paradigm_predictive.md,,stim_and_mouse_summary,qwen3_5_9b,prompts/stim_paradigm_predictive.md,0.25,stim_and_mouse_summary,1800,False,0.25,Qwen/Qwen3.5-9B,prompts/stim_paradigm_predictive.md,2026-05-03T05:41:17.576260+00:00,2026-05-03T05:41:53.618602+00:00,36.041813,6276,1195,7471,,,,,True,11,11,1.0,stop,,/home/ricardo/Documents/Purdue/phd-notes/Spring_2026/STAT-51400/project/outputs/prompts/run_0243.md,/home/ricardo/Documents/Purdue/phd-notes/Spring_2026/STAT-51400/project/outputs/responses/run_0243.json
133,1,196,success,together,Qwen/Qwen3.5-9B,summary_only,prompts/stim_paradigm_predictive.md,,summary_only,qwen3_5_9b,prompts/stim_paradigm_predictive.md,1.0,summary_only,1800,False,1.0,Qwen/Qwen3.5-9B,prompts/stim_paradigm_predictive.md,2026-05-03T05:41:53.619157+00:00,2026-05-03T05:42:22.404944+00:00,28.785404,1185,1708,2893,,,,,True,11,11,1.0,stop,,/home/ricardo/Documents/Purdue/phd-notes/Spring_2026/STAT-51400/project/outputs/prompts/run_0133.md,/home/ricardo/Documents/Purdue/phd-notes/Spring_2026/STAT-51400/project/outputs/responses/run_0133.json
2,1,197,success,together,moonshotai/Kimi-K2.5,stim_summary,prompts/stim_paradigm_basic.md,,stim_summary,kimi,prompts/stim_paradigm_basic.md,0.0,stim_summary,1800,False,0.0,moonshotai/Kimi-K2.5,prompts/stim_paradigm_basic.md,2026-05-03T05:42:22.405364+00:00,2026-05-03T05:42:34.578096+00:00,12.17206,1109,1149,2258,,,,,True,8,8,1.0,stop,,/home/ricardo/Documents/Purdue/phd-notes/Spring_2026/STAT-51400/project/outputs/prompts/run_0002.md,/home/ricardo/Documents/Purdue/phd-notes/Spring_2026/STAT-51400/project/outputs/responses/run_0002.json
299,3,198,success,together,moonshotai/Kimi-K2.5,stim_summary,prompts/stim_paradigm_basic.md,,stim_summary,kimi,prompts/stim_paradigm_basic.md,0.75,stim_summary,1800,False,0.75,moonshotai/Kimi-K2.5,prompts/stim_paradigm_basic.md,2026-05-03T05:42:34.578726+00:00,2026-05-03T05:42:50.142416+00:00,15.5632,1109,1258,2367,,,,,True,8,8,1.0,stop,,/home/ricardo/Documents/Purdue/phd-notes/Spring_2026/STAT-51400/project/outputs/prompts/run_0299.md,/home/ricardo/Documents/Purdue/phd-notes/Spring_2026/STAT-51400/project/outputs/responses/run_0299.json
98,1,199,success,together,Qwen/Qwen3.5-9B,stim_summary,prompts/stim_paradigm_predictive.md,,stim_summary,qwen3_5_9b,prompts/stim_paradigm_predictive.md,0.0,stim_summary,1800,False,0.0,Qwen/Qwen3.5-9B,prompts/stim_paradigm_predictive.md,2026-05-03T05:42:50.142925+00:00,2026-05-03T05:43:11.647471+00:00,21.503802,1511,1197,2708,,,,,True,11,11,1.0,stop,,/home/ricardo/Documents/Purdue/phd-notes/Spring_2026/STAT-51400/project/outputs/prompts/run_0098.md,/home/ricardo/Documents/Purdue/phd-notes/Spring_2026/STAT-51400/project/outputs/responses/run_0098.json
27,1,200,success,together,moonshotai/Kimi-K2.5,stim_and_mouse_summary,prompts/stim_paradigm_predictive.md,,stim_and_mouse_summary,kimi,prompts/stim_paradigm_predictive.md,0.5,stim_and_mouse_summary,1800,False,0.5,moonshotai/Kimi-K2.5,prompts/stim_paradigm_predictive.md,2026-05-03T05:43:11.648173+00:00,2026-05-03T05:43:24.823934+00:00,13.175164,4081,1709,5790,,,,,True,11,11,1.0,stop,,/home/ricardo/Documents/Purdue/phd-notes/Spring_2026/STAT-51400/project/outputs/prompts/run_0027.md,/home/ricardo/Documents/Purdue/phd-notes/Spring_2026/STAT-51400/project/outputs/responses/run_0027.json
128,1,201,success,together,Qwen/Qwen3.5-9B,stim_summary,prompts/stim_paradigm_basic.md,,stim_summary,qwen3_5_9b,prompts/stim_paradigm_basic.md,1.0,stim_summary,1800,False,1.0,Qwen/Qwen3.5-9B,prompts/stim_paradigm_basic.md,2026-05-03T05:43:24.824444+00:00,2026-05-03T05:43:39.719903+00:00,14.894997,1400,900,2300,,,,,True,8,8,1.0,stop,,/home/ricardo/Documents/Purdue/phd-notes/Spring_2026/STAT-51400/project/outputs/prompts/run_0128.md,/home/ricardo/Documents/Purdue/phd-notes/Spring_2026/STAT-51400/project/outputs/responses/run_0128.json
350,3,202,success,together,deepseek-ai/DeepSeek-V3.1,stim_summary,prompts/stim_paradigm_predictive.md,,stim_summary,deepseek_v3_1,prompts/stim_paradigm_predictive.md,0.75,stim_summary,1800,False,0.75,deepseek-ai/DeepSeek-V3.1,prompts/stim_paradigm_predictive.md,2026-05-03T05:43:39.720441+00:00,2026-05-03T05:43:54.658209+00:00,14.937102,1247,553,1800,,,,,True,11,11,1.0,stop,,/home/ricardo/Documents/Purdue/phd-notes/Spring_2026/STAT-51400/project/outputs/prompts/run_0350.md,/home/ricardo/Documents/Purdue/phd-notes/Spring_2026/STAT-51400/project/outputs/responses/run_0350.json
340,3,203,success,together,deepseek-ai/DeepSeek-V3.1,summary_only,prompts/stim_paradigm_predictive.md,,summary_only,deepseek_v3_1,prompts/stim_paradigm_predictive.md,0.5,summary_only,1800,False,0.5,deepseek-ai/DeepSeek-V3.1,prompts/stim_paradigm_predictive.md,2026-05-03T05:43:54.658758+00:00,2026-05-03T05:44:08.458996+00:00,13.799529,1029,481,1510,,,,,True,11,11,1.0,stop,,/home/ricardo/Documents/Purdue/phd-notes/Spring_2026/STAT-51400/project/outputs/prompts/run_0340.md,/home/ricardo/Documents/Purdue/phd-notes/Spring_2026/STAT-51400/project/outputs/responses/run_0340.json
339,3,204,success,together,deepseek-ai/DeepSeek-V3.1,stim_and_mouse_summary,prompts/stim_paradigm_anova.md,,stim_and_mouse_summary,deepseek_v3_1,prompts/stim_paradigm_anova.md,0.5,stim_and_mouse_summary,1800,False,0.5,deepseek-ai/DeepSeek-V3.1,prompts/stim_paradigm_anova.md,2026-05-03T05:44:08.459815+00:00,2026-05-03T05:44:18.834147+00:00,10.373884,4083,398,4481,,,,,True,9,9,1.0,stop,,/home/ricardo/Documents/Purdue/phd-notes/Spring_2026/STAT-51400/project/outputs/prompts/run_0339.md,/home/ricardo/Documents/Purdue/phd-notes/Spring_2026/STAT-51400/project/outputs/responses/run_0339.json
36,1,205,success,together,moonshotai/Kimi-K2.5,stim_and_mouse_summary,prompts/stim_paradigm_predictive.md,,stim_and_mouse_summary,kimi,prompts/stim_paradigm_predictive.md,0.75,stim_and_mouse_summary,1800,False,0.75,moonshotai/Kimi-K2.5,prompts/stim_paradigm_predictive.md,2026-05-03T05:44:18.834762+00:00,2026-05-03T05:47:20.485006+00:00,181.649635,4081,1780,5861,,,,,True,11,11,1.0,stop,,/home/ricardo/Documents/Purdue/phd-notes/Spring_2026/STAT-51400/project/outputs/prompts/run_0036.md,/home/ricardo/Documents/Purdue/phd-notes/Spring_2026/STAT-51400/project/outputs/responses/run_0036.json
62,1,206,success,together,deepseek-ai/DeepSeek-V3.1,stim_summary,prompts/stim_paradigm_predictive.md,,stim_summary,deepseek_v3_1,prompts/stim_paradigm_predictive.md,0.25,stim_summary,1800,False,0.25,deepseek-ai/DeepSeek-V3.1,prompts/stim_paradigm_predictive.md,2026-05-03T05:47:20.485573+00:00,2026-05-03T05:47:30.927127+00:00,10.441003,1247,459,1706,,,,,True,11,11,1.0,stop,,/home/ricardo/Documents/Purdue/phd-notes/Spring_2026/STAT-51400/project/outputs/prompts/run_0062.md,/home/ricardo/Documents/Purdue/phd-notes/Spring_2026/STAT-51400/project/outputs/responses/run_0062.json
333,3,207,success,together,deepseek-ai/DeepSeek-V3.1,stim_and_mouse_summary,prompts/stim_paradigm_predictive.md,,stim_and_mouse_summary,deepseek_v3_1,prompts/stim_paradigm_predictive.md,0.25,stim_and_mouse_summary,1800,False,0.25,deepseek-ai/DeepSeek-V3.1,prompts/stim_paradigm_predictive.md,2026-05-03T05:47:30.928286+00:00,2026-05-03T05:47:45.465952+00:00,14.536942,4151,538,4689,,,,,True,11,11,1.0,stop,,/home/ricardo/Documents/Purdue/phd-notes/Spring_2026/STAT-51400/project/outputs/prompts/run_0333.md,/home/ricardo/Documents/Purdue/phd-notes/Spring_2026/STAT-51400/project/outputs/responses/run_0333.json
284,3,208,success,together,moonshotai/Kimi-K2.5,stim_summary,prompts/stim_paradigm_anova.md,,stim_summary,kimi,prompts/stim_paradigm_anova.md,0.25,stim_summary,1800,False,0.25,moonshotai/Kimi-K2.5,prompts/stim_paradigm_anova.md,2026-05-03T05:47:45.466489+00:00,2026-05-03T05:48:04.102939+00:00,18.635932,1161,1466,2627,,,,,True,9,9,1.0,stop,,/home/ricardo/Documents/Purdue/phd-notes/Spring_2026/STAT-51400/project/outputs/prompts/run_0284.md,/home/ricardo/Documents/Purdue/phd-notes/Spring_2026/STAT-51400/project/outputs/responses/run_0284.json
338,3,209,success,together,deepseek-ai/DeepSeek-V3.1,stim_summary,prompts/stim_paradigm_anova.md,,stim_summary,deepseek_v3_1,prompts/stim_paradigm_anova.md,0.5,stim_summary,1800,False,0.5,deepseek-ai/DeepSeek-V3.1,prompts/stim_paradigm_anova.md,2026-05-03T05:48:04.129466+00:00,2026-05-03T05:48:15.982960+00:00,11.853029,1179,483,1662,,,,,True,9,9,1.0,stop,,/home/ricardo/Documents/Purdue/phd-notes/Spring_2026/STAT-51400/project/outputs/prompts/run_0338.md,/home/ricardo/Documents/Purdue/phd-notes/Spring_2026/STAT-51400/project/outputs/responses/run_0338.json
94,1,210,success,together,Qwen/Qwen3.5-9B,summary_only,prompts/stim_paradigm_anova.md,,summary_only,qwen3_5_9b,prompts/stim_paradigm_anova.md,0.0,summary_only,1800,False,0.0,Qwen/Qwen3.5-9B,prompts/stim_paradigm_anova.md,2026-05-03T05:48:15.983429+00:00,2026-05-03T05:49:02.472820+00:00,46.488903,1125,1019,2144,,,,,True,9,9,1.0,stop,,/home/ricardo/Documents/Purdue/phd-notes/Spring_2026/STAT-51400/project/outputs/prompts/run_0094.md,/home/ricardo/Documents/Purdue/phd-notes/Spring_2026/STAT-51400/project/outputs/responses/run_0094.json
246,2,211,success,together,Qwen/Qwen3.5-9B,stim_and_mouse_summary,prompts/stim_paradigm_basic.md,,stim_and_mouse_summary,qwen3_5_9b,prompts/stim_paradigm_basic.md,0.5,stim_and_mouse_summary,1800,False,0.5,Qwen/Qwen3.5-9B,prompts/stim_paradigm_basic.md,2026-05-03T05:49:02.473394+00:00,2026-05-03T05:49:17.628540+00:00,15.154351,6163,951,7114,,,,,True,8,8,1.0,stop,,/home/ricardo/Documents/Purdue/phd-notes/Spring_2026/STAT-51400/project/outputs/prompts/run_0246.md,/home/ricardo/Documents/Purdue/phd-notes/Spring_2026/STAT-51400/project/outputs/responses/run_0246.json
278,3,212,success,together,moonshotai/Kimi-K2.5,stim_summary,prompts/stim_paradigm_predictive.md,,stim_summary,kimi,prompts/stim_paradigm_predictive.md,0.0,stim_summary,1800,False,0.0,moonshotai/Kimi-K2.5,prompts/stim_paradigm_predictive.md,2026-05-03T05:49:17.629189+00:00,2026-05-03T05:49:38.518225+00:00,20.888487,1217,1682,2899,,,,,True,11,11,1.0,stop,,/home/ricardo/Documents/Purdue/phd-notes/Spring_2026/STAT-51400/project/outputs/prompts/run_0278.md,/home/ricardo/Documents/Purdue/phd-notes/Spring_2026/STAT-51400/project/outputs/responses/run_0278.json
141,2,213,success,together,moonshotai/Kimi-K2.5,stim_and_mouse_summary,prompts/stim_paradigm_anova.md,,stim_and_mouse_summary,kimi,prompts/stim_paradigm_anova.md,0.0,stim_and_mouse_summary,1800,False,0.0,moonshotai/Kimi-K2.5,prompts/stim_paradigm_anova.md,2026-05-03T05:49:38.518945+00:00,2026-05-03T05:50:20.704436+00:00,42.185094,4025,1554,5579,,,,,True,9,9,1.0,stop,,/home/ricardo/Documents/Purdue/phd-notes/Spring_2026/STAT-51400/project/outputs/prompts/run_0141.md,/home/ricardo/Documents/Purdue/phd-notes/Spring_2026/STAT-51400/project/outputs/responses/run_0141.json
122,1,214,success,together,Qwen/Qwen3.5-9B,stim_summary,prompts/stim_paradigm_anova.md,,stim_summary,qwen3_5_9b,prompts/stim_paradigm_anova.md,0.75,stim_summary,1800,False,0.75,Qwen/Qwen3.5-9B,prompts/stim_paradigm_anova.md,2026-05-03T05:50:20.704798+00:00,2026-05-03T05:50:46.813482+00:00,26.107921,1454,1249,2703,,,,,True,9,9,1.0,stop,,/home/ricardo/Documents/Purdue/phd-notes/Spring_2026/STAT-51400/project/outputs/prompts/run_0122.md,/home/ricardo/Documents/Purdue/phd-notes/Spring_2026/STAT-51400/project/outputs/responses/run_0122.json
8,1,215,success,together,moonshotai/Kimi-K2.5,stim_summary,prompts/stim_paradigm_predictive.md,,stim_summary,kimi,prompts/stim_paradigm_predictive.md,0.0,stim_summary,1800,False,0.0,moonshotai/Kimi-K2.5,prompts/stim_paradigm_predictive.md,2026-05-03T05:50:46.814143+00:00,2026-05-03T05:51:19.483505+00:00,32.668935,1217,1442,2659,,,,,True,11,11,1.0,stop,,/home/ricardo/Documents/Purdue/phd-notes/Spring_2026/STAT-51400/project/outputs/prompts/run_0008.md,/home/ricardo/Documents/Purdue/phd-notes/Spring_2026/STAT-51400/project/outputs/responses/run_0008.json
26,1,216,success,together,moonshotai/Kimi-K2.5,stim_summary,prompts/stim_paradigm_predictive.md,,stim_summary,kimi,prompts/stim_paradigm_predictive.md,0.5,stim_summary,1800,False,0.5,moonshotai/Kimi-K2.5,prompts/stim_paradigm_predictive.md,2026-05-03T05:51:19.483945+00:00,2026-05-03T05:53:01.481612+00:00,101.996991,1217,1392,2609,,,,,True,11,11,1.0,stop,,/home/ricardo/Documents/Purdue/phd-notes/Spring_2026/STAT-51400/project/outputs/prompts/run_0026.md,/home/ricardo/Documents/Purdue/phd-notes/Spring_2026/STAT-51400/project/outputs/responses/run_0026.json
18,1,217,success,together,moonshotai/Kimi-K2.5,stim_and_mouse_summary,prompts/stim_paradigm_predictive.md,,stim_and_mouse_summary,kimi,prompts/stim_paradigm_predictive.md,0.25,stim_and_mouse_summary,1800,False,0.25,moonshotai/Kimi-K2.5,prompts/stim_paradigm_predictive.md,2026-05-03T05:53:01.482302+00:00,2026-05-03T05:53:28.099288+00:00,26.616244,4081,1375,5456,,,,,True,11,11,1.0,stop,,/home/ricardo/Documents/Purdue/phd-notes/Spring_2026/STAT-51400/project/outputs/prompts/run_0018.md,/home/ricardo/Documents/Purdue/phd-notes/Spring_2026/STAT-51400/project/outputs/responses/run_0018.json
237,2,218,success,together,Qwen/Qwen3.5-9B,stim_and_mouse_summary,prompts/stim_paradigm_basic.md,,stim_and_mouse_summary,qwen3_5_9b,prompts/stim_paradigm_basic.md,0.25,stim_and_mouse_summary,1800,False,0.25,Qwen/Qwen3.5-9B,prompts/stim_paradigm_basic.md,2026-05-03T05:53:28.099888+00:00,2026-05-03T05:53:55.744649+00:00,27.644255,6164,1067,7231,,,,,True,8,8,1.0,stop,,/home/ricardo/Documents/Purdue/phd-notes/Spring_2026/STAT-51400/project/outputs/prompts/run_0237.md,/home/ricardo/Documents/Purdue/phd-notes/Spring_2026/STAT-51400/project/outputs/responses/run_0237.json
136,2,219,success,together,moonshotai/Kimi-K2.5,summary_only,prompts/stim_paradigm_basic.md,,summary_only,kimi,prompts/stim_paradigm_basic.md,0.0,summary_only,1800,False,0.0,moonshotai/Kimi-K2.5,prompts/stim_paradigm_basic.md,2026-05-03T05:53:55.745131+00:00,2026-05-03T05:54:35.685601+00:00,39.940053,895,972,1867,,,,,True,8,8,1.0,stop,,/home/ricardo/Documents/Purdue/phd-notes/Spring_2026/STAT-51400/project/outputs/prompts/run_0136.md,/home/ricardo/Documents/Purdue/phd-notes/Spring_2026/STAT-51400/project/outputs/responses/run_0136.json
286,3,220,success,together,moonshotai/Kimi-K2.5,summary_only,prompts/stim_paradigm_predictive.md,,summary_only,kimi,prompts/stim_paradigm_predictive.md,0.25,summary_only,1800,False,0.25,moonshotai/Kimi-K2.5,prompts/stim_paradigm_predictive.md,2026-05-03T05:54:35.685931+00:00,2026-05-03T05:54:50.258058+00:00,14.571377,1003,1367,2370,,,,,True,11,11,1.0,stop,,/home/ricardo/Documents/Purdue/phd-notes/Spring_2026/STAT-51400/project/outputs/prompts/run_0286.md,/home/ricardo/Documents/Purdue/phd-notes/Spring_2026/STAT-51400/project/outputs/responses/run_0286.json
295,3,221,success,together,moonshotai/Kimi-K2.5,summary_only,prompts/stim_paradigm_predictive.md,,summary_only,kimi,prompts/stim_paradigm_predictive.md,0.5,summary_only,1800,False,0.5,moonshotai/Kimi-K2.5,prompts/stim_paradigm_predictive.md,2026-05-03T05:54:50.258512+00:00,2026-05-03T05:55:01.279912+00:00,11.020907,1003,1027,2030,,,,,True,11,11,1.0,stop,,/home/ricardo/Documents/Purdue/phd-notes/Spring_2026/STAT-51400/project/outputs/prompts/run_0295.md,/home/ricardo/Documents/Purdue/phd-notes/Spring_2026/STAT-51400/project/outputs/responses/run_0295.json
3,1,222,success,together,moonshotai/Kimi-K2.5,stim_and_mouse_summary,prompts/stim_paradigm_basic.md,,stim_and_mouse_summary,kimi,prompts/stim_paradigm_basic.md,0.0,stim_and_mouse_summary,1800,False,0.0,moonshotai/Kimi-K2.5,prompts/stim_paradigm_basic.md,2026-05-03T05:55:01.280515+00:00,2026-05-03T05:55:37.813111+00:00,36.531721,3973,1077,5050,,,,,True,8,8,1.0,stop,,/home/ricardo/Documents/Purdue/phd-notes/Spring_2026/STAT-51400/project/outputs/prompts/run_0003.md,/home/ricardo/Documents/Purdue/phd-notes/Spring_2026/STAT-51400/project/outputs/responses/run_0003.json
375,3,223,success,together,Qwen/Qwen3.5-9B,stim_and_mouse_summary,prompts/stim_paradigm_anova.md,,stim_and_mouse_summary,qwen3_5_9b,prompts/stim_paradigm_anova.md,0.25,stim_and_mouse_summary,1800,False,0.25,Qwen/Qwen3.5-9B,prompts/stim_paradigm_anova.md,2026-05-03T05:55:37.813710+00:00,2026-05-03T05:56:01.494757+00:00,23.680672,6217,1413,7630,,,,,True,9,9,1.0,stop,,/home/ricardo/Documents/Purdue/phd-notes/Spring_2026/STAT-51400/project/outputs/prompts/run_0375.md,/home/ricardo/Documents/Purdue/phd-notes/Spring_2026/STAT-51400/project/outputs/responses/run_0375.json
227,2,224,success,together,Qwen/Qwen3.5-9B,stim_summary,prompts/stim_paradigm_basic.md,,stim_summary,qwen3_5_9b,prompts/stim_paradigm_basic.md,0.0,stim_summary,1800,False,0.0,Qwen/Qwen3.5-9B,prompts/stim_paradigm_basic.md,2026-05-03T05:56:01.495105+00:00,2026-05-03T05:56:35.929272+00:00,34.408742,1400,944,2344,,,,,True,8,8,1.0,stop,,/home/ricardo/Documents/Purdue/phd-notes/Spring_2026/STAT-51400/project/outputs/prompts/run_0227.md,/home/ricardo/Documents/Purdue/phd-notes/Spring_2026/STAT-51400/project/outputs/responses/run_0227.json
233,2,225,success,together,Qwen/Qwen3.5-9B,stim_summary,prompts/stim_paradigm_predictive.md,,stim_summary,qwen3_5_9b,prompts/stim_paradigm_predictive.md,0.0,stim_summary,1800,False,0.0,Qwen/Qwen3.5-9B,prompts/stim_paradigm_predictive.md,2026-05-03T05:56:35.929910+00:00,2026-05-03T05:57:23.006690+00:00,47.0764,1512,1161,2673,,,,,True,11,11,1.0,stop,,/home/ricardo/Documents/Purdue/phd-notes/Spring_2026/STAT-51400/project/outputs/prompts/run_0233.md,/home/ricardo/Documents/Purdue/phd-notes/Spring_2026/STAT-51400/project/outputs/responses/run_0233.json
342,3,226,success,together,deepseek-ai/DeepSeek-V3.1,stim_and_mouse_summary,prompts/stim_paradigm_predictive.md,,stim_and_mouse_summary,deepseek_v3_1,prompts/stim_paradigm_predictive.md,0.5,stim_and_mouse_summary,1800,False,0.5,deepseek-ai/DeepSeek-V3.1,prompts/stim_paradigm_predictive.md,2026-05-03T05:57:23.007099+00:00,2026-05-03T05:57:35.499553+00:00,12.491949,4151,564,4715,,,,,True,11,11,1.0,stop,,/home/ricardo/Documents/Purdue/phd-notes/Spring_2026/STAT-51400/project/outputs/prompts/run_0342.md,/home/ricardo/Documents/Purdue/phd-notes/Spring_2026/STAT-51400/project/outputs/responses/run_0342.json
9,1,227,success,together,moonshotai/Kimi-K2.5,stim_and_mouse_summary,prompts/stim_paradigm_predictive.md,,stim_and_mouse_summary,kimi,prompts/stim_paradigm_predictive.md,0.0,stim_and_mouse_summary,1800,False,0.0,moonshotai/Kimi-K2.5,prompts/stim_paradigm_predictive.md,2026-05-03T05:57:35.500103+00:00,2026-05-03T05:57:53.520350+00:00,18.019847,4081,1399,5480,,,,,True,11,11,1.0,stop,,/home/ricardo/Documents/Purdue/phd-notes/Spring_2026/STAT-51400/project/outputs/prompts/run_0009.md,/home/ricardo/Documents/Purdue/phd-notes/Spring_2026/STAT-51400/project/outputs/responses/run_0009.json
55,1,228,success,together,deepseek-ai/DeepSeek-V3.1,summary_only,prompts/stim_paradigm_basic.md,,summary_only,deepseek_v3_1,prompts/stim_paradigm_basic.md,0.25,summary_only,1800,False,0.25,deepseek-ai/DeepSeek-V3.1,prompts/stim_paradigm_basic.md,2026-05-03T05:57:53.520685+00:00,2026-05-03T05:58:42.059167+00:00,48.537104,912,1800,2712,,,,,False,8,,,length,,/home/ricardo/Documents/Purdue/phd-notes/Spring_2026/STAT-51400/project/outputs/prompts/run_0055.md,/home/ricardo/Documents/Purdue/phd-notes/Spring_2026/STAT-51400/project/outputs/responses/run_0055.json
206,2,229,success,together,deepseek-ai/DeepSeek-V3.1,stim_summary,prompts/stim_paradigm_predictive.md,,stim_summary,deepseek_v3_1,prompts/stim_paradigm_predictive.md,0.5,stim_summary,1800,False,0.5,deepseek-ai/DeepSeek-V3.1,prompts/stim_paradigm_predictive.md,2026-05-03T05:58:42.059680+00:00,2026-05-03T05:59:32.030674+00:00,49.970175,1247,1800,3047,,,,,False,11,,,length,,/home/ricardo/Documents/Purdue/phd-notes/Spring_2026/STAT-51400/project/outputs/prompts/run_0206.md,/home/ricardo/Documents/Purdue/phd-notes/Spring_2026/STAT-51400/project/outputs/responses/run_0206.json
302,3,230,success,together,moonshotai/Kimi-K2.5,stim_summary,prompts/stim_paradigm_anova.md,,stim_summary,kimi,prompts/stim_paradigm_anova.md,0.75,stim_summary,1800,False,0.75,moonshotai/Kimi-K2.5,prompts/stim_paradigm_anova.md,2026-05-03T05:59:32.031196+00:00,2026-05-03T05:59:45.752501+00:00,13.72068,1161,1307,2468,,,,,True,9,9,1.0,stop,,/home/ricardo/Documents/Purdue/phd-notes/Spring_2026/STAT-51400/project/outputs/prompts/run_0302.md,/home/ricardo/Documents/Purdue/phd-notes/Spring_2026/STAT-51400/project/outputs/responses/run_0302.json
205,2,231,success,together,deepseek-ai/DeepSeek-V3.1,summary_only,prompts/stim_paradigm_predictive.md,,summary_only,deepseek_v3_1,prompts/stim_paradigm_predictive.md,0.5,summary_only,1800,False,0.5,deepseek-ai/DeepSeek-V3.1,prompts/stim_paradigm_predictive.md,2026-05-03T05:59:45.752995+00:00,2026-05-03T05:59:50.668784+00:00,4.915006,1029,490,1519,,,,,True,11,11,1.0,stop,,/home/ricardo/Documents/Purdue/phd-notes/Spring_2026/STAT-51400/project/outputs/prompts/run_0205.md,/home/ricardo/Documents/Purdue/phd-notes/Spring_2026/STAT-51400/project/outputs/responses/run_0205.json
318,3,233,success,together,deepseek-ai/DeepSeek-V3.1,stim_and_mouse_summary,prompts/stim_paradigm_basic.md,,stim_and_mouse_summary,deepseek_v3_1,prompts/stim_paradigm_basic.md,0.0,stim_and_mouse_summary,1800,False,0.0,deepseek-ai/DeepSeek-V3.1,prompts/stim_paradigm_basic.md,2026-05-03T06:02:53.827072+00:00,2026-05-03T06:03:04.668224+00:00,10.840677,4034,598,4632,,,,,True,8,8,1.0,stop,,/home/ricardo/Documents/Purdue/phd-notes/Spring_2026/STAT-51400/project/outputs/prompts/run_0318.md,/home/ricardo/Documents/Purdue/phd-notes/Spring_2026/STAT-51400/project/outputs/responses/run_0318.json
343,3,234,success,together,deepseek-ai/DeepSeek-V3.1,summary_only,prompts/stim_paradigm_basic.md,,summary_only,deepseek_v3_1,prompts/stim_paradigm_basic.md,0.75,summary_only,1800,False,0.75,deepseek-ai/DeepSeek-V3.1,prompts/stim_paradigm_basic.md,2026-05-03T06:03:04.668758+00:00,2026-05-03T06:03:16.737297+00:00,12.068112,912,579,1491,,,,,True,8,8,1.0,stop,,/home/ricardo/Documents/Purdue/phd-notes/Spring_2026/STAT-51400/project/outputs/prompts/run_0343.md,/home/ricardo/Documents/Purdue/phd-notes/Spring_2026/STAT-51400/project/outputs/responses/run_0343.json
404,3,235,success,together,Qwen/Qwen3.5-9B,stim_summary,prompts/stim_paradigm_predictive.md,,stim_summary,qwen3_5_9b,prompts/stim_paradigm_predictive.md,1.0,stim_summary,1800,False,1.0,Qwen/Qwen3.5-9B,prompts/stim_paradigm_predictive.md,2026-05-03T06:03:16.737854+00:00,2026-05-03T06:04:13.931012+00:00,57.19263,1512,1618,3130,,,,,True,11,11,1.0,stop,,/home/ricardo/Documents/Purdue/phd-notes/Spring_2026/STAT-51400/project/outputs/prompts/run_0404.md,/home/ricardo/Documents/Purdue/phd-notes/Spring_2026/STAT-51400/project/outputs/responses/run_0404.json
374,3,236,success,together,Qwen/Qwen3.5-9B,stim_summary,prompts/stim_paradigm_anova.md,,stim_summary,qwen3_5_9b,prompts/stim_paradigm_anova.md,0.25,stim_summary,1800,False,0.25,Qwen/Qwen3.5-9B,prompts/stim_paradigm_anova.md,2026-05-03T06:04:13.931530+00:00,2026-05-03T06:04:36.157504+00:00,22.225495,1454,1100,2554,,,,,True,9,9,1.0,stop,,/home/ricardo/Documents/Purdue/phd-notes/Spring_2026/STAT-51400/project/outputs/prompts/run_0374.md,/home/ricardo/Documents/Purdue/phd-notes/Spring_2026/STAT-51400/project/outputs/responses/run_0374.json
215,2,237,success,together,deepseek-ai/DeepSeek-V3.1,stim_summary,prompts/stim_paradigm_predictive.md,,stim_summary,deepseek_v3_1,prompts/stim_paradigm_predictive.md,0.75,stim_summary,1800,False,0.75,deepseek-ai/DeepSeek-V3.1,prompts/stim_paradigm_predictive.md,2026-05-03T06:04:36.158017+00:00,2026-05-03T06:04:47.798149+00:00,11.639677,1247,548,1795,,,,,True,11,11,1.0,stop,,/home/ricardo/Documents/Purdue/phd-notes/Spring_2026/STAT-51400/project/outputs/prompts/run_0215.md,/home/ricardo/Documents/Purdue/phd-notes/Spring_2026/STAT-51400/project/outputs/responses/run_0215.json
127,1,238,success,together,Qwen/Qwen3.5-9B,summary_only,prompts/stim_paradigm_basic.md,,summary_only,qwen3_5_9b,prompts/stim_paradigm_basic.md,1.0,summary_only,1800,False,1.0,Qwen/Qwen3.5-9B,prompts/stim_paradigm_basic.md,2026-05-03T06:04:47.798672+00:00,2026-05-03T06:05:15.683308+00:00,27.883901,1073,937,2010,,,,,True,8,8,1.0,stop,,/home/ricardo/Documents/Purdue/phd-notes/Spring_2026/STAT-51400/project/outputs/prompts/run_0127.md,/home/ricardo/Documents/Purdue/phd-notes/Spring_2026/STAT-51400/project/outputs/responses/run_0127.json
82,1,239,success,together,deepseek-ai/DeepSeek-V3.1,summary_only,prompts/stim_paradigm_basic.md,,summary_only,deepseek_v3_1,prompts/stim_paradigm_basic.md,1.0,summary_only,1800,False,1.0,deepseek-ai/DeepSeek-V3.1,prompts/stim_paradigm_basic.md,2026-05-03T06:05:15.683957+00:00,2026-05-03T06:05:26.949901+00:00,11.265487,912,467,1379,,,,,True,8,8,1.0,stop,,/home/ricardo/Documents/Purdue/phd-notes/Spring_2026/STAT-51400/project/outputs/prompts/run_0082.md,/home/ricardo/Documents/Purdue/phd-notes/Spring_2026/STAT-51400/project/outputs/responses/run_0082.json
76,1,240,success,together,deepseek-ai/DeepSeek-V3.1,summary_only,prompts/stim_paradigm_anova.md,,summary_only,deepseek_v3_1,prompts/stim_paradigm_anova.md,0.75,summary_only,1800,False,0.75,deepseek-ai/DeepSeek-V3.1,prompts/stim_paradigm_anova.md,2026-05-03T06:05:26.950410+00:00,2026-05-03T06:06:17.946821+00:00,50.995341,961,1800,2761,,,,,False,9,,,length,,/home/ricardo/Documents/Purdue/phd-notes/Spring_2026/STAT-51400/project/outputs/prompts/run_0076.md,/home/ricardo/Documents/Purdue/phd-notes/Spring_2026/STAT-51400/project/outputs/responses/run_0076.json
115,1,241,success,together,Qwen/Qwen3.5-9B,summary_only,prompts/stim_paradigm_predictive.md,,summary_only,qwen3_5_9b,prompts/stim_paradigm_predictive.md,0.5,summary_only,1800,False,0.5,Qwen/Qwen3.5-9B,prompts/stim_paradigm_predictive.md,2026-05-03T06:06:17.947793+00:00,2026-05-03T06:06:38.015441+00:00,20.067175,1185,1249,2434,,,,,True,11,11,1.0,stop,,/home/ricardo/Documents/Purdue/phd-notes/Spring_2026/STAT-51400/project/outputs/prompts/run_0115.md,/home/ricardo/Documents/Purdue/phd-notes/Spring_2026/STAT-51400/project/outputs/responses/run_0115.json
382,3,242,success,together,Qwen/Qwen3.5-9B,summary_only,prompts/stim_paradigm_anova.md,,summary_only,qwen3_5_9b,prompts/stim_paradigm_anova.md,0.5,summary_only,1800,False,0.5,Qwen/Qwen3.5-9B,prompts/stim_paradigm_anova.md,2026-05-03T06:06:38.015982+00:00,2026-05-03T06:07:00.544139+00:00,22.527698,1126,1142,2268,,,,,True,9,9,1.0,stop,,/home/ricardo/Documents/Purdue/phd-notes/Spring_2026/STAT-51400/project/outputs/prompts/run_0382.md,/home/ricardo/Documents/Purdue/phd-notes/Spring_2026/STAT-51400/project/outputs/responses/run_0382.json
335,3,243,success,together,deepseek-ai/DeepSeek-V3.1,stim_summary,prompts/stim_paradigm_basic.md,,stim_summary,deepseek_v3_1,prompts/stim_paradigm_basic.md,0.5,stim_summary,1800,False,0.5,deepseek-ai/DeepSeek-V3.1,prompts/stim_paradigm_basic.md,2026-05-03T06:07:00.544696+00:00,2026-05-03T06:07:15.905640+00:00,15.360318,1130,637,1767,,,,,True,8,8,1.0,stop,,/home/ricardo/Documents/Purdue/phd-notes/Spring_2026/STAT-51400/project/outputs/prompts/run_0335.md,/home/ricardo/Documents/Purdue/phd-notes/Spring_2026/STAT-51400/project/outputs/responses/run_0335.json
304,3,244,success,together,moonshotai/Kimi-K2.5,summary_only,prompts/stim_paradigm_predictive.md,,summary_only,kimi,prompts/stim_paradigm_predictive.md,0.75,summary_only,1800,False,0.75,moonshotai/Kimi-K2.5,prompts/stim_paradigm_predictive.md,2026-05-03T06:07:15.906160+00:00,2026-05-03T06:08:34.419676+00:00,78.512998,1003,1442,2445,,,,,True,11,11,1.0,stop,,/home/ricardo/Documents/Purdue/phd-notes/Spring_2026/STAT-51400/project/outputs/prompts/run_0304.md,/home/ricardo/Documents/Purdue/phd-notes/Spring_2026/STAT-51400/project/outputs/responses/run_0304.json
70,1,245,success,together,deepseek-ai/DeepSeek-V3.1,summary_only,prompts/stim_paradigm_predictive.md,,summary_only,deepseek_v3_1,prompts/stim_paradigm_predictive.md,0.5,summary_only,1800,False,0.5,deepseek-ai/DeepSeek-V3.1,prompts/stim_paradigm_predictive.md,2026-05-03T06:08:34.420215+00:00,2026-05-03T06:08:39.052975+00:00,4.632309,1029,499,1528,,,,,True,11,11,1.0,stop,,/home/ricardo/Documents/Purdue/phd-notes/Spring_2026/STAT-51400/project/outputs/prompts/run_0070.md,/home/ricardo/Documents/Purdue/phd-notes/Spring_2026/STAT-51400/project/outputs/responses/run_0070.json
352,3,246,success,together,deepseek-ai/DeepSeek-V3.1,summary_only,prompts/stim_paradigm_basic.md,,summary_only,deepseek_v3_1,prompts/stim_paradigm_basic.md,1.0,summary_only,1800,False,1.0,deepseek-ai/DeepSeek-V3.1,prompts/stim_paradigm_basic.md,2026-05-03T06:08:39.053519+00:00,2026-05-03T06:08:51.678916+00:00,12.624946,912,580,1492,,,,,True,8,8,1.0,stop,,/home/ricardo/Documents/Purdue/phd-notes/Spring_2026/STAT-51400/project/outputs/prompts/run_0352.md,/home/ricardo/Documents/Purdue/phd-notes/Spring_2026/STAT-51400/project/outputs/responses/run_0352.json
380,3,247,success,together,Qwen/Qwen3.5-9B,stim_summary,prompts/stim_paradigm_basic.md,,stim_summary,qwen3_5_9b,prompts/stim_paradigm_basic.md,0.5,stim_summary,1800,False,0.5,Qwen/Qwen3.5-9B,prompts/stim_paradigm_basic.md,2026-05-03T06:08:51.679441+00:00,2026-05-03T06:09:12.844821+00:00,21.164763,1400,1067,2467,,,,,True,8,8,1.0,stop,,/home/ricardo/Documents/Purdue/phd-notes/Spring_2026/STAT-51400/project/outputs/prompts/run_0380.md,/home/ricardo/Documents/Purdue/phd-notes/Spring_2026/STAT-51400/project/outputs/responses/run_0380.json
87,1,248,success,together,deepseek-ai/DeepSeek-V3.1,stim_and_mouse_summary,prompts/stim_paradigm_anova.md,,stim_and_mouse_summary,deepseek_v3_1,prompts/stim_paradigm_anova.md,1.0,stim_and_mouse_summary,1800,False,1.0,deepseek-ai/DeepSeek-V3.1,prompts/stim_paradigm_anova.md,2026-05-03T06:09:12.845536+00:00,2026-05-03T06:09:21.475546+00:00,8.629454,4083,783,4866,,,,,True,9,9,1.0,stop,,/home/ricardo/Documents/Purdue/phd-notes/Spring_2026/STAT-51400/project/outputs/prompts/run_0087.md,/home/ricardo/Documents/Purdue/phd-notes/Spring_2026/STAT-51400/project/outputs/responses/run_0087.json
69,1,249,success,together,deepseek-ai/DeepSeek-V3.1,stim_and_mouse_summary,prompts/stim_paradigm_anova.md,,stim_and_mouse_summary,deepseek_v3_1,prompts/stim_paradigm_anova.md,0.5,stim_and_mouse_summary,1800,False,0.5,deepseek-ai/DeepSeek-V3.1,prompts/stim_paradigm_anova.md,2026-05-03T06:09:21.476142+00:00,2026-05-03T06:09:33.744154+00:00,12.267622,4083,505,4588,,,,,True,9,9,1.0,stop,,/home/ricardo/Documents/Purdue/phd-notes/Spring_2026/STAT-51400/project/outputs/prompts/run_0069.md,/home/ricardo/Documents/Purdue/phd-notes/Spring_2026/STAT-51400/project/outputs/responses/run_0069.json
249,2,250,success,together,Qwen/Qwen3.5-9B,stim_and_mouse_summary,prompts/stim_paradigm_anova.md,,stim_and_mouse_summary,qwen3_5_9b,prompts/stim_paradigm_anova.md,0.5,stim_and_mouse_summary,1800,False,0.5,Qwen/Qwen3.5-9B,prompts/stim_paradigm_anova.md,2026-05-03T06:09:33.744546+00:00,2026-05-03T06:10:28.416191+00:00,54.671278,6216,1165,7381,,,,,True,9,9,1.0,stop,,/home/ricardo/Documents/Purdue/phd-notes/Spring_2026/STAT-51400/project/outputs/prompts/run_0249.md,/home/ricardo/Documents/Purdue/phd-notes/Spring_2026/STAT-51400/project/outputs/responses/run_0249.json
279,3,251,success,together,moonshotai/Kimi-K2.5,stim_and_mouse_summary,prompts/stim_paradigm_predictive.md,,stim_and_mouse_summary,kimi,prompts/stim_paradigm_predictive.md,0.0,stim_and_mouse_summary,1800,False,0.0,moonshotai/Kimi-K2.5,prompts/stim_paradigm_predictive.md,2026-05-03T06:10:28.416611+00:00,2026-05-03T06:12:08.087890+00:00,99.670254,4081,1254,5335,,,,,True,11,11,1.0,stop,,/home/ricardo/Documents/Purdue/phd-notes/Spring_2026/STAT-51400/project/outputs/prompts/run_0279.md,/home/ricardo/Documents/Purdue/phd-notes/Spring_2026/STAT-51400/project/outputs/responses/run_0279.json
274,3,252,success,together,moonshotai/Kimi-K2.5,summary_only,prompts/stim_paradigm_anova.md,,summary_only,kimi,prompts/stim_paradigm_anova.md,0.0,summary_only,1800,False,0.0,moonshotai/Kimi-K2.5,prompts/stim_paradigm_anova.md,2026-05-03T06:12:08.088358+00:00,2026-05-03T06:14:38.066126+00:00,149.977163,947,1286,2233,,,,,True,9,9,1.0,stop,,/home/ricardo/Documents/Purdue/phd-notes/Spring_2026/STAT-51400/project/outputs/prompts/run_0274.md,/home/ricardo/Documents/Purdue/phd-notes/Spring_2026/STAT-51400/project/outputs/responses/run_0274.json
364,3,253,success,together,Qwen/Qwen3.5-9B,summary_only,prompts/stim_paradigm_anova.md,,summary_only,qwen3_5_9b,prompts/stim_paradigm_anova.md,0.0,summary_only,1800,False,0.0,Qwen/Qwen3.5-9B,prompts/stim_paradigm_anova.md,2026-05-03T06:14:38.066637+00:00,2026-05-03T06:15:08.172006+00:00,30.104635,1126,1177,2303,,,,,True,9,9,1.0,stop,,/home/ricardo/Documents/Purdue/phd-notes/Spring_2026/STAT-51400/project/outputs/prompts/run_0364.md,/home/ricardo/Documents/Purdue/phd-notes/Spring_2026/STAT-51400/project/outputs/responses/run_0364.json
315,3,254,success,together,moonshotai/Kimi-K2.5,stim_and_mouse_summary,prompts/stim_paradigm_predictive.md,,stim_and_mouse_summary,kimi,prompts/stim_paradigm_predictive.md,1.0,stim_and_mouse_summary,1800,False,1.0,moonshotai/Kimi-K2.5,prompts/stim_paradigm_predictive.md,2026-05-03T06:15:08.172826+00:00,2026-05-03T06:15:42.775286+00:00,34.60172,4081,1738,5819,,,,,True,11,11,1.0,stop,,/home/ricardo/Documents/Purdue/phd-notes/Spring_2026/STAT-51400/project/outputs/prompts/run_0315.md,/home/ricardo/Documents/Purdue/phd-notes/Spring_2026/STAT-51400/project/outputs/responses/run_0315.json
93,1,255,success,together,Qwen/Qwen3.5-9B,stim_and_mouse_summary,prompts/stim_paradigm_basic.md,,stim_and_mouse_summary,qwen3_5_9b,prompts/stim_paradigm_basic.md,0.0,stim_and_mouse_summary,1800,False,0.0,Qwen/Qwen3.5-9B,prompts/stim_paradigm_basic.md,2026-05-03T06:15:42.775897+00:00,2026-05-03T06:15:59.780709+00:00,17.004287,6162,972,7134,,,,,True,8,8,1.0,stop,,/home/ricardo/Documents/Purdue/phd-notes/Spring_2026/STAT-51400/project/outputs/prompts/run_0093.md,/home/ricardo/Documents/Purdue/phd-notes/Spring_2026/STAT-51400/project/outputs/responses/run_0093.json
247,2,257,success,together,Qwen/Qwen3.5-9B,summary_only,prompts/stim_paradigm_anova.md,,summary_only,qwen3_5_9b,prompts/stim_paradigm_anova.md,0.5,summary_only,1800,False,0.5,Qwen/Qwen3.5-9B,prompts/stim_paradigm_anova.md,2026-05-03T06:19:02.821881+00:00,2026-05-03T06:19:23.556876+00:00,20.734284,1126,1090,2216,,,,,True,9,9,1.0,stop,,/home/ricardo/Documents/Purdue/phd-notes/Spring_2026/STAT-51400/project/outputs/prompts/run_0247.md,/home/ricardo/Documents/Purdue/phd-notes/Spring_2026/STAT-51400/project/outputs/responses/run_0247.json
37,1,258,success,together,moonshotai/Kimi-K2.5,summary_only,prompts/stim_paradigm_basic.md,,summary_only,kimi,prompts/stim_paradigm_basic.md,1.0,summary_only,1800,False,1.0,moonshotai/Kimi-K2.5,prompts/stim_paradigm_basic.md,2026-05-03T06:19:23.557499+00:00,2026-05-03T06:20:41.792527+00:00,78.234517,895,1140,2035,,,,,True,8,8,1.0,stop,,/home/ricardo/Documents/Purdue/phd-notes/Spring_2026/STAT-51400/project/outputs/prompts/run_0037.md,/home/ricardo/Documents/Purdue/phd-notes/Spring_2026/STAT-51400/project/outputs/responses/run_0037.json
44,1,259,success,together,moonshotai/Kimi-K2.5,stim_summary,prompts/stim_paradigm_predictive.md,,stim_summary,kimi,prompts/stim_paradigm_predictive.md,1.0,stim_summary,1800,False,1.0,moonshotai/Kimi-K2.5,prompts/stim_paradigm_predictive.md,2026-05-03T06:20:41.793068+00:00,2026-05-03T06:22:05.552535+00:00,83.759003,1217,1692,2909,,,,,True,11,11,1.0,stop,,/home/ricardo/Documents/Purdue/phd-notes/Spring_2026/STAT-51400/project/outputs/prompts/run_0044.md,/home/ricardo/Documents/Purdue/phd-notes/Spring_2026/STAT-51400/project/outputs/responses/run_0044.json
185,2,260,success,together,deepseek-ai/DeepSeek-V3.1,stim_summary,prompts/stim_paradigm_anova.md,,stim_summary,deepseek_v3_1,prompts/stim_paradigm_anova.md,0.0,stim_summary,1800,False,0.0,deepseek-ai/DeepSeek-V3.1,prompts/stim_paradigm_anova.md,2026-05-03T06:22:05.552901+00:00,2026-05-03T06:22:53.063870+00:00,47.510298,1179,1800,2979,,,,,False,9,,,length,,/home/ricardo/Documents/Purdue/phd-notes/Spring_2026/STAT-51400/project/outputs/prompts/run_0185.md,/home/ricardo/Documents/Purdue/phd-notes/Spring_2026/STAT-51400/project/outputs/responses/run_0185.json
231,2,261,success,together,Qwen/Qwen3.5-9B,stim_and_mouse_summary,prompts/stim_paradigm_anova.md,,stim_and_mouse_summary,qwen3_5_9b,prompts/stim_paradigm_anova.md,0.0,stim_and_mouse_summary,1800,False,0.0,Qwen/Qwen3.5-9B,prompts/stim_paradigm_anova.md,2026-05-03T06:22:53.064452+00:00,2026-05-03T06:23:21.121854+00:00,28.056942,6216,1064,7280,,,,,True,9,9,1.0,stop,,/home/ricardo/Documents/Purdue/phd-notes/Spring_2026/STAT-51400/project/outputs/prompts/run_0231.md,/home/ricardo/Documents/Purdue/phd-notes/Spring_2026/STAT-51400/project/outputs/responses/run_0231.json
138,2,262,success,together,moonshotai/Kimi-K2.5,stim_and_mouse_summary,prompts/stim_paradigm_basic.md,,stim_and_mouse_summary,kimi,prompts/stim_paradigm_basic.md,0.0,stim_and_mouse_summary,1800,False,0.0,moonshotai/Kimi-K2.5,prompts/stim_paradigm_basic.md,2026-05-03T06:23:21.122421+00:00,2026-05-03T06:23:44.716718+00:00,23.59372,3973,1284,5257,,,,,True,8,8,1.0,stop,,/home/ricardo/Documents/Purdue/phd-notes/Spring_2026/STAT-51400/project/outputs/prompts/run_0138.md,/home/ricardo/Documents/Purdue/phd-notes/Spring_2026/STAT-51400/project/outputs/responses/run_0138.json
118,1,263,success,together,Qwen/Qwen3.5-9B,summary_only,prompts/stim_paradigm_basic.md,,summary_only,qwen3_5_9b,prompts/stim_paradigm_basic.md,0.75,summary_only,1800,False,0.75,Qwen/Qwen3.5-9B,prompts/stim_paradigm_basic.md,2026-05-03T06:23:44.717235+00:00,2026-05-03T06:24:02.543040+00:00,17.82538,1074,931,2005,,,,,True,8,8,1.0,stop,,/home/ricardo/Documents/Purdue/phd-notes/Spring_2026/STAT-51400/project/outputs/prompts/run_0118.md,/home/ricardo/Documents/Purdue/phd-notes/Spring_2026/STAT-51400/project/outputs/responses/run_0118.json
67,1,264,success,together,deepseek-ai/DeepSeek-V3.1,summary_only,prompts/stim_paradigm_anova.md,,summary_only,deepseek_v3_1,prompts/stim_paradigm_anova.md,0.5,summary_only,1800,False,0.5,deepseek-ai/DeepSeek-V3.1,prompts/stim_paradigm_anova.md,2026-05-03T06:24:02.543622+00:00,2026-05-03T06:24:05.977702+00:00,3.433375,961,427,1388,,,,,True,9,9,1.0,stop,,/home/ricardo/Documents/Purdue/phd-notes/Spring_2026/STAT-51400/project/outputs/prompts/run_0067.md,/home/ricardo/Documents/Purdue/phd-notes/Spring_2026/STAT-51400/project/outputs/responses/run_0067.json
312,3,265,success,together,moonshotai/Kimi-K2.5,stim_and_mouse_summary,prompts/stim_paradigm_anova.md,,stim_and_mouse_summary,kimi,prompts/stim_paradigm_anova.md,1.0,stim_and_mouse_summary,1800,False,1.0,moonshotai/Kimi-K2.5,prompts/stim_paradigm_anova.md,2026-05-03T06:24:05.978421+00:00,2026-05-03T06:24:30.550600+00:00,24.571576,4025,1800,5825,,,,,False,9,,,length,,/home/ricardo/Documents/Purdue/phd-notes/Spring_2026/STAT-51400/project/outputs/prompts/run_0312.md,/home/ricardo/Documents/Purdue/phd-notes/Spring_2026/STAT-51400/project/outputs/responses/run_0312.json
12,1,266,success,together,moonshotai/Kimi-K2.5,stim_and_mouse_summary,prompts/stim_paradigm_basic.md,,stim_and_mouse_summary,kimi,prompts/stim_paradigm_basic.md,0.25,stim_and_mouse_summary,1800,False,0.25,moonshotai/Kimi-K2.5,prompts/stim_paradigm_basic.md,2026-05-03T06:24:30.551159+00:00,2026-05-03T06:24:43.452961+00:00,12.901041,3973,1223,5196,,,,,True,8,8,1.0,stop,,/home/ricardo/Documents/Purdue/phd-notes/Spring_2026/STAT-51400/project/outputs/prompts/run_0012.md,/home/ricardo/Documents/Purdue/phd-notes/Spring_2026/STAT-51400/project/outputs/responses/run_0012.json
283,3,267,success,together,moonshotai/Kimi-K2.5,summary_only,prompts/stim_paradigm_anova.md,,summary_only,kimi,prompts/stim_paradigm_anova.md,0.25,summary_only,1800,False,0.25,moonshotai/Kimi-K2.5,prompts/stim_paradigm_anova.md,2026-05-03T06:24:43.453438+00:00,2026-05-03T06:25:06.389611+00:00,22.935476,947,1403,2350,,,,,True,9,9,1.0,stop,,/home/ricardo/Documents/Purdue/phd-notes/Spring_2026/STAT-51400/project/outputs/prompts/run_0283.md,/home/ricardo/Documents/Purdue/phd-notes/Spring_2026/STAT-51400/project/outputs/responses/run_0283.json
158,2,268,success,together,moonshotai/Kimi-K2.5,stim_summary,prompts/stim_paradigm_anova.md,,stim_summary,kimi,prompts/stim_paradigm_anova.md,0.5,stim_summary,1800,False,0.5,moonshotai/Kimi-K2.5,prompts/stim_paradigm_anova.md,2026-05-03T06:25:06.390137+00:00,2026-05-03T06:26:29.540574+00:00,83.149828,1161,1687,2848,,,,,True,9,9,1.0,stop,,/home/ricardo/Documents/Purdue/phd-notes/Spring_2026/STAT-51400/project/outputs/prompts/run_0158.md,/home/ricardo/Documents/Purdue/phd-notes/Spring_2026/STAT-51400/project/outputs/responses/run_0158.json
367,3,269,success,together,Qwen/Qwen3.5-9B,summary_only,prompts/stim_paradigm_predictive.md,,summary_only,qwen3_5_9b,prompts/stim_paradigm_predictive.md,0.0,summary_only,1800,False,0.0,Qwen/Qwen3.5-9B,prompts/stim_paradigm_predictive.md,2026-05-03T06:26:29.541110+00:00,2026-05-03T06:26:54.714554+00:00,25.173028,1185,1174,2359,,,,,True,11,11,1.0,stop,,/home/ricardo/Documents/Purdue/phd-notes/Spring_2026/STAT-51400/project/outputs/prompts/run_0367.md,/home/ricardo/Documents/Purdue/phd-notes/Spring_2026/STAT-51400/project/outputs/responses/run_0367.json
17,1,270,success,together,moonshotai/Kimi-K2.5,stim_summary,prompts/stim_paradigm_predictive.md,,stim_summary,kimi,prompts/stim_paradigm_predictive.md,0.25,stim_summary,1800,False,0.25,moonshotai/Kimi-K2.5,prompts/stim_paradigm_predictive.md,2026-05-03T06:26:54.714950+00:00,2026-05-03T06:28:54.777181+00:00,120.061736,1217,1547,2764,,,,,True,11,11,1.0,stop,,/home/ricardo/Documents/Purdue/phd-notes/Spring_2026/STAT-51400/project/outputs/prompts/run_0017.md,/home/ricardo/Documents/Purdue/phd-notes/Spring_2026/STAT-51400/project/outputs/responses/run_0017.json
48,1,271,success,together,deepseek-ai/DeepSeek-V3.1,stim_and_mouse_summary,prompts/stim_paradigm_basic.md,,stim_and_mouse_summary,deepseek_v3_1,prompts/stim_paradigm_basic.md,0.0,stim_and_mouse_summary,1800,False,0.0,deepseek-ai/DeepSeek-V3.1,prompts/stim_paradigm_basic.md,2026-05-03T06:28:54.777783+00:00,2026-05-03T06:29:06.525898+00:00,11.747609,4034,698,4732,,,,,True,8,8,1.0,stop,,/home/ricardo/Documents/Purdue/phd-notes/Spring_2026/STAT-51400/project/outputs/prompts/run_0048.md,/home/ricardo/Documents/Purdue/phd-notes/Spring_2026/STAT-51400/project/outputs/responses/run_0048.json
384,3,272,success,together,Qwen/Qwen3.5-9B,stim_and_mouse_summary,prompts/stim_paradigm_anova.md,,stim_and_mouse_summary,qwen3_5_9b,prompts/stim_paradigm_anova.md,0.5,stim_and_mouse_summary,1800,False,0.5,Qwen/Qwen3.5-9B,prompts/stim_paradigm_anova.md,2026-05-03T06:29:06.526433+00:00,2026-05-03T06:29:38.997523+00:00,32.470569,6216,1094,7310,,,,,True,9,9,1.0,stop,,/home/ricardo/Documents/Purdue/phd-notes/Spring_2026/STAT-51400/project/outputs/prompts/run_0384.md,/home/ricardo/Documents/Purdue/phd-notes/Spring_2026/STAT-51400/project/outputs/responses/run_0384.json
275,3,273,success,together,moonshotai/Kimi-K2.5,stim_summary,prompts/stim_paradigm_anova.md,,stim_summary,kimi,prompts/stim_paradigm_anova.md,0.0,stim_summary,1800,False,0.0,moonshotai/Kimi-K2.5,prompts/stim_paradigm_anova.md,2026-05-03T06:29:38.998065+00:00,2026-05-03T06:30:22.599671+00:00,43.601119,1161,1277,2438,,,,,True,9,9,1.0,stop,,/home/ricardo/Documents/Purdue/phd-notes/Spring_2026/STAT-51400/project/outputs/prompts/run_0275.md,/home/ricardo/Documents/Purdue/phd-notes/Spring_2026/STAT-51400/project/outputs/responses/run_0275.json
210,2,274,success,together,deepseek-ai/DeepSeek-V3.1,stim_and_mouse_summary,prompts/stim_paradigm_basic.md,,stim_and_mouse_summary,deepseek_v3_1,prompts/stim_paradigm_basic.md,0.75,stim_and_mouse_summary,1800,False,0.75,deepseek-ai/DeepSeek-V3.1,prompts/stim_paradigm_basic.md,2026-05-03T06:30:22.600194+00:00,2026-05-03T06:31:12.051206+00:00,49.450232,4034,1800,5834,,,,,False,8,,,length,,/home/ricardo/Documents/Purdue/phd-notes/Spring_2026/STAT-51400/project/outputs/prompts/run_0210.md,/home/ricardo/Documents/Purdue/phd-notes/Spring_2026/STAT-51400/project/outputs/responses/run_0210.json
40,1,275,success,together,moonshotai/Kimi-K2.5,summary_only,prompts/stim_paradigm_anova.md,,summary_only,kimi,prompts/stim_paradigm_anova.md,1.0,summary_only,1800,False,1.0,moonshotai/Kimi-K2.5,prompts/stim_paradigm_anova.md,2026-05-03T06:31:12.051719+00:00,2026-05-03T06:32:02.338062+00:00,50.285838,947,1212,2159,,,,,True,9,9,1.0,stop,,/home/ricardo/Documents/Purdue/phd-notes/Spring_2026/STAT-51400/project/outputs/prompts/run_0040.md,/home/ricardo/Documents/Purdue/phd-notes/Spring_2026/STAT-51400/project/outputs/responses/run_0040.json
169,2,276,success,together,moonshotai/Kimi-K2.5,summary_only,prompts/stim_paradigm_predictive.md,,summary_only,kimi,prompts/stim_paradigm_predictive.md,0.75,summary_only,1800,False,0.75,moonshotai/Kimi-K2.5,prompts/stim_paradigm_predictive.md,2026-05-03T06:32:02.338612+00:00,2026-05-03T06:32:26.918597+00:00,24.579435,1003,1186,2189,,,,,True,11,11,1.0,stop,,/home/ricardo/Documents/Purdue/phd-notes/Spring_2026/STAT-51400/project/outputs/prompts/run_0169.md,/home/ricardo/Documents/Purdue/phd-notes/Spring_2026/STAT-51400/project/outputs/responses/run_0169.json
38,1,277,success,together,moonshotai/Kimi-K2.5,stim_summary,prompts/stim_paradigm_basic.md,,stim_summary,kimi,prompts/stim_paradigm_basic.md,1.0,stim_summary,1800,False,1.0,moonshotai/Kimi-K2.5,prompts/stim_paradigm_basic.md,2026-05-03T06:32:26.919117+00:00,2026-05-03T06:32:45.686509+00:00,18.766727,1109,1165,2274,,,,,True,8,8,1.0,stop,,/home/ricardo/Documents/Purdue/phd-notes/Spring_2026/STAT-51400/project/outputs/prompts/run_0038.md,/home/ricardo/Documents/Purdue/phd-notes/Spring_2026/STAT-51400/project/outputs/responses/run_0038.json
23,1,278,success,together,moonshotai/Kimi-K2.5,stim_summary,prompts/stim_paradigm_anova.md,,stim_summary,kimi,prompts/stim_paradigm_anova.md,0.5,stim_summary,1800,False,0.5,moonshotai/Kimi-K2.5,prompts/stim_paradigm_anova.md,2026-05-03T06:32:45.687030+00:00,2026-05-03T06:33:02.941876+00:00,17.25432,1161,1440,2601,,,,,True,9,9,1.0,stop,,/home/ricardo/Documents/Purdue/phd-notes/Spring_2026/STAT-51400/project/outputs/prompts/run_0023.md,/home/ricardo/Documents/Purdue/phd-notes/Spring_2026/STAT-51400/project/outputs/responses/run_0023.json
166,2,279,success,together,moonshotai/Kimi-K2.5,summary_only,prompts/stim_paradigm_anova.md,,summary_only,kimi,prompts/stim_paradigm_anova.md,0.75,summary_only,1800,False,0.75,moonshotai/Kimi-K2.5,prompts/stim_paradigm_anova.md,2026-05-03T06:33:02.942355+00:00,2026-05-03T06:33:14.641568+00:00,11.698441,947,1290,2237,,,,,True,9,9,1.0,stop,,/home/ricardo/Documents/Purdue/phd-notes/Spring_2026/STAT-51400/project/outputs/prompts/run_0166.md,/home/ricardo/Documents/Purdue/phd-notes/Spring_2026/STAT-51400/project/outputs/responses/run_0166.json
126,1,280,success,together,Qwen/Qwen3.5-9B,stim_and_mouse_summary,prompts/stim_paradigm_predictive.md,,stim_and_mouse_summary,qwen3_5_9b,prompts/stim_paradigm_predictive.md,0.75,stim_and_mouse_summary,1800,False,0.75,Qwen/Qwen3.5-9B,prompts/stim_paradigm_predictive.md,2026-05-03T06:33:14.642270+00:00,2026-05-03T06:33:37.159656+00:00,22.516576,6276,1478,7754,,,,,True,11,11,1.0,stop,,/home/ricardo/Documents/Purdue/phd-notes/Spring_2026/STAT-51400/project/outputs/prompts/run_0126.md,/home/ricardo/Documents/Purdue/phd-notes/Spring_2026/STAT-51400/project/outputs/responses/run_0126.json
181,2,281,success,together,deepseek-ai/DeepSeek-V3.1,summary_only,prompts/stim_paradigm_basic.md,,summary_only,deepseek_v3_1,prompts/stim_paradigm_basic.md,0.0,summary_only,1800,False,0.0,deepseek-ai/DeepSeek-V3.1,prompts/stim_paradigm_basic.md,2026-05-03T06:33:37.160277+00:00,2026-05-03T06:33:44.383189+00:00,7.222455,912,529,1441,,,,,True,8,8,1.0,stop,,/home/ricardo/Documents/Purdue/phd-notes/Spring_2026/STAT-51400/project/outputs/prompts/run_0181.md,/home/ricardo/Documents/Purdue/phd-notes/Spring_2026/STAT-51400/project/outputs/responses/run_0181.json
332,3,282,success,together,deepseek-ai/DeepSeek-V3.1,stim_summary,prompts/stim_paradigm_predictive.md,,stim_summary,deepseek_v3_1,prompts/stim_paradigm_predictive.md,0.25,stim_summary,1800,False,0.25,deepseek-ai/DeepSeek-V3.1,prompts/stim_paradigm_predictive.md,2026-05-03T06:33:44.383732+00:00,2026-05-03T06:34:35.938046+00:00,51.553818,1247,1800,3047,,,,,False,11,,,length,,/home/ricardo/Documents/Purdue/phd-notes/Spring_2026/STAT-51400/project/outputs/prompts/run_0332.md,/home/ricardo/Documents/Purdue/phd-notes/Spring_2026/STAT-51400/project/outputs/responses/run_0332.json
254,2,283,success,together,Qwen/Qwen3.5-9B,stim_summary,prompts/stim_paradigm_basic.md,,stim_summary,qwen3_5_9b,prompts/stim_paradigm_basic.md,0.75,stim_summary,1800,False,0.75,Qwen/Qwen3.5-9B,prompts/stim_paradigm_basic.md,2026-05-03T06:34:35.938404+00:00,2026-05-03T06:35:12.844578+00:00,36.905677,1401,1140,2541,,,,,True,8,8,1.0,stop,,/home/ricardo/Documents/Purdue/phd-notes/Spring_2026/STAT-51400/project/outputs/prompts/run_0254.md,/home/ricardo/Documents/Purdue/phd-notes/Spring_2026/STAT-51400/project/outputs/responses/run_0254.json
51,1,284,success,together,deepseek-ai/DeepSeek-V3.1,stim_and_mouse_summary,prompts/stim_paradigm_anova.md,,stim_and_mouse_summary,deepseek_v3_1,prompts/stim_paradigm_anova.md,0.0,stim_and_mouse_summary,1800,False,0.0,deepseek-ai/DeepSeek-V3.1,prompts/stim_paradigm_anova.md,2026-05-03T06:35:12.845150+00:00,2026-05-03T06:35:25.704258+00:00,12.858467,4083,540,4623,,,,,True,9,9,1.0,stop,,/home/ricardo/Documents/Purdue/phd-notes/Spring_2026/STAT-51400/project/outputs/prompts/run_0051.md,/home/ricardo/Documents/Purdue/phd-notes/Spring_2026/STAT-51400/project/outputs/responses/run_0051.json
135,1,285,success,together,Qwen/Qwen3.5-9B,stim_and_mouse_summary,prompts/stim_paradigm_predictive.md,,stim_and_mouse_summary,qwen3_5_9b,prompts/stim_paradigm_predictive.md,1.0,stim_and_mouse_summary,1800,False,1.0,Qwen/Qwen3.5-9B,prompts/stim_paradigm_predictive.md,2026-05-03T06:35:25.705071+00:00,2026-05-03T06:36:09.942158+00:00,44.236421,6275,1177,7452,,,,,True,11,11,1.0,stop,,/home/ricardo/Documents/Purdue/phd-notes/Spring_2026/STAT-51400/project/outputs/prompts/run_0135.md,/home/ricardo/Documents/Purdue/phd-notes/Spring_2026/STAT-51400/project/outputs/responses/run_0135.json
41,1,286,success,together,moonshotai/Kimi-K2.5,stim_summary,prompts/stim_paradigm_anova.md,,stim_summary,kimi,prompts/stim_paradigm_anova.md,1.0,stim_summary,1800,False,1.0,moonshotai/Kimi-K2.5,prompts/stim_paradigm_anova.md,2026-05-03T06:36:09.942656+00:00,2026-05-03T06:36:26.529483+00:00,16.586271,1161,1424,2585,,,,,True,9,9,1.0,stop,,/home/ricardo/Documents/Purdue/phd-notes/Spring_2026/STAT-51400/project/outputs/prompts/run_0041.md,/home/ricardo/Documents/Purdue/phd-notes/Spring_2026/STAT-51400/project/outputs/responses/run_0041.json
32,1,287,success,together,moonshotai/Kimi-K2.5,stim_summary,prompts/stim_paradigm_anova.md,,stim_summary,kimi,prompts/stim_paradigm_anova.md,0.75,stim_summary,1800,False,0.75,moonshotai/Kimi-K2.5,prompts/stim_paradigm_anova.md,2026-05-03T06:36:26.530016+00:00,2026-05-03T06:36:41.481092+00:00,14.950312,1161,1558,2719,,,,,True,9,9,1.0,stop,,/home/ricardo/Documents/Purdue/phd-notes/Spring_2026/STAT-51400/project/outputs/prompts/run_0032.md,/home/ricardo/Documents/Purdue/phd-notes/Spring_2026/STAT-51400/project/outputs/responses/run_0032.json
73,1,288,success,together,deepseek-ai/DeepSeek-V3.1,summary_only,prompts/stim_paradigm_basic.md,,summary_only,deepseek_v3_1,prompts/stim_paradigm_basic.md,0.75,summary_only,1800,False,0.75,deepseek-ai/DeepSeek-V3.1,prompts/stim_paradigm_basic.md,2026-05-03T06:36:41.481721+00:00,2026-05-03T06:37:28.999922+00:00,47.517441,912,1800,2712,,,,,False,8,,,length,,/home/ricardo/Documents/Purdue/phd-notes/Spring_2026/STAT-51400/project/outputs/prompts/run_0073.md,/home/ricardo/Documents/Purdue/phd-notes/Spring_2026/STAT-51400/project/outputs/responses/run_0073.json
20,1,289,success,together,moonshotai/Kimi-K2.5,stim_summary,prompts/stim_paradigm_basic.md,,stim_summary,kimi,prompts/stim_paradigm_basic.md,0.5,stim_summary,1800,False,0.5,moonshotai/Kimi-K2.5,prompts/stim_paradigm_basic.md,2026-05-03T06:37:29.000420+00:00,2026-05-03T06:37:47.016277+00:00,18.015365,1109,999,2108,,,,,True,8,8,1.0,stop,,/home/ricardo/Documents/Purdue/phd-notes/Spring_2026/STAT-51400/project/outputs/prompts/run_0020.md,/home/ricardo/Documents/Purdue/phd-notes/Spring_2026/STAT-51400/project/outputs/responses/run_0020.json
257,2,290,success,together,Qwen/Qwen3.5-9B,stim_summary,prompts/stim_paradigm_anova.md,,stim_summary,qwen3_5_9b,prompts/stim_paradigm_anova.md,0.75,stim_summary,1800,False,0.75,Qwen/Qwen3.5-9B,prompts/stim_paradigm_anova.md,2026-05-03T06:37:47.016830+00:00,2026-05-03T06:39:14.466286+00:00,87.448804,1454,1042,2496,,,,,True,9,9,1.0,stop,,/home/ricardo/Documents/Purdue/phd-notes/Spring_2026/STAT-51400/project/outputs/prompts/run_0257.md,/home/ricardo/Documents/Purdue/phd-notes/Spring_2026/STAT-51400/project/outputs/responses/run_0257.json
155,2,291,success,together,moonshotai/Kimi-K2.5,stim_summary,prompts/stim_paradigm_basic.md,,stim_summary,kimi,prompts/stim_paradigm_basic.md,0.5,stim_summary,1800,False,0.5,moonshotai/Kimi-K2.5,prompts/stim_paradigm_basic.md,2026-05-03T06:39:14.466942+00:00,2026-05-03T06:39:51.740027+00:00,37.272327,1109,1066,2175,,,,,True,8,8,1.0,stop,,/home/ricardo/Documents/Purdue/phd-notes/Spring_2026/STAT-51400/project/outputs/prompts/run_0155.md,/home/ricardo/Documents/Purdue/phd-notes/Spring_2026/STAT-51400/project/outputs/responses/run_0155.json
176,2,292,success,together,moonshotai/Kimi-K2.5,stim_summary,prompts/stim_paradigm_anova.md,,stim_summary,kimi,prompts/stim_paradigm_anova.md,1.0,stim_summary,1800,False,1.0,moonshotai/Kimi-K2.5,prompts/stim_paradigm_anova.md,2026-05-03T06:39:51.740689+00:00,2026-05-03T06:41:20.621543+00:00,88.880465,1161,1445,2606,,,,,True,9,9,1.0,stop,,/home/ricardo/Documents/Purdue/phd-notes/Spring_2026/STAT-51400/project/outputs/prompts/run_0176.md,/home/ricardo/Documents/Purdue/phd-notes/Spring_2026/STAT-51400/project/outputs/responses/run_0176.json
28,1,293,success,together,moonshotai/Kimi-K2.5,summary_only,prompts/stim_paradigm_basic.md,,summary_only,kimi,prompts/stim_paradigm_basic.md,0.75,summary_only,1800,False,0.75,moonshotai/Kimi-K2.5,prompts/stim_paradigm_basic.md,2026-05-03T06:41:20.621896+00:00,2026-05-03T06:42:04.655937+00:00,44.033511,895,1093,1988,,,,,True,8,8,1.0,stop,,/home/ricardo/Documents/Purdue/phd-notes/Spring_2026/STAT-51400/project/outputs/prompts/run_0028.md,/home/ricardo/Documents/Purdue/phd-notes/Spring_2026/STAT-51400/project/outputs/responses/run_0028.json
59,1,294,success,together,deepseek-ai/DeepSeek-V3.1,stim_summary,prompts/stim_paradigm_anova.md,,stim_summary,deepseek_v3_1,prompts/stim_paradigm_anova.md,0.25,stim_summary,1800,False,0.25,deepseek-ai/DeepSeek-V3.1,prompts/stim_paradigm_anova.md,2026-05-03T06:42:04.656467+00:00,2026-05-03T06:42:08.956218+00:00,4.299279,1179,422,1601,,,,,True,9,9,1.0,stop,,/home/ricardo/Documents/Purdue/phd-notes/Spring_2026/STAT-51400/project/outputs/prompts/run_0059.md,/home/ricardo/Documents/Purdue/phd-notes/Spring_2026/STAT-51400/project/outputs/responses/run_0059.json
359,3,295,success,together,deepseek-ai/DeepSeek-V3.1,stim_summary,prompts/stim_paradigm_predictive.md,,stim_summary,deepseek_v3_1,prompts/stim_paradigm_predictive.md,1.0,stim_summary,1800,False,1.0,deepseek-ai/DeepSeek-V3.1,prompts/stim_paradigm_predictive.md,2026-05-03T06:42:08.956738+00:00,2026-05-03T06:42:14.283251+00:00,5.325855,1247,463,1710,,,,,True,11,11,1.0,stop,,/home/ricardo/Documents/Purdue/phd-notes/Spring_2026/STAT-51400/project/outputs/prompts/run_0359.md,/home/ricardo/Documents/Purdue/phd-notes/Spring_2026/STAT-51400/project/outputs/responses/run_0359.json
33,1,296,success,together,moonshotai/Kimi-K2.5,stim_and_mouse_summary,prompts/stim_paradigm_anova.md,,stim_and_mouse_summary,kimi,prompts/stim_paradigm_anova.md,0.75,stim_and_mouse_summary,1800,False,0.75,moonshotai/Kimi-K2.5,prompts/stim_paradigm_anova.md,2026-05-03T06:42:14.283865+00:00,2026-05-03T06:42:56.566180+00:00,42.281153,4025,1474,5499,,,,,True,9,9,1.0,stop,,/home/ricardo/Documents/Purdue/phd-notes/Spring_2026/STAT-51400/project/outputs/prompts/run_0033.md,/home/ricardo/Documents/Purdue/phd-notes/Spring_2026/STAT-51400/project/outputs/responses/run_0033.json
10,1,297,success,together,moonshotai/Kimi-K2.5,summary_only,prompts/stim_paradigm_basic.md,,summary_only,kimi,prompts/stim_paradigm_basic.md,0.25,summary_only,1800,False,0.25,moonshotai/Kimi-K2.5,prompts/stim_paradigm_basic.md,2026-05-03T06:42:56.566667+00:00,2026-05-03T06:43:10.191380+00:00,13.624003,895,948,1843,,,,,True,8,8,1.0,stop,,/home/ricardo/Documents/Purdue/phd-notes/Spring_2026/STAT-51400/project/outputs/prompts/run_0010.md,/home/ricardo/Documents/Purdue/phd-notes/Spring_2026/STAT-51400/project/outputs/responses/run_0010.json
83,1,298,success,together,deepseek-ai/DeepSeek-V3.1,stim_summary,prompts/stim_paradigm_basic.md,,stim_summary,deepseek_v3_1,prompts/stim_paradigm_basic.md,1.0,stim_summary,1800,False,1.0,deepseek-ai/DeepSeek-V3.1,prompts/stim_paradigm_basic.md,2026-05-03T06:43:10.191937+00:00,2026-05-03T06:43:18.747238+00:00,8.554861,1130,575,1705,,,,,True,8,8,1.0,stop,,/home/ricardo/Documents/Purdue/phd-notes/Spring_2026/STAT-51400/project/outputs/prompts/run_0083.md,/home/ricardo/Documents/Purdue/phd-notes/Spring_2026/STAT-51400/project/outputs/responses/run_0083.json
209,2,299,success,together,deepseek-ai/DeepSeek-V3.1,stim_summary,prompts/stim_paradigm_basic.md,,stim_summary,deepseek_v3_1,prompts/stim_paradigm_basic.md,0.75,stim_summary,1800,False,0.75,deepseek-ai/DeepSeek-V3.1,prompts/stim_paradigm_basic.md,2026-05-03T06:43:18.748209+00:00,2026-05-03T06:43:30.264039+00:00,11.515145,1130,596,1726,,,,,True,8,8,1.0,stop,,/home/ricardo/Documents/Purdue/phd-notes/Spring_2026/STAT-51400/project/outputs/prompts/run_0209.md,/home/ricardo/Documents/Purdue/phd-notes/Spring_2026/STAT-51400/project/outputs/responses/run_0209.json
183,2,300,success,together,deepseek-ai/DeepSeek-V3.1,stim_and_mouse_summary,prompts/stim_paradigm_basic.md,,stim_and_mouse_summary,deepseek_v3_1,prompts/stim_paradigm_basic.md,0.0,stim_and_mouse_summary,1800,False,0.0,deepseek-ai/DeepSeek-V3.1,prompts/stim_paradigm_basic.md,2026-05-03T06:43:30.264776+00:00,2026-05-03T06:43:42.181025+00:00,11.875233,4034,707,4741,,,,,True,8,8,1.0,stop,,/home/ricardo/Documents/Purdue/phd-notes/Spring_2026/STAT-51400/project/outputs/prompts/run_0183.md,/home/ricardo/Documents/Purdue/phd-notes/Spring_2026/STAT-51400/project/outputs/responses/run_0183.json
109,1,301,success,together,Qwen/Qwen3.5-9B,summary_only,prompts/stim_paradigm_basic.md,,summary_only,qwen3_5_9b,prompts/stim_paradigm_basic.md,0.5,summary_only,1800,False,0.5,Qwen/Qwen3.5-9B,prompts/stim_paradigm_basic.md,2026-05-03T06:43:42.181657+00:00,2026-05-03T06:44:07.924568+00:00,25.742404,1073,958,2031,,,,,True,8,8,1.0,stop,,/home/ricardo/Documents/Purdue/phd-notes/Spring_2026/STAT-51400/project/outputs/prompts/run_0109.md,/home/ricardo/Documents/Purdue/phd-notes/Spring_2026/STAT-51400/project/outputs/responses/run_0109.json
194,2,302,success,together,deepseek-ai/DeepSeek-V3.1,stim_summary,prompts/stim_paradigm_anova.md,,stim_summary,deepseek_v3_1,prompts/stim_paradigm_anova.md,0.25,stim_summary,1800,False,0.25,deepseek-ai/DeepSeek-V3.1,prompts/stim_paradigm_anova.md,2026-05-03T06:44:07.925164+00:00,2026-05-03T06:44:19.412526+00:00,11.486809,1179,508,1687,,,,,True,9,9,1.0,stop,,/home/ricardo/Documents/Purdue/phd-notes/Spring_2026/STAT-51400/project/outputs/prompts/run_0194.md,/home/ricardo/Documents/Purdue/phd-notes/Spring_2026/STAT-51400/project/outputs/responses/run_0194.json
107,1,303,success,together,Qwen/Qwen3.5-9B,stim_summary,prompts/stim_paradigm_predictive.md,,stim_summary,qwen3_5_9b,prompts/stim_paradigm_predictive.md,0.25,stim_summary,1800,False,0.25,Qwen/Qwen3.5-9B,prompts/stim_paradigm_predictive.md,2026-05-03T06:44:19.413080+00:00,2026-05-03T06:44:58.736712+00:00,39.323147,1513,994,2507,,,,,True,11,11,1.0,stop,,/home/ricardo/Documents/Purdue/phd-notes/Spring_2026/STAT-51400/project/outputs/prompts/run_0107.md,/home/ricardo/Documents/Purdue/phd-notes/Spring_2026/STAT-51400/project/outputs/responses/run_0107.json
79,1,304,success,together,deepseek-ai/DeepSeek-V3.1,summary_only,prompts/stim_paradigm_predictive.md,,summary_only,deepseek_v3_1,prompts/stim_paradigm_predictive.md,0.75,summary_only,1800,False,0.75,deepseek-ai/DeepSeek-V3.1,prompts/stim_paradigm_predictive.md,2026-05-03T06:44:58.737222+00:00,2026-05-03T06:45:13.479997+00:00,14.742075,1029,520,1549,,,,,True,11,11,1.0,stop,,/home/ricardo/Documents/Purdue/phd-notes/Spring_2026/STAT-51400/project/outputs/prompts/run_0079.md,/home/ricardo/Documents/Purdue/phd-notes/Spring_2026/STAT-51400/project/outputs/responses/run_0079.json
281,3,305,success,together,moonshotai/Kimi-K2.5,stim_summary,prompts/stim_paradigm_basic.md,,stim_summary,kimi,prompts/stim_paradigm_basic.md,0.25,stim_summary,1800,False,0.25,moonshotai/Kimi-K2.5,prompts/stim_paradigm_basic.md,2026-05-03T06:45:13.480893+00:00,2026-05-03T06:45:38.466176+00:00,24.984594,1109,1143,2252,,,,,True,8,8,1.0,stop,,/home/ricardo/Documents/Purdue/phd-notes/Spring_2026/STAT-51400/project/outputs/prompts/run_0281.md,/home/ricardo/Documents/Purdue/phd-notes/Spring_2026/STAT-51400/project/outputs/responses/run_0281.json
86,1,306,success,together,deepseek-ai/DeepSeek-V3.1,stim_summary,prompts/stim_paradigm_anova.md,,stim_summary,deepseek_v3_1,prompts/stim_paradigm_anova.md,1.0,stim_summary,1800,False,1.0,deepseek-ai/DeepSeek-V3.1,prompts/stim_paradigm_anova.md,2026-05-03T06:45:38.466819+00:00,2026-05-03T06:45:54.554702+00:00,16.087517,1179,637,1816,,,,,True,9,9,1.0,stop,,/home/ricardo/Documents/Purdue/phd-notes/Spring_2026/STAT-51400/project/outputs/prompts/run_0086.md,/home/ricardo/Documents/Purdue/phd-notes/Spring_2026/STAT-51400/project/outputs/responses/run_0086.json
379,3,307,success,together,Qwen/Qwen3.5-9B,summary_only,prompts/stim_paradigm_basic.md,,summary_only,qwen3_5_9b,prompts/stim_paradigm_basic.md,0.5,summary_only,1800,False,0.5,Qwen/Qwen3.5-9B,prompts/stim_paradigm_basic.md,2026-05-03T06:45:54.555035+00:00,2026-05-03T06:46:31.357486+00:00,36.80206,1073,887,1960,,,,,True,8,8,1.0,stop,,/home/ricardo/Documents/Purdue/phd-notes/Spring_2026/STAT-51400/project/outputs/prompts/run_0379.md,/home/ricardo/Documents/Purdue/phd-notes/Spring_2026/STAT-51400/project/outputs/responses/run_0379.json
307,3,308,success,together,moonshotai/Kimi-K2.5,summary_only,prompts/stim_paradigm_basic.md,,summary_only,kimi,prompts/stim_paradigm_basic.md,1.0,summary_only,1800,False,1.0,moonshotai/Kimi-K2.5,prompts/stim_paradigm_basic.md,2026-05-03T06:46:31.357894+00:00,2026-05-03T06:46:56.332678+00:00,24.931873,895,891,1786,,,,,True,8,8,1.0,stop,,/home/ricardo/Documents/Purdue/phd-notes/Spring_2026/STAT-51400/project/outputs/prompts/run_0307.md,/home/ricardo/Documents/Purdue/phd-notes/Spring_2026/STAT-51400/project/outputs/responses/run_0307.json
81,1,309,success,together,deepseek-ai/DeepSeek-V3.1,stim_and_mouse_summary,prompts/stim_paradigm_predictive.md,,stim_and_mouse_summary,deepseek_v3_1,prompts/stim_paradigm_predictive.md,0.75,stim_and_mouse_summary,1800,False,0.75,deepseek-ai/DeepSeek-V3.1,prompts/stim_paradigm_predictive.md,2026-05-03T06:46:56.333636+00:00,2026-05-03T06:47:52.622878+00:00,56.288471,4151,1800,5951,,,,,False,11,,,length,,/home/ricardo/Documents/Purdue/phd-notes/Spring_2026/STAT-51400/project/outputs/prompts/run_0081.md,/home/ricardo/Documents/Purdue/phd-notes/Spring_2026/STAT-51400/project/outputs/responses/run_0081.json
119,1,310,success,together,Qwen/Qwen3.5-9B,stim_summary,prompts/stim_paradigm_basic.md,,stim_summary,qwen3_5_9b,prompts/stim_paradigm_basic.md,0.75,stim_summary,1800,False,0.75,Qwen/Qwen3.5-9B,prompts/stim_paradigm_basic.md,2026-05-03T06:47:52.623399+00:00,2026-05-03T06:48:10.627749+00:00,18.00367,1401,798,2199,,,,,True,8,8,1.0,stop,,/home/ricardo/Documents/Purdue/phd-notes/Spring_2026/STAT-51400/project/outputs/prompts/run_0119.md,/home/ricardo/Documents/Purdue/phd-notes/Spring_2026/STAT-51400/project/outputs/responses/run_0119.json
140,2,311,success,together,moonshotai/Kimi-K2.5,stim_summary,prompts/stim_paradigm_anova.md,,stim_summary,kimi,prompts/stim_paradigm_anova.md,0.0,stim_summary,1800,False,0.0,moonshotai/Kimi-K2.5,prompts/stim_paradigm_anova.md,2026-05-03T06:48:10.628279+00:00,2026-05-03T06:48:38.075311+00:00,27.446264,1161,1460,2621,,,,,True,9,9,1.0,stop,,/home/ricardo/Documents/Purdue/phd-notes/Spring_2026/STAT-51400/project/outputs/prompts/run_0140.md,/home/ricardo/Documents/Purdue/phd-notes/Spring_2026/STAT-51400/project/outputs/responses/run_0140.json
7,1,312,success,together,moonshotai/Kimi-K2.5,summary_only,prompts/stim_paradigm_predictive.md,,summary_only,kimi,prompts/stim_paradigm_predictive.md,0.0,summary_only,1800,False,0.0,moonshotai/Kimi-K2.5,prompts/stim_paradigm_predictive.md,2026-05-03T06:48:38.075862+00:00,2026-05-03T06:49:02.037524+00:00,23.960898,1003,1320,2323,,,,,True,11,11,1.0,stop,,/home/ricardo/Documents/Purdue/phd-notes/Spring_2026/STAT-51400/project/outputs/prompts/run_0007.md,/home/ricardo/Documents/Purdue/phd-notes/Spring_2026/STAT-51400/project/outputs/responses/run_0007.json
72,1,313,success,together,deepseek-ai/DeepSeek-V3.1,stim_and_mouse_summary,prompts/stim_paradigm_predictive.md,,stim_and_mouse_summary,deepseek_v3_1,prompts/stim_paradigm_predictive.md,0.5,stim_and_mouse_summary,1800,False,0.5,deepseek-ai/DeepSeek-V3.1,prompts/stim_paradigm_predictive.md,2026-05-03T06:49:02.038243+00:00,2026-05-03T06:49:11.050567+00:00,9.011835,4151,430,4581,,,,,True,11,11,1.0,stop,,/home/ricardo/Documents/Purdue/phd-notes/Spring_2026/STAT-51400/project/outputs/prompts/run_0072.md,/home/ricardo/Documents/Purdue/phd-notes/Spring_2026/STAT-51400/project/outputs/responses/run_0072.json
171,2,314,success,together,moonshotai/Kimi-K2.5,stim_and_mouse_summary,prompts/stim_paradigm_predictive.md,,stim_and_mouse_summary,kimi,prompts/stim_paradigm_predictive.md,0.75,stim_and_mouse_summary,1800,False,0.75,moonshotai/Kimi-K2.5,prompts/stim_paradigm_predictive.md,2026-05-03T06:49:11.051140+00:00,2026-05-03T06:49:41.770972+00:00,30.71928,4081,1440,5521,,,,,True,11,11,1.0,stop,,/home/ricardo/Documents/Purdue/phd-notes/Spring_2026/STAT-51400/project/outputs/prompts/run_0171.md,/home/ricardo/Documents/Purdue/phd-notes/Spring_2026/STAT-51400/project/outputs/responses/run_0171.json
248,2,315,success,together,Qwen/Qwen3.5-9B,stim_summary,prompts/stim_paradigm_anova.md,,stim_summary,qwen3_5_9b,prompts/stim_paradigm_anova.md,0.5,stim_summary,1800,False,0.5,Qwen/Qwen3.5-9B,prompts/stim_paradigm_anova.md,2026-05-03T06:49:41.771453+00:00,2026-05-03T06:50:03.478028+00:00,21.706069,1453,1363,2816,,,,,True,9,9,1.0,stop,,/home/ricardo/Documents/Purdue/phd-notes/Spring_2026/STAT-51400/project/outputs/prompts/run_0248.md,/home/ricardo/Documents/Purdue/phd-notes/Spring_2026/STAT-51400/project/outputs/responses/run_0248.json
132,1,316,success,together,Qwen/Qwen3.5-9B,stim_and_mouse_summary,prompts/stim_paradigm_anova.md,,stim_and_mouse_summary,qwen3_5_9b,prompts/stim_paradigm_anova.md,1.0,stim_and_mouse_summary,1800,False,1.0,Qwen/Qwen3.5-9B,prompts/stim_paradigm_anova.md,2026-05-03T06:50:03.480063+00:00,2026-05-03T06:50:34.199053+00:00,30.718287,6216,908,7124,,,,,True,9,9,1.0,stop,,/home/ricardo/Documents/Purdue/phd-notes/Spring_2026/STAT-51400/project/outputs/prompts/run_0132.md,/home/ricardo/Documents/Purdue/phd-notes/Spring_2026/STAT-51400/project/outputs/responses/run_0132.json
296,3,317,success,together,moonshotai/Kimi-K2.5,stim_summary,prompts/stim_paradigm_predictive.md,,stim_summary,kimi,prompts/stim_paradigm_predictive.md,0.5,stim_summary,1800,False,0.5,moonshotai/Kimi-K2.5,prompts/stim_paradigm_predictive.md,2026-05-03T06:50:34.199613+00:00,2026-05-03T06:51:05.533449+00:00,31.333332,1217,1407,2624,,,,,True,11,11,1.0,stop,,/home/ricardo/Documents/Purdue/phd-notes/Spring_2026/STAT-51400/project/outputs/prompts/run_0296.md,/home/ricardo/Documents/Purdue/phd-notes/Spring_2026/STAT-51400/project/outputs/responses/run_0296.json
313,3,318,success,together,moonshotai/Kimi-K2.5,summary_only,prompts/stim_paradigm_predictive.md,,summary_only,kimi,prompts/stim_paradigm_predictive.md,1.0,summary_only,1800,False,1.0,moonshotai/Kimi-K2.5,prompts/stim_paradigm_predictive.md,2026-05-03T06:51:05.533994+00:00,2026-05-03T06:51:37.892789+00:00,32.358236,1003,1556,2559,,,,,True,11,11,1.0,stop,,/home/ricardo/Documents/Purdue/phd-notes/Spring_2026/STAT-51400/project/outputs/prompts/run_0313.md,/home/ricardo/Documents/Purdue/phd-notes/Spring_2026/STAT-51400/project/outputs/responses/run_0313.json
162,2,319,success,together,moonshotai/Kimi-K2.5,stim_and_mouse_summary,prompts/stim_paradigm_predictive.md,,stim_and_mouse_summary,kimi,prompts/stim_paradigm_predictive.md,0.5,stim_and_mouse_summary,1800,False,0.5,moonshotai/Kimi-K2.5,prompts/stim_paradigm_predictive.md,2026-05-03T06:51:37.893374+00:00,2026-05-03T06:52:24.240201+00:00,46.346246,4081,1475,5556,,,,,True,11,11,1.0,stop,,/home/ricardo/Documents/Purdue/phd-notes/Spring_2026/STAT-51400/project/outputs/prompts/run_0162.md,/home/ricardo/Documents/Purdue/phd-notes/Spring_2026/STAT-51400/project/outputs/responses/run_0162.json
57,1,320,success,together,deepseek-ai/DeepSeek-V3.1,stim_and_mouse_summary,prompts/stim_paradigm_basic.md,,stim_and_mouse_summary,deepseek_v3_1,prompts/stim_paradigm_basic.md,0.25,stim_and_mouse_summary,1800,False,0.25,deepseek-ai/DeepSeek-V3.1,prompts/stim_paradigm_basic.md,2026-05-03T06:52:24.240791+00:00,2026-05-03T06:52:33.596698+00:00,9.355404,4034,768,4802,,,,,True,8,8,1.0,stop,,/home/ricardo/Documents/Purdue/phd-notes/Spring_2026/STAT-51400/project/outputs/prompts/run_0057.md,/home/ricardo/Documents/Purdue/phd-notes/Spring_2026/STAT-51400/project/outputs/responses/run_0057.json
361,3,321,success,together,Qwen/Qwen3.5-9B,summary_only,prompts/stim_paradigm_basic.md,,summary_only,qwen3_5_9b,prompts/stim_paradigm_basic.md,0.0,summary_only,1800,False,0.0,Qwen/Qwen3.5-9B,prompts/stim_paradigm_basic.md,2026-05-03T06:52:33.597217+00:00,2026-05-03T06:52:53.929596+00:00,20.331896,1073,925,1998,,,,,True,8,8,1.0,stop,,/home/ricardo/Documents/Purdue/phd-notes/Spring_2026/STAT-51400/project/outputs/prompts/run_0361.md,/home/ricardo/Documents/Purdue/phd-notes/Spring_2026/STAT-51400/project/outputs/responses/run_0361.json
91,1,322,success,together,Qwen/Qwen3.5-9B,summary_only,prompts/stim_paradigm_basic.md,,summary_only,qwen3_5_9b,prompts/stim_paradigm_basic.md,0.0,summary_only,1800,False,0.0,Qwen/Qwen3.5-9B,prompts/stim_paradigm_basic.md,2026-05-03T06:52:53.930086+00:00,2026-05-03T06:53:11.895940+00:00,17.965327,1072,1026,2098,,,,,True,8,8,1.0,stop,,/home/ricardo/Documents/Purdue/phd-notes/Spring_2026/STAT-51400/project/outputs/prompts/run_0091.md,/home/ricardo/Documents/Purdue/phd-notes/Spring_2026/STAT-51400/project/outputs/responses/run_0091.json
85,1,323,success,together,deepseek-ai/DeepSeek-V3.1,summary_only,prompts/stim_paradigm_anova.md,,summary_only,deepseek_v3_1,prompts/stim_paradigm_anova.md,1.0,summary_only,1800,False,1.0,deepseek-ai/DeepSeek-V3.1,prompts/stim_paradigm_anova.md,2026-05-03T06:53:11.896572+00:00,2026-05-03T06:53:21.316756+00:00,9.419627,961,376,1337,,,,,True,9,9,1.0,stop,,/home/ricardo/Documents/Purdue/phd-notes/Spring_2026/STAT-51400/project/outputs/prompts/run_0085.md,/home/ricardo/Documents/Purdue/phd-notes/Spring_2026/STAT-51400/project/outputs/responses/run_0085.json
52,1,324,success,together,deepseek-ai/DeepSeek-V3.1,summary_only,prompts/stim_paradigm_predictive.md,,summary_only,deepseek_v3_1,prompts/stim_paradigm_predictive.md,0.0,summary_only,1800,False,0.0,deepseek-ai/DeepSeek-V3.1,prompts/stim_paradigm_predictive.md,2026-05-03T06:53:21.317277+00:00,2026-05-03T06:53:31.761027+00:00,10.44332,1029,489,1518,,,,,True,11,11,1.0,stop,,/home/ricardo/Documents/Purdue/phd-notes/Spring_2026/STAT-51400/project/outputs/prompts/run_0052.md,/home/ricardo/Documents/Purdue/phd-notes/Spring_2026/STAT-51400/project/outputs/responses/run_0052.json
45,1,325,success,together,moonshotai/Kimi-K2.5,stim_and_mouse_summary,prompts/stim_paradigm_predictive.md,,stim_and_mouse_summary,kimi,prompts/stim_paradigm_predictive.md,1.0,stim_and_mouse_summary,1800,False,1.0,moonshotai/Kimi-K2.5,prompts/stim_paradigm_predictive.md,2026-05-03T06:53:31.761640+00:00,2026-05-03T06:54:12.518789+00:00,40.749885,4081,1800,5881,,,,,False,11,,,length,,/home/ricardo/Documents/Purdue/phd-notes/Spring_2026/STAT-51400/project/outputs/prompts/run_0045.md,/home/ricardo/Documents/Purdue/phd-notes/Spring_2026/STAT-51400/project/outputs/responses/run_0045.json
92,1,326,success,together,Qwen/Qwen3.5-9B,stim_summary,prompts/stim_paradigm_basic.md,,stim_summary,qwen3_5_9b,prompts/stim_paradigm_basic.md,0.0,stim_summary,1800,False,0.0,Qwen/Qwen3.5-9B,prompts/stim_paradigm_basic.md,2026-05-03T06:54:12.519813+00:00,2026-05-03T06:54:32.588636+00:00,20.068082,1399,924,2323,,,,,True,8,8,1.0,stop,,/home/ricardo/Documents/Purdue/phd-notes/Spring_2026/STAT-51400/project/outputs/prompts/run_0092.md,/home/ricardo/Documents/Purdue/phd-notes/Spring_2026/STAT-51400/project/outputs/responses/run_0092.json
401,3,327,success,together,Qwen/Qwen3.5-9B,stim_summary,prompts/stim_paradigm_anova.md,,stim_summary,qwen3_5_9b,prompts/stim_paradigm_anova.md,1.0,stim_summary,1800,False,1.0,Qwen/Qwen3.5-9B,prompts/stim_paradigm_anova.md,2026-05-03T06:54:32.589131+00:00,2026-05-03T06:54:53.680697+00:00,21.091025,1453,1213,2666,,,,,True,9,9,1.0,stop,,/home/ricardo/Documents/Purdue/phd-notes/Spring_2026/STAT-51400/project/outputs/prompts/run_0401.md,/home/ricardo/Documents/Purdue/phd-notes/Spring_2026/STAT-51400/project/outputs/responses/run_0401.json
1,1,328,success,together,moonshotai/Kimi-K2.5,summary_only,prompts/stim_paradigm_basic.md,,summary_only,kimi,prompts/stim_paradigm_basic.md,0.0,summary_only,1800,False,0.0,moonshotai/Kimi-K2.5,prompts/stim_paradigm_basic.md,2026-05-03T06:54:53.681195+00:00,2026-05-03T06:55:07.814222+00:00,14.132317,895,930,1825,,,,,True,8,8,1.0,stop,,/home/ricardo/Documents/Purdue/phd-notes/Spring_2026/STAT-51400/project/outputs/prompts/run_0001.md,/home/ricardo/Documents/Purdue/phd-notes/Spring_2026/STAT-51400/project/outputs/responses/run_0001.json
232,2,329,success,together,Qwen/Qwen3.5-9B,summary_only,prompts/stim_paradigm_predictive.md,,summary_only,qwen3_5_9b,prompts/stim_paradigm_predictive.md,0.0,summary_only,1800,False,0.0,Qwen/Qwen3.5-9B,prompts/stim_paradigm_predictive.md,2026-05-03T06:55:07.814713+00:00,2026-05-03T06:55:37.098490+00:00,29.283407,1185,1253,2438,,,,,True,11,11,1.0,stop,,/home/ricardo/Documents/Purdue/phd-notes/Spring_2026/STAT-51400/project/outputs/prompts/run_0232.md,/home/ricardo/Documents/Purdue/phd-notes/Spring_2026/STAT-51400/project/outputs/responses/run_0232.json
102,1,330,success,together,Qwen/Qwen3.5-9B,stim_and_mouse_summary,prompts/stim_paradigm_basic.md,,stim_and_mouse_summary,qwen3_5_9b,prompts/stim_paradigm_basic.md,0.25,stim_and_mouse_summary,1800,False,0.25,Qwen/Qwen3.5-9B,prompts/stim_paradigm_basic.md,2026-05-03T06:55:37.098875+00:00,2026-05-03T06:55:55.325612+00:00,18.22622,6164,1038,7202,,,,,True,8,8,1.0,stop,,/home/ricardo/Documents/Purdue/phd-notes/Spring_2026/STAT-51400/project/outputs/prompts/run_0102.md,/home/ricardo/Documents/Purdue/phd-notes/Spring_2026/STAT-51400/project/outputs/responses/run_0102.json
241,2,331,success,together,Qwen/Qwen3.5-9B,summary_only,prompts/stim_paradigm_predictive.md,,summary_only,qwen3_5_9b,prompts/stim_paradigm_predictive.md,0.25,summary_only,1800,False,0.25,Qwen/Qwen3.5-9B,prompts/stim_paradigm_predictive.md,2026-05-03T06:55:55.326103+00:00,2026-05-03T06:56:29.795616+00:00,34.468775,1186,1290,2476,,,,,True,11,11,1.0,stop,,/home/ricardo/Documents/Purdue/phd-notes/Spring_2026/STAT-51400/project/outputs/prompts/run_0241.md,/home/ricardo/Documents/Purdue/phd-notes/Spring_2026/STAT-51400/project/outputs/responses/run_0241.json
322,3,332,success,together,deepseek-ai/DeepSeek-V3.1,summary_only,prompts/stim_paradigm_predictive.md,,summary_only,deepseek_v3_1,prompts/stim_paradigm_predictive.md,0.0,summary_only,1800,False,0.0,deepseek-ai/DeepSeek-V3.1,prompts/stim_paradigm_predictive.md,2026-05-03T06:56:29.796131+00:00,2026-05-03T06:56:34.814304+00:00,5.017731,1029,520,1549,,,,,True,11,11,1.0,stop,,/home/ricardo/Documents/Purdue/phd-notes/Spring_2026/STAT-51400/project/outputs/prompts/run_0322.md,/home/ricardo/Documents/Purdue/phd-notes/Spring_2026/STAT-51400/project/outputs/responses/run_0322.json
398,3,333,success,together,Qwen/Qwen3.5-9B,stim_summary,prompts/stim_paradigm_basic.md,,stim_summary,qwen3_5_9b,prompts/stim_paradigm_basic.md,1.0,stim_summary,1800,False,1.0,Qwen/Qwen3.5-9B,prompts/stim_paradigm_basic.md,2026-05-03T06:56:34.814831+00:00,2026-05-03T06:56:48.986732+00:00,14.171386,1400,943,2343,,,,,True,8,8,1.0,stop,,/home/ricardo/Documents/Purdue/phd-notes/Spring_2026/STAT-51400/project/outputs/prompts/run_0398.md,/home/ricardo/Documents/Purdue/phd-notes/Spring_2026/STAT-51400/project/outputs/responses/run_0398.json
25,1,334,success,together,moonshotai/Kimi-K2.5,summary_only,prompts/stim_paradigm_predictive.md,,summary_only,kimi,prompts/stim_paradigm_predictive.md,0.5,summary_only,1800,False,0.5,moonshotai/Kimi-K2.5,prompts/stim_paradigm_predictive.md,2026-05-03T06:56:48.987243+00:00,2026-05-03T06:57:08.030571+00:00,19.042787,1003,1456,2459,,,,,True,11,11,1.0,stop,,/home/ricardo/Documents/Purdue/phd-notes/Spring_2026/STAT-51400/project/outputs/prompts/run_0025.md,/home/ricardo/Documents/Purdue/phd-notes/Spring_2026/STAT-51400/project/outputs/responses/run_0025.json
236,2,335,success,together,Qwen/Qwen3.5-9B,stim_summary,prompts/stim_paradigm_basic.md,,stim_summary,qwen3_5_9b,prompts/stim_paradigm_basic.md,0.25,stim_summary,1800,False,0.25,Qwen/Qwen3.5-9B,prompts/stim_paradigm_basic.md,2026-05-03T06:57:08.031105+00:00,2026-05-03T06:57:22.404705+00:00,14.373097,1401,971,2372,,,,,True,8,8,1.0,stop,,/home/ricardo/Documents/Purdue/phd-notes/Spring_2026/STAT-51400/project/outputs/prompts/run_0236.md,/home/ricardo/Documents/Purdue/phd-notes/Spring_2026/STAT-51400/project/outputs/responses/run_0236.json
271,3,336,success,together,moonshotai/Kimi-K2.5,summary_only,prompts/stim_paradigm_basic.md,,summary_only,kimi,prompts/stim_paradigm_basic.md,0.0,summary_only,1800,False,0.0,moonshotai/Kimi-K2.5,prompts/stim_paradigm_basic.md,2026-05-03T06:57:22.405177+00:00,2026-05-03T06:57:39.981610+00:00,17.575743,895,1055,1950,,,,,True,8,8,1.0,stop,,/home/ricardo/Documents/Purdue/phd-notes/Spring_2026/STAT-51400/project/outputs/prompts/run_0271.md,/home/ricardo/Documents/Purdue/phd-notes/Spring_2026/STAT-51400/project/outputs/responses/run_0271.json
193,2,337,success,together,deepseek-ai/DeepSeek-V3.1,summary_only,prompts/stim_paradigm_anova.md,,summary_only,deepseek_v3_1,prompts/stim_paradigm_anova.md,0.25,summary_only,1800,False,0.25,deepseek-ai/DeepSeek-V3.1,prompts/stim_paradigm_anova.md,2026-05-03T06:57:39.982072+00:00,2026-05-03T06:57:48.172625+00:00,8.190065,961,374,1335,,,,,True,9,9,1.0,stop,,/home/ricardo/Documents/Purdue/phd-notes/Spring_2026/STAT-51400/project/outputs/prompts/run_0193.md,/home/ricardo/Documents/Purdue/phd-notes/Spring_2026/STAT-51400/project/outputs/responses/run_0193.json
268,2,338,success,together,Qwen/Qwen3.5-9B,summary_only,prompts/stim_paradigm_predictive.md,,summary_only,qwen3_5_9b,prompts/stim_paradigm_predictive.md,1.0,summary_only,1800,False,1.0,Qwen/Qwen3.5-9B,prompts/stim_paradigm_predictive.md,2026-05-03T06:57:48.173116+00:00,2026-05-03T06:58:15.868418+00:00,27.69492,1185,1078,2263,,,,,True,11,11,1.0,stop,,/home/ricardo/Documents/Purdue/phd-notes/Spring_2026/STAT-51400/project/outputs/prompts/run_0268.md,/home/ricardo/Documents/Purdue/phd-notes/Spring_2026/STAT-51400/project/outputs/responses/run_0268.json
265,2,339,success,together,Qwen/Qwen3.5-9B,summary_only,prompts/stim_paradigm_anova.md,,summary_only,qwen3_5_9b,prompts/stim_paradigm_anova.md,1.0,summary_only,1800,False,1.0,Qwen/Qwen3.5-9B,prompts/stim_paradigm_anova.md,2026-05-03T06:58:15.868816+00:00,2026-05-03T06:58:42.443531+00:00,26.574016,1126,1125,2251,,,,,True,9,9,1.0,stop,,/home/ricardo/Documents/Purdue/phd-notes/Spring_2026/STAT-51400/project/outputs/prompts/run_0265.md,/home/ricardo/Documents/Purdue/phd-notes/Spring_2026/STAT-51400/project/outputs/responses/run_0265.json
111,1,340,success,together,Qwen/Qwen3.5-9B,stim_and_mouse_summary,prompts/stim_paradigm_basic.md,,stim_and_mouse_summary,qwen3_5_9b,prompts/stim_paradigm_basic.md,0.5,stim_and_mouse_summary,1800,False,0.5,Qwen/Qwen3.5-9B,prompts/stim_paradigm_basic.md,2026-05-03T06:58:42.444243+00:00,2026-05-03T06:59:15.825593+00:00,33.380833,6163,990,7153,,,,,True,8,8,1.0,stop,,/home/ricardo/Documents/Purdue/phd-notes/Spring_2026/STAT-51400/project/outputs/prompts/run_0111.md,/home/ricardo/Documents/Purdue/phd-notes/Spring_2026/STAT-51400/project/outputs/responses/run_0111.json
253,2,341,success,together,Qwen/Qwen3.5-9B,summary_only,prompts/stim_paradigm_basic.md,,summary_only,qwen3_5_9b,prompts/stim_paradigm_basic.md,0.75,summary_only,1800,False,0.75,Qwen/Qwen3.5-9B,prompts/stim_paradigm_basic.md,2026-05-03T06:59:15.826082+00:00,2026-05-03T06:59:34.210804+00:00,18.384013,1074,928,2002,,,,,True,8,8,1.0,stop,,/home/ricardo/Documents/Purdue/phd-notes/Spring_2026/STAT-51400/project/outputs/prompts/run_0253.md,/home/ricardo/Documents/Purdue/phd-notes/Spring_2026/STAT-51400/project/outputs/responses/run_0253.json
11,1,342,success,together,moonshotai/Kimi-K2.5,stim_summary,prompts/stim_paradigm_basic.md,,stim_summary,kimi,prompts/stim_paradigm_basic.md,0.25,stim_summary,1800,False,0.25,moonshotai/Kimi-K2.5,prompts/stim_paradigm_basic.md,2026-05-03T06:59:34.211472+00:00,2026-05-03T07:00:14.013292+00:00,39.776442,1109,1103,2212,,,,,True,8,8,1.0,stop,,/home/ricardo/Documents/Purdue/phd-notes/Spring_2026/STAT-51400/project/outputs/prompts/run_0011.md,/home/ricardo/Documents/Purdue/phd-notes/Spring_2026/STAT-51400/project/outputs/responses/run_0011.json
84,1,343,success,together,deepseek-ai/DeepSeek-V3.1,stim_and_mouse_summary,prompts/stim_paradigm_basic.md,,stim_and_mouse_summary,deepseek_v3_1,prompts/stim_paradigm_basic.md,1.0,stim_and_mouse_summary,1800,False,1.0,deepseek-ai/DeepSeek-V3.1,prompts/stim_paradigm_basic.md,2026-05-03T07:00:14.014172+00:00,2026-05-03T07:00:31.399573+00:00,17.384926,4034,639,4673,,,,,True,8,8,1.0,stop,,/home/ricardo/Documents/Purdue/phd-notes/Spring_2026/STAT-51400/project/outputs/prompts/run_0084.md,/home/ricardo/Documents/Purdue/phd-notes/Spring_2026/STAT-51400/project/outputs/responses/run_0084.json
199,2,344,success,together,deepseek-ai/DeepSeek-V3.1,summary_only,prompts/stim_paradigm_basic.md,,summary_only,deepseek_v3_1,prompts/stim_paradigm_basic.md,0.5,summary_only,1800,False,0.5,deepseek-ai/DeepSeek-V3.1,prompts/stim_paradigm_basic.md,2026-05-03T07:00:31.400107+00:00,2026-05-03T07:00:46.144657+00:00,14.744099,912,513,1425,,,,,True,8,8,1.0,stop,,/home/ricardo/Documents/Purdue/phd-notes/Spring_2026/STAT-51400/project/outputs/prompts/run_0199.md,/home/ricardo/Documents/Purdue/phd-notes/Spring_2026/STAT-51400/project/outputs/responses/run_0199.json
88,1,345,success,together,deepseek-ai/DeepSeek-V3.1,summary_only,prompts/stim_paradigm_predictive.md,,summary_only,deepseek_v3_1,prompts/stim_paradigm_predictive.md,1.0,summary_only,1800,False,1.0,deepseek-ai/DeepSeek-V3.1,prompts/stim_paradigm_predictive.md,2026-05-03T07:00:46.145179+00:00,2026-05-03T07:01:33.861358+00:00,47.715284,1029,1800,2829,,,,,False,11,,,length,,/home/ricardo/Documents/Purdue/phd-notes/Spring_2026/STAT-51400/project/outputs/prompts/run_0088.md,/home/ricardo/Documents/Purdue/phd-notes/Spring_2026/STAT-51400/project/outputs/responses/run_0088.json
207,2,346,success,together,deepseek-ai/DeepSeek-V3.1,stim_and_mouse_summary,prompts/stim_paradigm_predictive.md,,stim_and_mouse_summary,deepseek_v3_1,prompts/stim_paradigm_predictive.md,0.5,stim_and_mouse_summary,1800,False,0.5,deepseek-ai/DeepSeek-V3.1,prompts/stim_paradigm_predictive.md,2026-05-03T07:01:33.862019+00:00,2026-05-03T07:01:49.221934+00:00,15.359203,4151,534,4685,,,,,True,11,11,1.0,stop,,/home/ricardo/Documents/Purdue/phd-notes/Spring_2026/STAT-51400/project/outputs/prompts/run_0207.md,/home/ricardo/Documents/Purdue/phd-notes/Spring_2026/STAT-51400/project/outputs/responses/run_0207.json
394,3,347,success,together,Qwen/Qwen3.5-9B,summary_only,prompts/stim_paradigm_predictive.md,,summary_only,qwen3_5_9b,prompts/stim_paradigm_predictive.md,0.75,summary_only,1800,False,0.75,Qwen/Qwen3.5-9B,prompts/stim_paradigm_predictive.md,2026-05-03T07:01:49.222439+00:00,2026-05-03T07:02:18.995787+00:00,29.772865,1186,996,2182,,,,,True,11,11,1.0,stop,,/home/ricardo/Documents/Purdue/phd-notes/Spring_2026/STAT-51400/project/outputs/prompts/run_0394.md,/home/ricardo/Documents/Purdue/phd-notes/Spring_2026/STAT-51400/project/outputs/responses/run_0394.json
90,1,348,success,together,deepseek-ai/DeepSeek-V3.1,stim_and_mouse_summary,prompts/stim_paradigm_predictive.md,,stim_and_mouse_summary,deepseek_v3_1,prompts/stim_paradigm_predictive.md,1.0,stim_and_mouse_summary,1800,False,1.0,deepseek-ai/DeepSeek-V3.1,prompts/stim_paradigm_predictive.md,2026-05-03T07:02:18.996365+00:00,2026-05-03T07:03:05.829528+00:00,46.832259,4151,1800,5951,,,,,False,11,,,length,,/home/ricardo/Documents/Purdue/phd-notes/Spring_2026/STAT-51400/project/outputs/prompts/run_0090.md,/home/ricardo/Documents/Purdue/phd-notes/Spring_2026/STAT-51400/project/outputs/responses/run_0090.json
263,2,349,success,together,Qwen/Qwen3.5-9B,stim_summary,prompts/stim_paradigm_basic.md,,stim_summary,qwen3_5_9b,prompts/stim_paradigm_basic.md,1.0,stim_summary,1800,False,1.0,Qwen/Qwen3.5-9B,prompts/stim_paradigm_basic.md,2026-05-03T07:03:05.830044+00:00,2026-05-03T07:03:20.633152+00:00,14.802636,1400,896,2296,,,,,True,8,8,1.0,stop,,/home/ricardo/Documents/Purdue/phd-notes/Spring_2026/STAT-51400/project/outputs/prompts/run_0263.md,/home/ricardo/Documents/Purdue/phd-notes/Spring_2026/STAT-51400/project/outputs/responses/run_0263.json
99,1,351,success,together,Qwen/Qwen3.5-9B,stim_and_mouse_summary,prompts/stim_paradigm_predictive.md,,stim_and_mouse_summary,qwen3_5_9b,prompts/stim_paradigm_predictive.md,0.0,stim_and_mouse_summary,1800,False,0.0,Qwen/Qwen3.5-9B,prompts/stim_paradigm_predictive.md,2026-05-03T07:03:25.095663+00:00,2026-05-03T07:03:40.018672+00:00,14.922173,6274,995,7269,,,,,True,11,11,1.0,stop,,/home/ricardo/Documents/Purdue/phd-notes/Spring_2026/STAT-51400/project/outputs/prompts/run_0099.md,/home/ricardo/Documents/Purdue/phd-notes/Spring_2026/STAT-51400/project/outputs/responses/run_0099.json
303,3,352,success,together,moonshotai/Kimi-K2.5,stim_and_mouse_summary,prompts/stim_paradigm_anova.md,,stim_and_mouse_summary,kimi,prompts/stim_paradigm_anova.md,0.75,stim_and_mouse_summary,1800,False,0.75,moonshotai/Kimi-K2.5,prompts/stim_paradigm_anova.md,2026-05-03T07:03:40.019317+00:00,2026-05-03T07:04:25.076043+00:00,45.056154,4025,1485,5510,,,,,True,9,9,1.0,stop,,/home/ricardo/Documents/Purdue/phd-notes/Spring_2026/STAT-51400/project/outputs/prompts/run_0303.md,/home/ricardo/Documents/Purdue/phd-notes/Spring_2026/STAT-51400/project/outputs/responses/run_0303.json
351,3,353,success,together,deepseek-ai/DeepSeek-V3.1,stim_and_mouse_summary,prompts/stim_paradigm_predictive.md,,stim_and_mouse_summary,deepseek_v3_1,prompts/stim_paradigm_predictive.md,0.75,stim_and_mouse_summary,1800,False,0.75,deepseek-ai/DeepSeek-V3.1,prompts/stim_paradigm_predictive.md,2026-05-03T07:04:25.076591+00:00,2026-05-03T07:04:36.544809+00:00,11.467731,4151,487,4638,,,,,True,11,11,1.0,stop,,/home/ricardo/Documents/Purdue/phd-notes/Spring_2026/STAT-51400/project/outputs/prompts/run_0351.md,/home/ricardo/Documents/Purdue/phd-notes/Spring_2026/STAT-51400/project/outputs/responses/run_0351.json
195,2,354,success,together,deepseek-ai/DeepSeek-V3.1,stim_and_mouse_summary,prompts/stim_paradigm_anova.md,,stim_and_mouse_summary,deepseek_v3_1,prompts/stim_paradigm_anova.md,0.25,stim_and_mouse_summary,1800,False,0.25,deepseek-ai/DeepSeek-V3.1,prompts/stim_paradigm_anova.md,2026-05-03T07:04:36.545386+00:00,2026-05-03T07:04:51.289237+00:00,14.743381,4083,558,4641,,,,,True,9,9,1.0,stop,,/home/ricardo/Documents/Purdue/phd-notes/Spring_2026/STAT-51400/project/outputs/prompts/run_0195.md,/home/ricardo/Documents/Purdue/phd-notes/Spring_2026/STAT-51400/project/outputs/responses/run_0195.json
157,2,355,success,together,moonshotai/Kimi-K2.5,summary_only,prompts/stim_paradigm_anova.md,,summary_only,kimi,prompts/stim_paradigm_anova.md,0.5,summary_only,1800,False,0.5,moonshotai/Kimi-K2.5,prompts/stim_paradigm_anova.md,2026-05-03T07:04:51.289720+00:00,2026-05-03T07:05:12.587583+00:00,21.297354,947,1066,2013,,,,,True,9,9,1.0,stop,,/home/ricardo/Documents/Purdue/phd-notes/Spring_2026/STAT-51400/project/outputs/prompts/run_0157.md,/home/ricardo/Documents/Purdue/phd-notes/Spring_2026/STAT-51400/project/outputs/responses/run_0157.json
35,1,356,success,together,moonshotai/Kimi-K2.5,stim_summary,prompts/stim_paradigm_predictive.md,,stim_summary,kimi,prompts/stim_paradigm_predictive.md,0.75,stim_summary,1800,False,0.75,moonshotai/Kimi-K2.5,prompts/stim_paradigm_predictive.md,2026-05-03T07:05:12.588104+00:00,2026-05-03T07:05:39.212721+00:00,26.624045,1217,1460,2677,,,,,True,11,11,1.0,stop,,/home/ricardo/Documents/Purdue/phd-notes/Spring_2026/STAT-51400/project/outputs/prompts/run_0035.md,/home/ricardo/Documents/Purdue/phd-notes/Spring_2026/STAT-51400/project/outputs/responses/run_0035.json
15,1,357,success,together,moonshotai/Kimi-K2.5,stim_and_mouse_summary,prompts/stim_paradigm_anova.md,,stim_and_mouse_summary,kimi,prompts/stim_paradigm_anova.md,0.25,stim_and_mouse_summary,1800,False,0.25,moonshotai/Kimi-K2.5,prompts/stim_paradigm_anova.md,2026-05-03T07:05:39.213304+00:00,2026-05-03T07:06:12.088436+00:00,32.874575,4025,1683,5708,,,,,True,9,9,1.0,stop,,/home/ricardo/Documents/Purdue/phd-notes/Spring_2026/STAT-51400/project/outputs/prompts/run_0015.md,/home/ricardo/Documents/Purdue/phd-notes/Spring_2026/STAT-51400/project/outputs/responses/run_0015.json
269,2,358,success,together,Qwen/Qwen3.5-9B,stim_summary,prompts/stim_paradigm_predictive.md,,stim_summary,qwen3_5_9b,prompts/stim_paradigm_predictive.md,1.0,stim_summary,1800,False,1.0,Qwen/Qwen3.5-9B,prompts/stim_paradigm_predictive.md,2026-05-03T07:06:12.089016+00:00,2026-05-03T07:06:54.566451+00:00,42.451338,1512,1431,2943,,,,,True,11,11,1.0,stop,,/home/ricardo/Documents/Purdue/phd-notes/Spring_2026/STAT-51400/project/outputs/prompts/run_0269.md,/home/ricardo/Documents/Purdue/phd-notes/Spring_2026/STAT-51400/project/outputs/responses/run_0269.json
78,1,359,success,together,deepseek-ai/DeepSeek-V3.1,stim_and_mouse_summary,prompts/stim_paradigm_anova.md,,stim_and_mouse_summary,deepseek_v3_1,prompts/stim_paradigm_anova.md,0.75,stim_and_mouse_summary,1800,False,0.75,deepseek-ai/DeepSeek-V3.1,prompts/stim_paradigm_anova.md,2026-05-03T07:06:54.567286+00:00,2026-05-03T07:07:08.917234+00:00,14.349418,4083,687,4770,,,,,True,9,9,1.0,stop,,/home/ricardo/Documents/Purdue/phd-notes/Spring_2026/STAT-51400/project/outputs/prompts/run_0078.md,/home/ricardo/Documents/Purdue/phd-notes/Spring_2026/STAT-51400/project/outputs/responses/run_0078.json
294,3,360,success,together,moonshotai/Kimi-K2.5,stim_and_mouse_summary,prompts/stim_paradigm_anova.md,,stim_and_mouse_summary,kimi,prompts/stim_paradigm_anova.md,0.5,stim_and_mouse_summary,1800,False,0.5,moonshotai/Kimi-K2.5,prompts/stim_paradigm_anova.md,2026-05-03T07:07:08.917846+00:00,2026-05-03T07:07:48.852049+00:00,39.933653,4025,1437,5462,,,,,True,9,9,1.0,stop,,/home/ricardo/Documents/Purdue/phd-notes/Spring_2026/STAT-51400/project/outputs/prompts/run_0294.md,/home/ricardo/Documents/Purdue/phd-notes/Spring_2026/STAT-51400/project/outputs/responses/run_0294.json
363,3,361,success,together,Qwen/Qwen3.5-9B,stim_and_mouse_summary,prompts/stim_paradigm_basic.md,,stim_and_mouse_summary,qwen3_5_9b,prompts/stim_paradigm_basic.md,0.0,stim_and_mouse_summary,1800,False,0.0,Qwen/Qwen3.5-9B,prompts/stim_paradigm_basic.md,2026-05-03T07:07:48.852640+00:00,2026-05-03T07:08:10.098129+00:00,21.24498,6163,973,7136,,,,,True,8,8,1.0,stop,,/home/ricardo/Documents/Purdue/phd-notes/Spring_2026/STAT-51400/project/outputs/prompts/run_0363.md,/home/ricardo/Documents/Purdue/phd-notes/Spring_2026/STAT-51400/project/outputs/responses/run_0363.json
327,3,362,success,together,deepseek-ai/DeepSeek-V3.1,stim_and_mouse_summary,prompts/stim_paradigm_basic.md,,stim_and_mouse_summary,deepseek_v3_1,prompts/stim_paradigm_basic.md,0.25,stim_and_mouse_summary,1800,False,0.25,deepseek-ai/DeepSeek-V3.1,prompts/stim_paradigm_basic.md,2026-05-03T07:08:10.098777+00:00,2026-05-03T07:08:23.669000+00:00,13.569714,4034,611,4645,,,,,True,8,8,1.0,stop,,/home/ricardo/Documents/Purdue/phd-notes/Spring_2026/STAT-51400/project/outputs/prompts/run_0327.md,/home/ricardo/Documents/Purdue/phd-notes/Spring_2026/STAT-51400/project/outputs/responses/run_0327.json
125,1,363,success,together,Qwen/Qwen3.5-9B,stim_summary,prompts/stim_paradigm_predictive.md,,stim_summary,qwen3_5_9b,prompts/stim_paradigm_predictive.md,0.75,stim_summary,1800,False,0.75,Qwen/Qwen3.5-9B,prompts/stim_paradigm_predictive.md,2026-05-03T07:08:23.669547+00:00,2026-05-03T07:09:04.013014+00:00,40.342974,1513,1343,2856,,,,,True,11,11,1.0,stop,,/home/ricardo/Documents/Purdue/phd-notes/Spring_2026/STAT-51400/project/outputs/prompts/run_0125.md,/home/ricardo/Documents/Purdue/phd-notes/Spring_2026/STAT-51400/project/outputs/responses/run_0125.json
165,2,364,success,together,moonshotai/Kimi-K2.5,stim_and_mouse_summary,prompts/stim_paradigm_basic.md,,stim_and_mouse_summary,kimi,prompts/stim_paradigm_basic.md,0.75,stim_and_mouse_summary,1800,False,0.75,moonshotai/Kimi-K2.5,prompts/stim_paradigm_basic.md,2026-05-03T07:09:04.013622+00:00,2026-05-03T07:09:26.133691+00:00,22.119473,3973,1430,5403,,,,,True,8,8,1.0,stop,,/home/ricardo/Documents/Purdue/phd-notes/Spring_2026/STAT-51400/project/outputs/prompts/run_0165.md,/home/ricardo/Documents/Purdue/phd-notes/Spring_2026/STAT-51400/project/outputs/responses/run_0165.json
179,2,365,success,together,moonshotai/Kimi-K2.5,stim_summary,prompts/stim_paradigm_predictive.md,,stim_summary,kimi,prompts/stim_paradigm_predictive.md,1.0,stim_summary,1800,False,1.0,moonshotai/Kimi-K2.5,prompts/stim_paradigm_predictive.md,2026-05-03T07:09:26.134209+00:00,2026-05-03T07:10:49.689852+00:00,83.5551,1217,1469,2686,,,,,True,11,11,1.0,stop,,/home/ricardo/Documents/Purdue/phd-notes/Spring_2026/STAT-51400/project/outputs/prompts/run_0179.md,/home/ricardo/Documents/Purdue/phd-notes/Spring_2026/STAT-51400/project/outputs/responses/run_0179.json
264,2,366,success,together,Qwen/Qwen3.5-9B,stim_and_mouse_summary,prompts/stim_paradigm_basic.md,,stim_and_mouse_summary,qwen3_5_9b,prompts/stim_paradigm_basic.md,1.0,stim_and_mouse_summary,1800,False,1.0,Qwen/Qwen3.5-9B,prompts/stim_paradigm_basic.md,2026-05-03T07:10:49.690455+00:00,2026-05-03T07:11:03.616017+00:00,13.925028,6163,955,7118,,,,,True,8,8,1.0,stop,,/home/ricardo/Documents/Purdue/phd-notes/Spring_2026/STAT-51400/project/outputs/prompts/run_0264.md,/home/ricardo/Documents/Purdue/phd-notes/Spring_2026/STAT-51400/project/outputs/responses/run_0264.json
378,3,367,success,together,Qwen/Qwen3.5-9B,stim_and_mouse_summary,prompts/stim_paradigm_predictive.md,,stim_and_mouse_summary,qwen3_5_9b,prompts/stim_paradigm_predictive.md,0.25,stim_and_mouse_summary,1800,False,0.25,Qwen/Qwen3.5-9B,prompts/stim_paradigm_predictive.md,2026-05-03T07:11:03.616612+00:00,2026-05-03T07:11:19.180426+00:00,15.563268,6276,1036,7312,,,,,True,11,11,1.0,stop,,/home/ricardo/Documents/Purdue/phd-notes/Spring_2026/STAT-51400/project/outputs/prompts/run_0378.md,/home/ricardo/Documents/Purdue/phd-notes/Spring_2026/STAT-51400/project/outputs/responses/run_0378.json
203,2,368,success,together,deepseek-ai/DeepSeek-V3.1,stim_summary,prompts/stim_paradigm_anova.md,,stim_summary,deepseek_v3_1,prompts/stim_paradigm_anova.md,0.5,stim_summary,1800,False,0.5,deepseek-ai/DeepSeek-V3.1,prompts/stim_paradigm_anova.md,2026-05-03T07:11:19.181048+00:00,2026-05-03T07:11:27.168235+00:00,7.986575,1179,474,1653,,,,,True,9,9,1.0,stop,,/home/ricardo/Documents/Purdue/phd-notes/Spring_2026/STAT-51400/project/outputs/prompts/run_0203.md,/home/ricardo/Documents/Purdue/phd-notes/Spring_2026/STAT-51400/project/outputs/responses/run_0203.json
282,3,369,success,together,moonshotai/Kimi-K2.5,stim_and_mouse_summary,prompts/stim_paradigm_basic.md,,stim_and_mouse_summary,kimi,prompts/stim_paradigm_basic.md,0.25,stim_and_mouse_summary,1800,False,0.25,moonshotai/Kimi-K2.5,prompts/stim_paradigm_basic.md,2026-05-03T07:11:27.168858+00:00,2026-05-03T07:11:49.901115+00:00,22.73158,3973,1347,5320,,,,,True,8,8,1.0,stop,,/home/ricardo/Documents/Purdue/phd-notes/Spring_2026/STAT-51400/project/outputs/prompts/run_0282.md,/home/ricardo/Documents/Purdue/phd-notes/Spring_2026/STAT-51400/project/outputs/responses/run_0282.json
66,1,370,success,together,deepseek-ai/DeepSeek-V3.1,stim_and_mouse_summary,prompts/stim_paradigm_basic.md,,stim_and_mouse_summary,deepseek_v3_1,prompts/stim_paradigm_basic.md,0.5,stim_and_mouse_summary,1800,False,0.5,deepseek-ai/DeepSeek-V3.1,prompts/stim_paradigm_basic.md,2026-05-03T07:11:49.901736+00:00,2026-05-03T07:11:59.528277+00:00,9.625811,4034,616,4650,,,,,True,8,8,1.0,stop,,/home/ricardo/Documents/Purdue/phd-notes/Spring_2026/STAT-51400/project/outputs/prompts/run_0066.md,/home/ricardo/Documents/Purdue/phd-notes/Spring_2026/STAT-51400/project/outputs/responses/run_0066.json
347,3,371,success,together,deepseek-ai/DeepSeek-V3.1,stim_summary,prompts/stim_paradigm_anova.md,,stim_summary,deepseek_v3_1,prompts/stim_paradigm_anova.md,0.75,stim_summary,1800,False,0.75,deepseek-ai/DeepSeek-V3.1,prompts/stim_paradigm_anova.md,2026-05-03T07:11:59.528984+00:00,2026-05-03T07:12:11.695083+00:00,12.16558,1179,591,1770,,,,,True,9,9,1.0,stop,,/home/ricardo/Documents/Purdue/phd-notes/Spring_2026/STAT-51400/project/outputs/prompts/run_0347.md,/home/ricardo/Documents/Purdue/phd-notes/Spring_2026/STAT-51400/project/outputs/responses/run_0347.json
22,1,372,success,together,moonshotai/Kimi-K2.5,summary_only,prompts/stim_paradigm_anova.md,,summary_only,kimi,prompts/stim_paradigm_anova.md,0.5,summary_only,1800,False,0.5,moonshotai/Kimi-K2.5,prompts/stim_paradigm_anova.md,2026-05-03T07:12:11.695620+00:00,2026-05-03T07:12:40.690864+00:00,28.994687,947,1162,2109,,,,,True,9,9,1.0,stop,,/home/ricardo/Documents/Purdue/phd-notes/Spring_2026/STAT-51400/project/outputs/prompts/run_0022.md,/home/ricardo/Documents/Purdue/phd-notes/Spring_2026/STAT-51400/project/outputs/responses/run_0022.json
161,2,373,success,together,moonshotai/Kimi-K2.5,stim_summary,prompts/stim_paradigm_predictive.md,,stim_summary,kimi,prompts/stim_paradigm_predictive.md,0.5,stim_summary,1800,False,0.5,moonshotai/Kimi-K2.5,prompts/stim_paradigm_predictive.md,2026-05-03T07:12:40.691399+00:00,2026-05-03T07:13:19.578391+00:00,38.886197,1217,1511,2728,,,,,True,11,11,1.0,stop,,/home/ricardo/Documents/Purdue/phd-notes/Spring_2026/STAT-51400/project/outputs/prompts/run_0161.md,/home/ricardo/Documents/Purdue/phd-notes/Spring_2026/STAT-51400/project/outputs/responses/run_0161.json
348,3,374,success,together,deepseek-ai/DeepSeek-V3.1,stim_and_mouse_summary,prompts/stim_paradigm_anova.md,,stim_and_mouse_summary,deepseek_v3_1,prompts/stim_paradigm_anova.md,0.75,stim_and_mouse_summary,1800,False,0.75,deepseek-ai/DeepSeek-V3.1,prompts/stim_paradigm_anova.md,2026-05-03T07:13:19.579120+00:00,2026-05-03T07:13:29.026770+00:00,9.447139,4083,626,4709,,,,,True,9,9,1.0,stop,,/home/ricardo/Documents/Purdue/phd-notes/Spring_2026/STAT-51400/project/outputs/prompts/run_0348.md,/home/ricardo/Documents/Purdue/phd-notes/Spring_2026/STAT-51400/project/outputs/responses/run_0348.json
218,2,375,success,together,deepseek-ai/DeepSeek-V3.1,stim_summary,prompts/stim_paradigm_basic.md,,stim_summary,deepseek_v3_1,prompts/stim_paradigm_basic.md,1.0,stim_summary,1800,False,1.0,deepseek-ai/DeepSeek-V3.1,prompts/stim_paradigm_basic.md,2026-05-03T07:13:29.027303+00:00,2026-05-03T07:13:35.988743+00:00,6.960835,1130,535,1665,,,,,True,8,8,1.0,stop,,/home/ricardo/Documents/Purdue/phd-notes/Spring_2026/STAT-51400/project/outputs/prompts/run_0218.md,/home/ricardo/Documents/Purdue/phd-notes/Spring_2026/STAT-51400/project/outputs/responses/run_0218.json
106,1,376,success,together,Qwen/Qwen3.5-9B,summary_only,prompts/stim_paradigm_predictive.md,,summary_only,qwen3_5_9b,prompts/stim_paradigm_predictive.md,0.25,summary_only,1800,False,0.25,Qwen/Qwen3.5-9B,prompts/stim_paradigm_predictive.md,2026-05-03T07:13:35.989897+00:00,2026-05-03T07:14:05.684300+00:00,29.693897,1186,1401,2587,,,,,True,11,11,1.0,stop,,/home/ricardo/Documents/Purdue/phd-notes/Spring_2026/STAT-51400/project/outputs/prompts/run_0106.md,/home/ricardo/Documents/Purdue/phd-notes/Spring_2026/STAT-51400/project/outputs/responses/run_0106.json
182,2,377,success,together,deepseek-ai/DeepSeek-V3.1,stim_summary,prompts/stim_paradigm_basic.md,,stim_summary,deepseek_v3_1,prompts/stim_paradigm_basic.md,0.0,stim_summary,1800,False,0.0,deepseek-ai/DeepSeek-V3.1,prompts/stim_paradigm_basic.md,2026-05-03T07:14:05.684810+00:00,2026-05-03T07:14:13.878173+00:00,8.192929,1130,599,1729,,,,,True,8,8,1.0,stop,,/home/ricardo/Documents/Purdue/phd-notes/Spring_2026/STAT-51400/project/outputs/prompts/run_0182.md,/home/ricardo/Documents/Purdue/phd-notes/Spring_2026/STAT-51400/project/outputs/responses/run_0182.json
277,3,378,success,together,moonshotai/Kimi-K2.5,summary_only,prompts/stim_paradigm_predictive.md,,summary_only,kimi,prompts/stim_paradigm_predictive.md,0.0,summary_only,1800,False,0.0,moonshotai/Kimi-K2.5,prompts/stim_paradigm_predictive.md,2026-05-03T07:14:13.878711+00:00,2026-05-03T07:14:32.308146+00:00,18.428377,1003,1376,2379,,,,,True,11,11,1.0,stop,,/home/ricardo/Documents/Purdue/phd-notes/Spring_2026/STAT-51400/project/outputs/prompts/run_0277.md,/home/ricardo/Documents/Purdue/phd-notes/Spring_2026/STAT-51400/project/outputs/responses/run_0277.json
114,1,379,success,together,Qwen/Qwen3.5-9B,stim_and_mouse_summary,prompts/stim_paradigm_anova.md,,stim_and_mouse_summary,qwen3_5_9b,prompts/stim_paradigm_anova.md,0.5,stim_and_mouse_summary,1800,False,0.5,Qwen/Qwen3.5-9B,prompts/stim_paradigm_anova.md,2026-05-03T07:14:32.308822+00:00,2026-05-03T07:14:56.474686+00:00,24.165421,6216,1127,7343,,,,,True,9,9,1.0,stop,,/home/ricardo/Documents/Purdue/phd-notes/Spring_2026/STAT-51400/project/outputs/prompts/run_0114.md,/home/ricardo/Documents/Purdue/phd-notes/Spring_2026/STAT-51400/project/outputs/responses/run_0114.json
75,1,380,success,together,deepseek-ai/DeepSeek-V3.1,stim_and_mouse_summary,prompts/stim_paradigm_basic.md,,stim_and_mouse_summary,deepseek_v3_1,prompts/stim_paradigm_basic.md,0.75,stim_and_mouse_summary,1800,False,0.75,deepseek-ai/DeepSeek-V3.1,prompts/stim_paradigm_basic.md,2026-05-03T07:14:56.475197+00:00,2026-05-03T07:15:04.620375+00:00,8.14445,4034,642,4676,,,,,True,8,8,1.0,stop,,/home/ricardo/Documents/Purdue/phd-notes/Spring_2026/STAT-51400/project/outputs/prompts/run_0075.md,/home/ricardo/Documents/Purdue/phd-notes/Spring_2026/STAT-51400/project/outputs/responses/run_0075.json
328,3,381,success,together,deepseek-ai/DeepSeek-V3.1,summary_only,prompts/stim_paradigm_anova.md,,summary_only,deepseek_v3_1,prompts/stim_paradigm_anova.md,0.25,summary_only,1800,False,0.25,deepseek-ai/DeepSeek-V3.1,prompts/stim_paradigm_anova.md,2026-05-03T07:15:04.621061+00:00,2026-05-03T07:15:20.382584+00:00,15.760828,961,583,1544,,,,,True,9,9,1.0,stop,,/home/ricardo/Documents/Purdue/phd-notes/Spring_2026/STAT-51400/project/outputs/prompts/run_0328.md,/home/ricardo/Documents/Purdue/phd-notes/Spring_2026/STAT-51400/project/outputs/responses/run_0328.json
124,1,382,success,together,Qwen/Qwen3.5-9B,summary_only,prompts/stim_paradigm_predictive.md,,summary_only,qwen3_5_9b,prompts/stim_paradigm_predictive.md,0.75,summary_only,1800,False,0.75,Qwen/Qwen3.5-9B,prompts/stim_paradigm_predictive.md,2026-05-03T07:15:20.383092+00:00,2026-05-03T07:15:48.700157+00:00,28.316603,1186,1026,2212,,,,,True,11,11,1.0,stop,,/home/ricardo/Documents/Purdue/phd-notes/Spring_2026/STAT-51400/project/outputs/prompts/run_0124.md,/home/ricardo/Documents/Purdue/phd-notes/Spring_2026/STAT-51400/project/outputs/responses/run_0124.json
192,2,383,success,together,deepseek-ai/DeepSeek-V3.1,stim_and_mouse_summary,prompts/stim_paradigm_basic.md,,stim_and_mouse_summary,deepseek_v3_1,prompts/stim_paradigm_basic.md,0.25,stim_and_mouse_summary,1800,False,0.25,deepseek-ai/DeepSeek-V3.1,prompts/stim_paradigm_basic.md,2026-05-03T07:15:48.700739+00:00,2026-05-03T07:16:01.395934+00:00,12.694469,4034,610,4644,,,,,True,8,8,1.0,stop,,/home/ricardo/Documents/Purdue/phd-notes/Spring_2026/STAT-51400/project/outputs/prompts/run_0192.md,/home/ricardo/Documents/Purdue/phd-notes/Spring_2026/STAT-51400/project/outputs/responses/run_0192.json
358,3,384,success,together,deepseek-ai/DeepSeek-V3.1,summary_only,prompts/stim_paradigm_predictive.md,,summary_only,deepseek_v3_1,prompts/stim_paradigm_predictive.md,1.0,summary_only,1800,False,1.0,deepseek-ai/DeepSeek-V3.1,prompts/stim_paradigm_predictive.md,2026-05-03T07:16:01.396442+00:00,2026-05-03T07:16:12.559810+00:00,11.162894,1029,531,1560,,,,,True,11,11,1.0,stop,,/home/ricardo/Documents/Purdue/phd-notes/Spring_2026/STAT-51400/project/outputs/prompts/run_0358.md,/home/ricardo/Documents/Purdue/phd-notes/Spring_2026/STAT-51400/project/outputs/responses/run_0358.json
365,3,385,success,together,Qwen/Qwen3.5-9B,stim_summary,prompts/stim_paradigm_anova.md,,stim_summary,qwen3_5_9b,prompts/stim_paradigm_anova.md,0.0,stim_summary,1800,False,0.0,Qwen/Qwen3.5-9B,prompts/stim_paradigm_anova.md,2026-05-03T07:16:12.560346+00:00,2026-05-03T07:16:40.308887+00:00,27.748014,1453,1366,2819,,,,,True,9,9,1.0,stop,,/home/ricardo/Documents/Purdue/phd-notes/Spring_2026/STAT-51400/project/outputs/prompts/run_0365.md,/home/ricardo/Documents/Purdue/phd-notes/Spring_2026/STAT-51400/project/outputs/responses/run_0365.json
184,2,386,success,together,deepseek-ai/DeepSeek-V3.1,summary_only,prompts/stim_paradigm_anova.md,,summary_only,deepseek_v3_1,prompts/stim_paradigm_anova.md,0.0,summary_only,1800,False,0.0,deepseek-ai/DeepSeek-V3.1,prompts/stim_paradigm_anova.md,2026-05-03T07:16:40.309407+00:00,2026-05-03T07:16:50.397828+00:00,10.08796,961,510,1471,,,,,True,9,9,1.0,stop,,/home/ricardo/Documents/Purdue/phd-notes/Spring_2026/STAT-51400/project/outputs/prompts/run_0184.md,/home/ricardo/Documents/Purdue/phd-notes/Spring_2026/STAT-51400/project/outputs/responses/run_0184.json
216,2,387,success,together,deepseek-ai/DeepSeek-V3.1,stim_and_mouse_summary,prompts/stim_paradigm_predictive.md,,stim_and_mouse_summary,deepseek_v3_1,prompts/stim_paradigm_predictive.md,0.75,stim_and_mouse_summary,1800,False,0.75,deepseek-ai/DeepSeek-V3.1,prompts/stim_paradigm_predictive.md,2026-05-03T07:16:50.398418+00:00,2026-05-03T07:16:57.512972+00:00,7.114086,4151,464,4615,,,,,True,11,11,1.0,stop,,/home/ricardo/Documents/Purdue/phd-notes/Spring_2026/STAT-51400/project/outputs/prompts/run_0216.md,/home/ricardo/Documents/Purdue/phd-notes/Spring_2026/STAT-51400/project/outputs/responses/run_0216.json
191,2,388,success,together,deepseek-ai/DeepSeek-V3.1,stim_summary,prompts/stim_paradigm_basic.md,,stim_summary,deepseek_v3_1,prompts/stim_paradigm_basic.md,0.25,stim_summary,1800,False,0.25,deepseek-ai/DeepSeek-V3.1,prompts/stim_paradigm_basic.md,2026-05-03T07:16:57.513505+00:00,2026-05-03T07:17:04.682605+00:00,7.168419,1130,648,1778,,,,,True,8,8,1.0,stop,,/home/ricardo/Documents/Purdue/phd-notes/Spring_2026/STAT-51400/project/outputs/prompts/run_0191.md,/home/ricardo/Documents/Purdue/phd-notes/Spring_2026/STAT-51400/project/outputs/responses/run_0191.json
371,3,389,success,together,Qwen/Qwen3.5-9B,stim_summary,prompts/stim_paradigm_basic.md,,stim_summary,qwen3_5_9b,prompts/stim_paradigm_basic.md,0.25,stim_summary,1800,False,0.25,Qwen/Qwen3.5-9B,prompts/stim_paradigm_basic.md,2026-05-03T07:17:04.683213+00:00,2026-05-03T07:17:20.376353+00:00,15.692651,1401,1000,2401,,,,,True,8,8,1.0,stop,,/home/ricardo/Documents/Purdue/phd-notes/Spring_2026/STAT-51400/project/outputs/prompts/run_0371.md,/home/ricardo/Documents/Purdue/phd-notes/Spring_2026/STAT-51400/project/outputs/responses/run_0371.json
164,2,390,success,together,moonshotai/Kimi-K2.5,stim_summary,prompts/stim_paradigm_basic.md,,stim_summary,kimi,prompts/stim_paradigm_basic.md,0.75,stim_summary,1800,False,0.75,moonshotai/Kimi-K2.5,prompts/stim_paradigm_basic.md,2026-05-03T07:17:20.376932+00:00,2026-05-03T07:17:38.063812+00:00,17.686354,1109,1193,2302,,,,,True,8,8,1.0,stop,,/home/ricardo/Documents/Purdue/phd-notes/Spring_2026/STAT-51400/project/outputs/prompts/run_0164.md,/home/ricardo/Documents/Purdue/phd-notes/Spring_2026/STAT-51400/project/outputs/responses/run_0164.json
187,2,391,success,together,deepseek-ai/DeepSeek-V3.1,summary_only,prompts/stim_paradigm_predictive.md,,summary_only,deepseek_v3_1,prompts/stim_paradigm_predictive.md,0.0,summary_only,1800,False,0.0,deepseek-ai/DeepSeek-V3.1,prompts/stim_paradigm_predictive.md,2026-05-03T07:17:38.064349+00:00,2026-05-03T07:17:46.756191+00:00,8.691093,1029,503,1532,,,,,True,11,11,1.0,stop,,/home/ricardo/Documents/Purdue/phd-notes/Spring_2026/STAT-51400/project/outputs/prompts/run_0187.md,/home/ricardo/Documents/Purdue/phd-notes/Spring_2026/STAT-51400/project/outputs/responses/run_0187.json
71,1,392,success,together,deepseek-ai/DeepSeek-V3.1,stim_summary,prompts/stim_paradigm_predictive.md,,stim_summary,deepseek_v3_1,prompts/stim_paradigm_predictive.md,0.5,stim_summary,1800,False,0.5,deepseek-ai/DeepSeek-V3.1,prompts/stim_paradigm_predictive.md,2026-05-03T07:17:46.756848+00:00,2026-05-03T07:17:54.241061+00:00,7.483757,1247,495,1742,,,,,True,11,11,1.0,stop,,/home/ricardo/Documents/Purdue/phd-notes/Spring_2026/STAT-51400/project/outputs/prompts/run_0071.md,/home/ricardo/Documents/Purdue/phd-notes/Spring_2026/STAT-51400/project/outputs/responses/run_0071.json
387,3,393,success,together,Qwen/Qwen3.5-9B,stim_and_mouse_summary,prompts/stim_paradigm_predictive.md,,stim_and_mouse_summary,qwen3_5_9b,prompts/stim_paradigm_predictive.md,0.5,stim_and_mouse_summary,1800,False,0.5,Qwen/Qwen3.5-9B,prompts/stim_paradigm_predictive.md,2026-05-03T07:17:54.241671+00:00,2026-05-03T07:18:13.718440+00:00,19.476222,6275,1707,7982,,,,,True,11,11,1.0,stop,,/home/ricardo/Documents/Purdue/phd-notes/Spring_2026/STAT-51400/project/outputs/prompts/run_0387.md,/home/ricardo/Documents/Purdue/phd-notes/Spring_2026/STAT-51400/project/outputs/responses/run_0387.json
13,1,394,success,together,moonshotai/Kimi-K2.5,summary_only,prompts/stim_paradigm_anova.md,,summary_only,kimi,prompts/stim_paradigm_anova.md,0.25,summary_only,1800,False,0.25,moonshotai/Kimi-K2.5,prompts/stim_paradigm_anova.md,2026-05-03T07:18:13.718978+00:00,2026-05-03T07:18:35.273346+00:00,21.553564,947,1375,2322,,,,,True,9,9,1.0,stop,,/home/ricardo/Documents/Purdue/phd-notes/Spring_2026/STAT-51400/project/outputs/prompts/run_0013.md,/home/ricardo/Documents/Purdue/phd-notes/Spring_2026/STAT-51400/project/outputs/responses/run_0013.json
21,1,395,success,together,moonshotai/Kimi-K2.5,stim_and_mouse_summary,prompts/stim_paradigm_basic.md,,stim_and_mouse_summary,kimi,prompts/stim_paradigm_basic.md,0.5,stim_and_mouse_summary,1800,False,0.5,moonshotai/Kimi-K2.5,prompts/stim_paradigm_basic.md,2026-05-03T07:18:35.274069+00:00,2026-05-03T07:18:57.877439+00:00,22.60293,3973,1340,5313,,,,,True,8,8,1.0,stop,,/home/ricardo/Documents/Purdue/phd-notes/Spring_2026/STAT-51400/project/outputs/prompts/run_0021.md,/home/ricardo/Documents/Purdue/phd-notes/Spring_2026/STAT-51400/project/outputs/responses/run_0021.json
320,3,396,success,together,deepseek-ai/DeepSeek-V3.1,stim_summary,prompts/stim_paradigm_anova.md,,stim_summary,deepseek_v3_1,prompts/stim_paradigm_anova.md,0.0,stim_summary,1800,False,0.0,deepseek-ai/DeepSeek-V3.1,prompts/stim_paradigm_anova.md,2026-05-03T07:18:57.877820+00:00,2026-05-03T07:19:04.486982+00:00,6.608706,1179,530,1709,,,,,True,9,9,1.0,stop,,/home/ricardo/Documents/Purdue/phd-notes/Spring_2026/STAT-51400/project/outputs/prompts/run_0320.md,/home/ricardo/Documents/Purdue/phd-notes/Spring_2026/STAT-51400/project/outputs/responses/run_0320.json
337,3,397,success,together,deepseek-ai/DeepSeek-V3.1,summary_only,prompts/stim_paradigm_anova.md,,summary_only,deepseek_v3_1,prompts/stim_paradigm_anova.md,0.5,summary_only,1800,False,0.5,deepseek-ai/DeepSeek-V3.1,prompts/stim_paradigm_anova.md,2026-05-03T07:19:04.487525+00:00,2026-05-03T07:19:11.860938+00:00,7.372947,961,478,1439,,,,,True,9,9,1.0,stop,,/home/ricardo/Documents/Purdue/phd-notes/Spring_2026/STAT-51400/project/outputs/prompts/run_0337.md,/home/ricardo/Documents/Purdue/phd-notes/Spring_2026/STAT-51400/project/outputs/responses/run_0337.json
110,1,398,success,together,Qwen/Qwen3.5-9B,stim_summary,prompts/stim_paradigm_basic.md,,stim_summary,qwen3_5_9b,prompts/stim_paradigm_basic.md,0.5,stim_summary,1800,False,0.5,Qwen/Qwen3.5-9B,prompts/stim_paradigm_basic.md,2026-05-03T07:19:11.861488+00:00,2026-05-03T07:19:25.786718+00:00,13.924658,1400,1030,2430,,,,,True,8,8,1.0,stop,,/home/ricardo/Documents/Purdue/phd-notes/Spring_2026/STAT-51400/project/outputs/prompts/run_0110.md,/home/ricardo/Documents/Purdue/phd-notes/Spring_2026/STAT-51400/project/outputs/responses/run_0110.json
336,3,399,success,together,deepseek-ai/DeepSeek-V3.1,stim_and_mouse_summary,prompts/stim_paradigm_basic.md,,stim_and_mouse_summary,deepseek_v3_1,prompts/stim_paradigm_basic.md,0.5,stim_and_mouse_summary,1800,False,0.5,deepseek-ai/DeepSeek-V3.1,prompts/stim_paradigm_basic.md,2026-05-03T07:19:25.787311+00:00,2026-05-03T07:19:36.437008+00:00,10.648929,4034,669,4703,,,,,True,8,8,1.0,stop,,/home/ricardo/Documents/Purdue/phd-notes/Spring_2026/STAT-51400/project/outputs/prompts/run_0336.md,/home/ricardo/Documents/Purdue/phd-notes/Spring_2026/STAT-51400/project/outputs/responses/run_0336.json
153,2,400,success,together,moonshotai/Kimi-K2.5,stim_and_mouse_summary,prompts/stim_paradigm_predictive.md,,stim_and_mouse_summary,kimi,prompts/stim_paradigm_predictive.md,0.25,stim_and_mouse_summary,1800,False,0.25,moonshotai/Kimi-K2.5,prompts/stim_paradigm_predictive.md,2026-05-03T07:19:36.437735+00:00,2026-05-03T07:20:03.880058+00:00,27.441414,4081,1414,5495,,,,,True,11,11,1.0,stop,,/home/ricardo/Documents/Purdue/phd-notes/Spring_2026/STAT-51400/project/outputs/prompts/run_0153.md,/home/ricardo/Documents/Purdue/phd-notes/Spring_2026/STAT-51400/project/outputs/responses/run_0153.json
220,2,401,success,together,deepseek-ai/DeepSeek-V3.1,summary_only,prompts/stim_paradigm_anova.md,,summary_only,deepseek_v3_1,prompts/stim_paradigm_anova.md,1.0,summary_only,1800,False,1.0,deepseek-ai/DeepSeek-V3.1,prompts/stim_paradigm_anova.md,2026-05-03T07:20:03.880846+00:00,2026-05-03T07:20:12.276126+00:00,8.394826,961,554,1515,,,,,True,9,9,1.0,stop,,/home/ricardo/Documents/Purdue/phd-notes/Spring_2026/STAT-51400/project/outputs/prompts/run_0220.md,/home/ricardo/Documents/Purdue/phd-notes/Spring_2026/STAT-51400/project/outputs/responses/run_0220.json
309,3,402,success,together,moonshotai/Kimi-K2.5,stim_and_mouse_summary,prompts/stim_paradigm_basic.md,,stim_and_mouse_summary,kimi,prompts/stim_paradigm_basic.md,1.0,stim_and_mouse_summary,1800,False,1.0,moonshotai/Kimi-K2.5,prompts/stim_paradigm_basic.md,2026-05-03T07:20:12.276701+00:00,2026-05-03T07:20:29.276243+00:00,16.998978,3973,1165,5138,,,,,True,8,8,1.0,stop,,/home/ricardo/Documents/Purdue/phd-notes/Spring_2026/STAT-51400/project/outputs/prompts/run_0309.md,/home/ricardo/Documents/Purdue/phd-notes/Spring_2026/STAT-51400/project/outputs/responses/run_0309.json
229,2,403,success,together,Qwen/Qwen3.5-9B,summary_only,prompts/stim_paradigm_anova.md,,summary_only,qwen3_5_9b,prompts/stim_paradigm_anova.md,0.0,summary_only,1800,False,0.0,Qwen/Qwen3.5-9B,prompts/stim_paradigm_anova.md,2026-05-03T07:20:29.276770+00:00,2026-05-03T07:20:46.274124+00:00,16.9969,1126,1042,2168,,,,,True,9,9,1.0,stop,,/home/ricardo/Documents/Purdue/phd-notes/Spring_2026/STAT-51400/project/outputs/prompts/run_0229.md,/home/ricardo/Documents/Purdue/phd-notes/Spring_2026/STAT-51400/project/outputs/responses/run_0229.json
123,1,404,success,together,Qwen/Qwen3.5-9B,stim_and_mouse_summary,prompts/stim_paradigm_anova.md,,stim_and_mouse_summary,qwen3_5_9b,prompts/stim_paradigm_anova.md,0.75,stim_and_mouse_summary,1800,False,0.75,Qwen/Qwen3.5-9B,prompts/stim_paradigm_anova.md,2026-05-03T07:20:46.274709+00:00,2026-05-03T07:21:11.054170+00:00,24.778929,6217,1269,7486,,,,,True,9,9,1.0,stop,,/home/ricardo/Documents/Purdue/phd-notes/Spring_2026/STAT-51400/project/outputs/prompts/run_0123.md,/home/ricardo/Documents/Purdue/phd-notes/Spring_2026/STAT-51400/project/outputs/responses/run_0123.json
177,2,405,success,together,moonshotai/Kimi-K2.5,stim_and_mouse_summary,prompts/stim_paradigm_anova.md,,stim_and_mouse_summary,kimi,prompts/stim_paradigm_anova.md,1.0,stim_and_mouse_summary,1800,False,1.0,moonshotai/Kimi-K2.5,prompts/stim_paradigm_anova.md,2026-05-03T07:21:11.054763+00:00,2026-05-03T07:21:40.137227+00:00,29.081394,4025,1586,5611,,,,,True,9,9,1.0,stop,,/home/ricardo/Documents/Purdue/phd-notes/Spring_2026/STAT-51400/project/outputs/prompts/run_0177.md,/home/ricardo/Documents/Purdue/phd-notes/Spring_2026/STAT-51400/project/outputs/responses/run_0177.json
180,2,37,success,together,moonshotai/Kimi-K2.5,stim_and_mouse_summary,prompts/stim_paradigm_predictive.md,,stim_and_mouse_summary,kimi,prompts/stim_paradigm_predictive.md,1.0,stim_and_mouse_summary,1800,False,1.0,moonshotai/Kimi-K2.5,prompts/stim_paradigm_predictive.md,2026-05-04T03:42:28.952385+00:00,2026-05-04T03:42:58.330745+00:00,29.377357,4081,1800,5881,,,,,False,11,,,length,,/home/ricardo/Documents/Purdue/phd-notes/Spring_2026/STAT-51400/project/outputs/prompts/run_0180.md,/home/ricardo/Documents/Purdue/phd-notes/Spring_2026/STAT-51400/project/outputs/responses/run_0180.json
150,2,42,success,together,moonshotai/Kimi-K2.5,stim_and_mouse_summary,prompts/stim_paradigm_anova.md,,stim_and_mouse_summary,kimi,prompts/stim_paradigm_anova.md,0.25,stim_and_mouse_summary,1800,False,0.25,moonshotai/Kimi-K2.5,prompts/stim_paradigm_anova.md,2026-05-04T03:42:58.331624+00:00,2026-05-04T03:44:54.642373+00:00,116.310275,4025,1800,5825,,,,,False,9,,,length,,/home/ricardo/Documents/Purdue/phd-notes/Spring_2026/STAT-51400/project/outputs/prompts/run_0150.md,/home/ricardo/Documents/Purdue/phd-notes/Spring_2026/STAT-51400/project/outputs/responses/run_0150.json
43,1,66,success,together,moonshotai/Kimi-K2.5,summary_only,prompts/stim_paradigm_predictive.md,,summary_only,kimi,prompts/stim_paradigm_predictive.md,1.0,summary_only,1800,False,1.0,moonshotai/Kimi-K2.5,prompts/stim_paradigm_predictive.md,2026-05-04T03:44:54.642768+00:00,2026-05-04T03:47:25.383996+00:00,150.740512,1003,1766,2769,,,,,True,11,11,1.0,stop,,/home/ricardo/Documents/Purdue/phd-notes/Spring_2026/STAT-51400/project/outputs/prompts/run_0043.md,/home/ricardo/Documents/Purdue/phd-notes/Spring_2026/STAT-51400/project/outputs/responses/run_0043.json
105,1,128,success,together,Qwen/Qwen3.5-9B,stim_and_mouse_summary,prompts/stim_paradigm_anova.md,,stim_and_mouse_summary,qwen3_5_9b,prompts/stim_paradigm_anova.md,0.25,stim_and_mouse_summary,1800,False,0.25,Qwen/Qwen3.5-9B,prompts/stim_paradigm_anova.md,2026-05-04T03:47:25.384475+00:00,2026-05-04T03:47:50.178075+00:00,24.792396,6217,1100,7317,,,,,True,9,9,1.0,stop,,/home/ricardo/Documents/Purdue/phd-notes/Spring_2026/STAT-51400/project/outputs/prompts/run_0105.md,/home/ricardo/Documents/Purdue/phd-notes/Spring_2026/STAT-51400/project/outputs/responses/run_0105.json
287,3,232,success,together,moonshotai/Kimi-K2.5,stim_summary,prompts/stim_paradigm_predictive.md,,stim_summary,kimi,prompts/stim_paradigm_predictive.md,0.25,stim_summary,1800,False,0.25,moonshotai/Kimi-K2.5,prompts/stim_paradigm_predictive.md,2026-05-04T03:47:50.179046+00:00,2026-05-04T03:50:43.293103+00:00,173.113386,1217,1372,2589,,,,,True,11,11,1.0,stop,,/home/ricardo/Documents/Purdue/phd-notes/Spring_2026/STAT-51400/project/outputs/prompts/run_0287.md,/home/ricardo/Documents/Purdue/phd-notes/Spring_2026/STAT-51400/project/outputs/responses/run_0287.json
314,3,256,success,together,moonshotai/Kimi-K2.5,stim_summary,prompts/stim_paradigm_predictive.md,,stim_summary,kimi,prompts/stim_paradigm_predictive.md,1.0,stim_summary,1800,False,1.0,moonshotai/Kimi-K2.5,prompts/stim_paradigm_predictive.md,2026-05-04T03:50:43.293848+00:00,2026-05-04T03:53:20.093511+00:00,156.798849,1217,1393,2610,,,,,True,11,11,1.0,stop,,/home/ricardo/Documents/Purdue/phd-notes/Spring_2026/STAT-51400/project/outputs/prompts/run_0314.md,/home/ricardo/Documents/Purdue/phd-notes/Spring_2026/STAT-51400/project/outputs/responses/run_0314.json
4,1,350,success,together,moonshotai/Kimi-K2.5,summary_only,prompts/stim_paradigm_anova.md,,summary_only,kimi,prompts/stim_paradigm_anova.md,0.0,summary_only,1800,False,0.0,moonshotai/Kimi-K2.5,prompts/stim_paradigm_anova.md,2026-05-04T03:53:20.094253+00:00,2026-05-04T03:54:07.198307+00:00,47.103537,947,1341,2288,,,,,True,9,9,1.0,stop,,/home/ricardo/Documents/Purdue/phd-notes/Spring_2026/STAT-51400/project/outputs/prompts/run_0004.md,/home/ricardo/Documents/Purdue/phd-notes/Spring_2026/STAT-51400/project/outputs/responses/run_0004.json
