run_id,replication,randomized_position,factor_data_view,factor_model,factor_prompt_template,factor_temperature,data_view,inference_options.max_tokens,inference_options.reasoning.enabled,inference_options.temperature,model,prompt_template,settings_json
356,3,1,stim_summary,deepseek_v3_1,prompts/stim_paradigm_anova.md,1.0,stim_summary,1800,False,1.0,deepseek-ai/DeepSeek-V3.1,prompts/stim_paradigm_anova.md,"{""data_view"": ""stim_summary"", ""inference_options"": {""max_tokens"": 1800, ""reasoning"": {""enabled"": false}, ""temperature"": 1.0}, ""model"": ""deepseek-ai/DeepSeek-V3.1"", ""prompt_template"": ""prompts/stim_paradigm_anova.md""}"
234,2,2,stim_and_mouse_summary,qwen3_5_9b,prompts/stim_paradigm_predictive.md,0.0,stim_and_mouse_summary,1800,False,0.0,Qwen/Qwen3.5-9B,prompts/stim_paradigm_predictive.md,"{""data_view"": ""stim_and_mouse_summary"", ""inference_options"": {""max_tokens"": 1800, ""reasoning"": {""enabled"": false}, ""temperature"": 0.0}, ""model"": ""Qwen/Qwen3.5-9B"", ""prompt_template"": ""prompts/stim_paradigm_predictive.md""}"
355,3,3,summary_only,deepseek_v3_1,prompts/stim_paradigm_anova.md,1.0,summary_only,1800,False,1.0,deepseek-ai/DeepSeek-V3.1,prompts/stim_paradigm_anova.md,"{""data_view"": ""summary_only"", ""inference_options"": {""max_tokens"": 1800, ""reasoning"": {""enabled"": false}, ""temperature"": 1.0}, ""model"": ""deepseek-ai/DeepSeek-V3.1"", ""prompt_template"": ""prompts/stim_paradigm_anova.md""}"
80,1,4,stim_summary,deepseek_v3_1,prompts/stim_paradigm_predictive.md,0.75,stim_summary,1800,False,0.75,deepseek-ai/DeepSeek-V3.1,prompts/stim_paradigm_predictive.md,"{""data_view"": ""stim_summary"", ""inference_options"": {""max_tokens"": 1800, ""reasoning"": {""enabled"": false}, ""temperature"": 0.75}, ""model"": ""deepseek-ai/DeepSeek-V3.1"", ""prompt_template"": ""prompts/stim_paradigm_predictive.md""}"
393,3,5,stim_and_mouse_summary,qwen3_5_9b,prompts/stim_paradigm_anova.md,0.75,stim_and_mouse_summary,1800,False,0.75,Qwen/Qwen3.5-9B,prompts/stim_paradigm_anova.md,"{""data_view"": ""stim_and_mouse_summary"", ""inference_options"": {""max_tokens"": 1800, ""reasoning"": {""enabled"": false}, ""temperature"": 0.75}, ""model"": ""Qwen/Qwen3.5-9B"", ""prompt_template"": ""prompts/stim_paradigm_anova.md""}"
402,3,6,stim_and_mouse_summary,qwen3_5_9b,prompts/stim_paradigm_anova.md,1.0,stim_and_mouse_summary,1800,False,1.0,Qwen/Qwen3.5-9B,prompts/stim_paradigm_anova.md,"{""data_view"": ""stim_and_mouse_summary"", ""inference_options"": {""max_tokens"": 1800, ""reasoning"": {""enabled"": false}, ""temperature"": 1.0}, ""model"": ""Qwen/Qwen3.5-9B"", ""prompt_template"": ""prompts/stim_paradigm_anova.md""}"
262,2,7,summary_only,qwen3_5_9b,prompts/stim_paradigm_basic.md,1.0,summary_only,1800,False,1.0,Qwen/Qwen3.5-9B,prompts/stim_paradigm_basic.md,"{""data_view"": ""summary_only"", ""inference_options"": {""max_tokens"": 1800, ""reasoning"": {""enabled"": false}, ""temperature"": 1.0}, ""model"": ""Qwen/Qwen3.5-9B"", ""prompt_template"": ""prompts/stim_paradigm_basic.md""}"
321,3,8,stim_and_mouse_summary,deepseek_v3_1,prompts/stim_paradigm_anova.md,0.0,stim_and_mouse_summary,1800,False,0.0,deepseek-ai/DeepSeek-V3.1,prompts/stim_paradigm_anova.md,"{""data_view"": ""stim_and_mouse_summary"", ""inference_options"": {""max_tokens"": 1800, ""reasoning"": {""enabled"": false}, ""temperature"": 0.0}, ""model"": ""deepseek-ai/DeepSeek-V3.1"", ""prompt_template"": ""prompts/stim_paradigm_anova.md""}"
292,3,9,summary_only,kimi,prompts/stim_paradigm_anova.md,0.5,summary_only,1800,False,0.5,moonshotai/Kimi-K2.5,prompts/stim_paradigm_anova.md,"{""data_view"": ""summary_only"", ""inference_options"": {""max_tokens"": 1800, ""reasoning"": {""enabled"": false}, ""temperature"": 0.5}, ""model"": ""moonshotai/Kimi-K2.5"", ""prompt_template"": ""prompts/stim_paradigm_anova.md""}"
345,3,10,stim_and_mouse_summary,deepseek_v3_1,prompts/stim_paradigm_basic.md,0.75,stim_and_mouse_summary,1800,False,0.75,deepseek-ai/DeepSeek-V3.1,prompts/stim_paradigm_basic.md,"{""data_view"": ""stim_and_mouse_summary"", ""inference_options"": {""max_tokens"": 1800, ""reasoning"": {""enabled"": false}, ""temperature"": 0.75}, ""model"": ""deepseek-ai/DeepSeek-V3.1"", ""prompt_template"": ""prompts/stim_paradigm_basic.md""}"
252,2,11,stim_and_mouse_summary,qwen3_5_9b,prompts/stim_paradigm_predictive.md,0.5,stim_and_mouse_summary,1800,False,0.5,Qwen/Qwen3.5-9B,prompts/stim_paradigm_predictive.md,"{""data_view"": ""stim_and_mouse_summary"", ""inference_options"": {""max_tokens"": 1800, ""reasoning"": {""enabled"": false}, ""temperature"": 0.5}, ""model"": ""Qwen/Qwen3.5-9B"", ""prompt_template"": ""prompts/stim_paradigm_predictive.md""}"
291,3,12,stim_and_mouse_summary,kimi,prompts/stim_paradigm_basic.md,0.5,stim_and_mouse_summary,1800,False,0.5,moonshotai/Kimi-K2.5,prompts/stim_paradigm_basic.md,"{""data_view"": ""stim_and_mouse_summary"", ""inference_options"": {""max_tokens"": 1800, ""reasoning"": {""enabled"": false}, ""temperature"": 0.5}, ""model"": ""moonshotai/Kimi-K2.5"", ""prompt_template"": ""prompts/stim_paradigm_basic.md""}"
178,2,13,summary_only,kimi,prompts/stim_paradigm_predictive.md,1.0,summary_only,1800,False,1.0,moonshotai/Kimi-K2.5,prompts/stim_paradigm_predictive.md,"{""data_view"": ""summary_only"", ""inference_options"": {""max_tokens"": 1800, ""reasoning"": {""enabled"": false}, ""temperature"": 1.0}, ""model"": ""moonshotai/Kimi-K2.5"", ""prompt_template"": ""prompts/stim_paradigm_predictive.md""}"
146,2,14,stim_summary,kimi,prompts/stim_paradigm_basic.md,0.25,stim_summary,1800,False,0.25,moonshotai/Kimi-K2.5,prompts/stim_paradigm_basic.md,"{""data_view"": ""stim_summary"", ""inference_options"": {""max_tokens"": 1800, ""reasoning"": {""enabled"": false}, ""temperature"": 0.25}, ""model"": ""moonshotai/Kimi-K2.5"", ""prompt_template"": ""prompts/stim_paradigm_basic.md""}"
266,2,15,stim_summary,qwen3_5_9b,prompts/stim_paradigm_anova.md,1.0,stim_summary,1800,False,1.0,Qwen/Qwen3.5-9B,prompts/stim_paradigm_anova.md,"{""data_view"": ""stim_summary"", ""inference_options"": {""max_tokens"": 1800, ""reasoning"": {""enabled"": false}, ""temperature"": 1.0}, ""model"": ""Qwen/Qwen3.5-9B"", ""prompt_template"": ""prompts/stim_paradigm_anova.md""}"
19,1,16,summary_only,kimi,prompts/stim_paradigm_basic.md,0.5,summary_only,1800,False,0.5,moonshotai/Kimi-K2.5,prompts/stim_paradigm_basic.md,"{""data_view"": ""summary_only"", ""inference_options"": {""max_tokens"": 1800, ""reasoning"": {""enabled"": false}, ""temperature"": 0.5}, ""model"": ""moonshotai/Kimi-K2.5"", ""prompt_template"": ""prompts/stim_paradigm_basic.md""}"
139,2,17,summary_only,kimi,prompts/stim_paradigm_anova.md,0.0,summary_only,1800,False,0.0,moonshotai/Kimi-K2.5,prompts/stim_paradigm_anova.md,"{""data_view"": ""summary_only"", ""inference_options"": {""max_tokens"": 1800, ""reasoning"": {""enabled"": false}, ""temperature"": 0.0}, ""model"": ""moonshotai/Kimi-K2.5"", ""prompt_template"": ""prompts/stim_paradigm_anova.md""}"
360,3,18,stim_and_mouse_summary,deepseek_v3_1,prompts/stim_paradigm_predictive.md,1.0,stim_and_mouse_summary,1800,False,1.0,deepseek-ai/DeepSeek-V3.1,prompts/stim_paradigm_predictive.md,"{""data_view"": ""stim_and_mouse_summary"", ""inference_options"": {""max_tokens"": 1800, ""reasoning"": {""enabled"": false}, ""temperature"": 1.0}, ""model"": ""deepseek-ai/DeepSeek-V3.1"", ""prompt_template"": ""prompts/stim_paradigm_predictive.md""}"
149,2,19,stim_summary,kimi,prompts/stim_paradigm_anova.md,0.25,stim_summary,1800,False,0.25,moonshotai/Kimi-K2.5,prompts/stim_paradigm_anova.md,"{""data_view"": ""stim_summary"", ""inference_options"": {""max_tokens"": 1800, ""reasoning"": {""enabled"": false}, ""temperature"": 0.25}, ""model"": ""moonshotai/Kimi-K2.5"", ""prompt_template"": ""prompts/stim_paradigm_anova.md""}"
245,2,20,stim_summary,qwen3_5_9b,prompts/stim_paradigm_basic.md,0.5,stim_summary,1800,False,0.5,Qwen/Qwen3.5-9B,prompts/stim_paradigm_basic.md,"{""data_view"": ""stim_summary"", ""inference_options"": {""max_tokens"": 1800, ""reasoning"": {""enabled"": false}, ""temperature"": 0.5}, ""model"": ""Qwen/Qwen3.5-9B"", ""prompt_template"": ""prompts/stim_paradigm_basic.md""}"
42,1,21,stim_and_mouse_summary,kimi,prompts/stim_paradigm_anova.md,1.0,stim_and_mouse_summary,1800,False,1.0,moonshotai/Kimi-K2.5,prompts/stim_paradigm_anova.md,"{""data_view"": ""stim_and_mouse_summary"", ""inference_options"": {""max_tokens"": 1800, ""reasoning"": {""enabled"": false}, ""temperature"": 1.0}, ""model"": ""moonshotai/Kimi-K2.5"", ""prompt_template"": ""prompts/stim_paradigm_anova.md""}"
368,3,22,stim_summary,qwen3_5_9b,prompts/stim_paradigm_predictive.md,0.0,stim_summary,1800,False,0.0,Qwen/Qwen3.5-9B,prompts/stim_paradigm_predictive.md,"{""data_view"": ""stim_summary"", ""inference_options"": {""max_tokens"": 1800, ""reasoning"": {""enabled"": false}, ""temperature"": 0.0}, ""model"": ""Qwen/Qwen3.5-9B"", ""prompt_template"": ""prompts/stim_paradigm_predictive.md""}"
388,3,23,summary_only,qwen3_5_9b,prompts/stim_paradigm_basic.md,0.75,summary_only,1800,False,0.75,Qwen/Qwen3.5-9B,prompts/stim_paradigm_basic.md,"{""data_view"": ""summary_only"", ""inference_options"": {""max_tokens"": 1800, ""reasoning"": {""enabled"": false}, ""temperature"": 0.75}, ""model"": ""Qwen/Qwen3.5-9B"", ""prompt_template"": ""prompts/stim_paradigm_basic.md""}"
214,2,24,summary_only,deepseek_v3_1,prompts/stim_paradigm_predictive.md,0.75,summary_only,1800,False,0.75,deepseek-ai/DeepSeek-V3.1,prompts/stim_paradigm_predictive.md,"{""data_view"": ""summary_only"", ""inference_options"": {""max_tokens"": 1800, ""reasoning"": {""enabled"": false}, ""temperature"": 0.75}, ""model"": ""deepseek-ai/DeepSeek-V3.1"", ""prompt_template"": ""prompts/stim_paradigm_predictive.md""}"
222,2,25,stim_and_mouse_summary,deepseek_v3_1,prompts/stim_paradigm_anova.md,1.0,stim_and_mouse_summary,1800,False,1.0,deepseek-ai/DeepSeek-V3.1,prompts/stim_paradigm_anova.md,"{""data_view"": ""stim_and_mouse_summary"", ""inference_options"": {""max_tokens"": 1800, ""reasoning"": {""enabled"": false}, ""temperature"": 1.0}, ""model"": ""deepseek-ai/DeepSeek-V3.1"", ""prompt_template"": ""prompts/stim_paradigm_anova.md""}"
39,1,26,stim_and_mouse_summary,kimi,prompts/stim_paradigm_basic.md,1.0,stim_and_mouse_summary,1800,False,1.0,moonshotai/Kimi-K2.5,prompts/stim_paradigm_basic.md,"{""data_view"": ""stim_and_mouse_summary"", ""inference_options"": {""max_tokens"": 1800, ""reasoning"": {""enabled"": false}, ""temperature"": 1.0}, ""model"": ""moonshotai/Kimi-K2.5"", ""prompt_template"": ""prompts/stim_paradigm_basic.md""}"
276,3,27,stim_and_mouse_summary,kimi,prompts/stim_paradigm_anova.md,0.0,stim_and_mouse_summary,1800,False,0.0,moonshotai/Kimi-K2.5,prompts/stim_paradigm_anova.md,"{""data_view"": ""stim_and_mouse_summary"", ""inference_options"": {""max_tokens"": 1800, ""reasoning"": {""enabled"": false}, ""temperature"": 0.0}, ""model"": ""moonshotai/Kimi-K2.5"", ""prompt_template"": ""prompts/stim_paradigm_anova.md""}"
49,1,28,summary_only,deepseek_v3_1,prompts/stim_paradigm_anova.md,0.0,summary_only,1800,False,0.0,deepseek-ai/DeepSeek-V3.1,prompts/stim_paradigm_anova.md,"{""data_view"": ""summary_only"", ""inference_options"": {""max_tokens"": 1800, ""reasoning"": {""enabled"": false}, ""temperature"": 0.0}, ""model"": ""deepseek-ai/DeepSeek-V3.1"", ""prompt_template"": ""prompts/stim_paradigm_anova.md""}"
280,3,29,summary_only,kimi,prompts/stim_paradigm_basic.md,0.25,summary_only,1800,False,0.25,moonshotai/Kimi-K2.5,prompts/stim_paradigm_basic.md,"{""data_view"": ""summary_only"", ""inference_options"": {""max_tokens"": 1800, ""reasoning"": {""enabled"": false}, ""temperature"": 0.25}, ""model"": ""moonshotai/Kimi-K2.5"", ""prompt_template"": ""prompts/stim_paradigm_basic.md""}"
108,1,30,stim_and_mouse_summary,qwen3_5_9b,prompts/stim_paradigm_predictive.md,0.25,stim_and_mouse_summary,1800,False,0.25,Qwen/Qwen3.5-9B,prompts/stim_paradigm_predictive.md,"{""data_view"": ""stim_and_mouse_summary"", ""inference_options"": {""max_tokens"": 1800, ""reasoning"": {""enabled"": false}, ""temperature"": 0.25}, ""model"": ""Qwen/Qwen3.5-9B"", ""prompt_template"": ""prompts/stim_paradigm_predictive.md""}"
142,2,31,summary_only,kimi,prompts/stim_paradigm_predictive.md,0.0,summary_only,1800,False,0.0,moonshotai/Kimi-K2.5,prompts/stim_paradigm_predictive.md,"{""data_view"": ""summary_only"", ""inference_options"": {""max_tokens"": 1800, ""reasoning"": {""enabled"": false}, ""temperature"": 0.0}, ""model"": ""moonshotai/Kimi-K2.5"", ""prompt_template"": ""prompts/stim_paradigm_predictive.md""}"
174,2,32,stim_and_mouse_summary,kimi,prompts/stim_paradigm_basic.md,1.0,stim_and_mouse_summary,1800,False,1.0,moonshotai/Kimi-K2.5,prompts/stim_paradigm_basic.md,"{""data_view"": ""stim_and_mouse_summary"", ""inference_options"": {""max_tokens"": 1800, ""reasoning"": {""enabled"": false}, ""temperature"": 1.0}, ""model"": ""moonshotai/Kimi-K2.5"", ""prompt_template"": ""prompts/stim_paradigm_basic.md""}"
29,1,33,stim_summary,kimi,prompts/stim_paradigm_basic.md,0.75,stim_summary,1800,False,0.75,moonshotai/Kimi-K2.5,prompts/stim_paradigm_basic.md,"{""data_view"": ""stim_summary"", ""inference_options"": {""max_tokens"": 1800, ""reasoning"": {""enabled"": false}, ""temperature"": 0.75}, ""model"": ""moonshotai/Kimi-K2.5"", ""prompt_template"": ""prompts/stim_paradigm_basic.md""}"
329,3,34,stim_summary,deepseek_v3_1,prompts/stim_paradigm_anova.md,0.25,stim_summary,1800,False,0.25,deepseek-ai/DeepSeek-V3.1,prompts/stim_paradigm_anova.md,"{""data_view"": ""stim_summary"", ""inference_options"": {""max_tokens"": 1800, ""reasoning"": {""enabled"": false}, ""temperature"": 0.25}, ""model"": ""deepseek-ai/DeepSeek-V3.1"", ""prompt_template"": ""prompts/stim_paradigm_anova.md""}"
58,1,35,summary_only,deepseek_v3_1,prompts/stim_paradigm_anova.md,0.25,summary_only,1800,False,0.25,deepseek-ai/DeepSeek-V3.1,prompts/stim_paradigm_anova.md,"{""data_view"": ""summary_only"", ""inference_options"": {""max_tokens"": 1800, ""reasoning"": {""enabled"": false}, ""temperature"": 0.25}, ""model"": ""deepseek-ai/DeepSeek-V3.1"", ""prompt_template"": ""prompts/stim_paradigm_anova.md""}"
226,2,36,summary_only,qwen3_5_9b,prompts/stim_paradigm_basic.md,0.0,summary_only,1800,False,0.0,Qwen/Qwen3.5-9B,prompts/stim_paradigm_basic.md,"{""data_view"": ""summary_only"", ""inference_options"": {""max_tokens"": 1800, ""reasoning"": {""enabled"": false}, ""temperature"": 0.0}, ""model"": ""Qwen/Qwen3.5-9B"", ""prompt_template"": ""prompts/stim_paradigm_basic.md""}"
180,2,37,stim_and_mouse_summary,kimi,prompts/stim_paradigm_predictive.md,1.0,stim_and_mouse_summary,1800,False,1.0,moonshotai/Kimi-K2.5,prompts/stim_paradigm_predictive.md,"{""data_view"": ""stim_and_mouse_summary"", ""inference_options"": {""max_tokens"": 1800, ""reasoning"": {""enabled"": false}, ""temperature"": 1.0}, ""model"": ""moonshotai/Kimi-K2.5"", ""prompt_template"": ""prompts/stim_paradigm_predictive.md""}"
56,1,38,stim_summary,deepseek_v3_1,prompts/stim_paradigm_basic.md,0.25,stim_summary,1800,False,0.25,deepseek-ai/DeepSeek-V3.1,prompts/stim_paradigm_basic.md,"{""data_view"": ""stim_summary"", ""inference_options"": {""max_tokens"": 1800, ""reasoning"": {""enabled"": false}, ""temperature"": 0.25}, ""model"": ""deepseek-ai/DeepSeek-V3.1"", ""prompt_template"": ""prompts/stim_paradigm_basic.md""}"
219,2,39,stim_and_mouse_summary,deepseek_v3_1,prompts/stim_paradigm_basic.md,1.0,stim_and_mouse_summary,1800,False,1.0,deepseek-ai/DeepSeek-V3.1,prompts/stim_paradigm_basic.md,"{""data_view"": ""stim_and_mouse_summary"", ""inference_options"": {""max_tokens"": 1800, ""reasoning"": {""enabled"": false}, ""temperature"": 1.0}, ""model"": ""deepseek-ai/DeepSeek-V3.1"", ""prompt_template"": ""prompts/stim_paradigm_basic.md""}"
61,1,40,summary_only,deepseek_v3_1,prompts/stim_paradigm_predictive.md,0.25,summary_only,1800,False,0.25,deepseek-ai/DeepSeek-V3.1,prompts/stim_paradigm_predictive.md,"{""data_view"": ""summary_only"", ""inference_options"": {""max_tokens"": 1800, ""reasoning"": {""enabled"": false}, ""temperature"": 0.25}, ""model"": ""deepseek-ai/DeepSeek-V3.1"", ""prompt_template"": ""prompts/stim_paradigm_predictive.md""}"
208,2,41,summary_only,deepseek_v3_1,prompts/stim_paradigm_basic.md,0.75,summary_only,1800,False,0.75,deepseek-ai/DeepSeek-V3.1,prompts/stim_paradigm_basic.md,"{""data_view"": ""summary_only"", ""inference_options"": {""max_tokens"": 1800, ""reasoning"": {""enabled"": false}, ""temperature"": 0.75}, ""model"": ""deepseek-ai/DeepSeek-V3.1"", ""prompt_template"": ""prompts/stim_paradigm_basic.md""}"
150,2,42,stim_and_mouse_summary,kimi,prompts/stim_paradigm_anova.md,0.25,stim_and_mouse_summary,1800,False,0.25,moonshotai/Kimi-K2.5,prompts/stim_paradigm_anova.md,"{""data_view"": ""stim_and_mouse_summary"", ""inference_options"": {""max_tokens"": 1800, ""reasoning"": {""enabled"": false}, ""temperature"": 0.25}, ""model"": ""moonshotai/Kimi-K2.5"", ""prompt_template"": ""prompts/stim_paradigm_anova.md""}"
369,3,43,stim_and_mouse_summary,qwen3_5_9b,prompts/stim_paradigm_predictive.md,0.0,stim_and_mouse_summary,1800,False,0.0,Qwen/Qwen3.5-9B,prompts/stim_paradigm_predictive.md,"{""data_view"": ""stim_and_mouse_summary"", ""inference_options"": {""max_tokens"": 1800, ""reasoning"": {""enabled"": false}, ""temperature"": 0.0}, ""model"": ""Qwen/Qwen3.5-9B"", ""prompt_template"": ""prompts/stim_paradigm_predictive.md""}"
316,3,44,summary_only,deepseek_v3_1,prompts/stim_paradigm_basic.md,0.0,summary_only,1800,False,0.0,deepseek-ai/DeepSeek-V3.1,prompts/stim_paradigm_basic.md,"{""data_view"": ""summary_only"", ""inference_options"": {""max_tokens"": 1800, ""reasoning"": {""enabled"": false}, ""temperature"": 0.0}, ""model"": ""deepseek-ai/DeepSeek-V3.1"", ""prompt_template"": ""prompts/stim_paradigm_basic.md""}"
330,3,45,stim_and_mouse_summary,deepseek_v3_1,prompts/stim_paradigm_anova.md,0.25,stim_and_mouse_summary,1800,False,0.25,deepseek-ai/DeepSeek-V3.1,prompts/stim_paradigm_anova.md,"{""data_view"": ""stim_and_mouse_summary"", ""inference_options"": {""max_tokens"": 1800, ""reasoning"": {""enabled"": false}, ""temperature"": 0.25}, ""model"": ""deepseek-ai/DeepSeek-V3.1"", ""prompt_template"": ""prompts/stim_paradigm_anova.md""}"
65,1,46,stim_summary,deepseek_v3_1,prompts/stim_paradigm_basic.md,0.5,stim_summary,1800,False,0.5,deepseek-ai/DeepSeek-V3.1,prompts/stim_paradigm_basic.md,"{""data_view"": ""stim_summary"", ""inference_options"": {""max_tokens"": 1800, ""reasoning"": {""enabled"": false}, ""temperature"": 0.5}, ""model"": ""deepseek-ai/DeepSeek-V3.1"", ""prompt_template"": ""prompts/stim_paradigm_basic.md""}"
97,1,47,summary_only,qwen3_5_9b,prompts/stim_paradigm_predictive.md,0.0,summary_only,1800,False,0.0,Qwen/Qwen3.5-9B,prompts/stim_paradigm_predictive.md,"{""data_view"": ""summary_only"", ""inference_options"": {""max_tokens"": 1800, ""reasoning"": {""enabled"": false}, ""temperature"": 0.0}, ""model"": ""Qwen/Qwen3.5-9B"", ""prompt_template"": ""prompts/stim_paradigm_predictive.md""}"
116,1,48,stim_summary,qwen3_5_9b,prompts/stim_paradigm_predictive.md,0.5,stim_summary,1800,False,0.5,Qwen/Qwen3.5-9B,prompts/stim_paradigm_predictive.md,"{""data_view"": ""stim_summary"", ""inference_options"": {""max_tokens"": 1800, ""reasoning"": {""enabled"": false}, ""temperature"": 0.5}, ""model"": ""Qwen/Qwen3.5-9B"", ""prompt_template"": ""prompts/stim_paradigm_predictive.md""}"
311,3,49,stim_summary,kimi,prompts/stim_paradigm_anova.md,1.0,stim_summary,1800,False,1.0,moonshotai/Kimi-K2.5,prompts/stim_paradigm_anova.md,"{""data_view"": ""stim_summary"", ""inference_options"": {""max_tokens"": 1800, ""reasoning"": {""enabled"": false}, ""temperature"": 1.0}, ""model"": ""moonshotai/Kimi-K2.5"", ""prompt_template"": ""prompts/stim_paradigm_anova.md""}"
324,3,50,stim_and_mouse_summary,deepseek_v3_1,prompts/stim_paradigm_predictive.md,0.0,stim_and_mouse_summary,1800,False,0.0,deepseek-ai/DeepSeek-V3.1,prompts/stim_paradigm_predictive.md,"{""data_view"": ""stim_and_mouse_summary"", ""inference_options"": {""max_tokens"": 1800, ""reasoning"": {""enabled"": false}, ""temperature"": 0.0}, ""model"": ""deepseek-ai/DeepSeek-V3.1"", ""prompt_template"": ""prompts/stim_paradigm_predictive.md""}"
5,1,51,stim_summary,kimi,prompts/stim_paradigm_anova.md,0.0,stim_summary,1800,False,0.0,moonshotai/Kimi-K2.5,prompts/stim_paradigm_anova.md,"{""data_view"": ""stim_summary"", ""inference_options"": {""max_tokens"": 1800, ""reasoning"": {""enabled"": false}, ""temperature"": 0.0}, ""model"": ""moonshotai/Kimi-K2.5"", ""prompt_template"": ""prompts/stim_paradigm_anova.md""}"
396,3,52,stim_and_mouse_summary,qwen3_5_9b,prompts/stim_paradigm_predictive.md,0.75,stim_and_mouse_summary,1800,False,0.75,Qwen/Qwen3.5-9B,prompts/stim_paradigm_predictive.md,"{""data_view"": ""stim_and_mouse_summary"", ""inference_options"": {""max_tokens"": 1800, ""reasoning"": {""enabled"": false}, ""temperature"": 0.75}, ""model"": ""Qwen/Qwen3.5-9B"", ""prompt_template"": ""prompts/stim_paradigm_predictive.md""}"
317,3,53,stim_summary,deepseek_v3_1,prompts/stim_paradigm_basic.md,0.0,stim_summary,1800,False,0.0,deepseek-ai/DeepSeek-V3.1,prompts/stim_paradigm_basic.md,"{""data_view"": ""stim_summary"", ""inference_options"": {""max_tokens"": 1800, ""reasoning"": {""enabled"": false}, ""temperature"": 0.0}, ""model"": ""deepseek-ai/DeepSeek-V3.1"", ""prompt_template"": ""prompts/stim_paradigm_basic.md""}"
362,3,54,stim_summary,qwen3_5_9b,prompts/stim_paradigm_basic.md,0.0,stim_summary,1800,False,0.0,Qwen/Qwen3.5-9B,prompts/stim_paradigm_basic.md,"{""data_view"": ""stim_summary"", ""inference_options"": {""max_tokens"": 1800, ""reasoning"": {""enabled"": false}, ""temperature"": 0.0}, ""model"": ""Qwen/Qwen3.5-9B"", ""prompt_template"": ""prompts/stim_paradigm_basic.md""}"
270,2,55,stim_and_mouse_summary,qwen3_5_9b,prompts/stim_paradigm_predictive.md,1.0,stim_and_mouse_summary,1800,False,1.0,Qwen/Qwen3.5-9B,prompts/stim_paradigm_predictive.md,"{""data_view"": ""stim_and_mouse_summary"", ""inference_options"": {""max_tokens"": 1800, ""reasoning"": {""enabled"": false}, ""temperature"": 1.0}, ""model"": ""Qwen/Qwen3.5-9B"", ""prompt_template"": ""prompts/stim_paradigm_predictive.md""}"
323,3,56,stim_summary,deepseek_v3_1,prompts/stim_paradigm_predictive.md,0.0,stim_summary,1800,False,0.0,deepseek-ai/DeepSeek-V3.1,prompts/stim_paradigm_predictive.md,"{""data_view"": ""stim_summary"", ""inference_options"": {""max_tokens"": 1800, ""reasoning"": {""enabled"": false}, ""temperature"": 0.0}, ""model"": ""deepseek-ai/DeepSeek-V3.1"", ""prompt_template"": ""prompts/stim_paradigm_predictive.md""}"
16,1,57,summary_only,kimi,prompts/stim_paradigm_predictive.md,0.25,summary_only,1800,False,0.25,moonshotai/Kimi-K2.5,prompts/stim_paradigm_predictive.md,"{""data_view"": ""summary_only"", ""inference_options"": {""max_tokens"": 1800, ""reasoning"": {""enabled"": false}, ""temperature"": 0.25}, ""model"": ""moonshotai/Kimi-K2.5"", ""prompt_template"": ""prompts/stim_paradigm_predictive.md""}"
74,1,58,stim_summary,deepseek_v3_1,prompts/stim_paradigm_basic.md,0.75,stim_summary,1800,False,0.75,deepseek-ai/DeepSeek-V3.1,prompts/stim_paradigm_basic.md,"{""data_view"": ""stim_summary"", ""inference_options"": {""max_tokens"": 1800, ""reasoning"": {""enabled"": false}, ""temperature"": 0.75}, ""model"": ""deepseek-ai/DeepSeek-V3.1"", ""prompt_template"": ""prompts/stim_paradigm_basic.md""}"
289,3,59,summary_only,kimi,prompts/stim_paradigm_basic.md,0.5,summary_only,1800,False,0.5,moonshotai/Kimi-K2.5,prompts/stim_paradigm_basic.md,"{""data_view"": ""summary_only"", ""inference_options"": {""max_tokens"": 1800, ""reasoning"": {""enabled"": false}, ""temperature"": 0.5}, ""model"": ""moonshotai/Kimi-K2.5"", ""prompt_template"": ""prompts/stim_paradigm_basic.md""}"
357,3,60,stim_and_mouse_summary,deepseek_v3_1,prompts/stim_paradigm_anova.md,1.0,stim_and_mouse_summary,1800,False,1.0,deepseek-ai/DeepSeek-V3.1,prompts/stim_paradigm_anova.md,"{""data_view"": ""stim_and_mouse_summary"", ""inference_options"": {""max_tokens"": 1800, ""reasoning"": {""enabled"": false}, ""temperature"": 1.0}, ""model"": ""deepseek-ai/DeepSeek-V3.1"", ""prompt_template"": ""prompts/stim_paradigm_anova.md""}"
63,1,61,stim_and_mouse_summary,deepseek_v3_1,prompts/stim_paradigm_predictive.md,0.25,stim_and_mouse_summary,1800,False,0.25,deepseek-ai/DeepSeek-V3.1,prompts/stim_paradigm_predictive.md,"{""data_view"": ""stim_and_mouse_summary"", ""inference_options"": {""max_tokens"": 1800, ""reasoning"": {""enabled"": false}, ""temperature"": 0.25}, ""model"": ""deepseek-ai/DeepSeek-V3.1"", ""prompt_template"": ""prompts/stim_paradigm_predictive.md""}"
100,1,62,summary_only,qwen3_5_9b,prompts/stim_paradigm_basic.md,0.25,summary_only,1800,False,0.25,Qwen/Qwen3.5-9B,prompts/stim_paradigm_basic.md,"{""data_view"": ""summary_only"", ""inference_options"": {""max_tokens"": 1800, ""reasoning"": {""enabled"": false}, ""temperature"": 0.25}, ""model"": ""Qwen/Qwen3.5-9B"", ""prompt_template"": ""prompts/stim_paradigm_basic.md""}"
121,1,63,summary_only,qwen3_5_9b,prompts/stim_paradigm_anova.md,0.75,summary_only,1800,False,0.75,Qwen/Qwen3.5-9B,prompts/stim_paradigm_anova.md,"{""data_view"": ""summary_only"", ""inference_options"": {""max_tokens"": 1800, ""reasoning"": {""enabled"": false}, ""temperature"": 0.75}, ""model"": ""Qwen/Qwen3.5-9B"", ""prompt_template"": ""prompts/stim_paradigm_anova.md""}"
353,3,64,stim_summary,deepseek_v3_1,prompts/stim_paradigm_basic.md,1.0,stim_summary,1800,False,1.0,deepseek-ai/DeepSeek-V3.1,prompts/stim_paradigm_basic.md,"{""data_view"": ""stim_summary"", ""inference_options"": {""max_tokens"": 1800, ""reasoning"": {""enabled"": false}, ""temperature"": 1.0}, ""model"": ""deepseek-ai/DeepSeek-V3.1"", ""prompt_template"": ""prompts/stim_paradigm_basic.md""}"
134,1,65,stim_summary,qwen3_5_9b,prompts/stim_paradigm_predictive.md,1.0,stim_summary,1800,False,1.0,Qwen/Qwen3.5-9B,prompts/stim_paradigm_predictive.md,"{""data_view"": ""stim_summary"", ""inference_options"": {""max_tokens"": 1800, ""reasoning"": {""enabled"": false}, ""temperature"": 1.0}, ""model"": ""Qwen/Qwen3.5-9B"", ""prompt_template"": ""prompts/stim_paradigm_predictive.md""}"
43,1,66,summary_only,kimi,prompts/stim_paradigm_predictive.md,1.0,summary_only,1800,False,1.0,moonshotai/Kimi-K2.5,prompts/stim_paradigm_predictive.md,"{""data_view"": ""summary_only"", ""inference_options"": {""max_tokens"": 1800, ""reasoning"": {""enabled"": false}, ""temperature"": 1.0}, ""model"": ""moonshotai/Kimi-K2.5"", ""prompt_template"": ""prompts/stim_paradigm_predictive.md""}"
50,1,67,stim_summary,deepseek_v3_1,prompts/stim_paradigm_anova.md,0.0,stim_summary,1800,False,0.0,deepseek-ai/DeepSeek-V3.1,prompts/stim_paradigm_anova.md,"{""data_view"": ""stim_summary"", ""inference_options"": {""max_tokens"": 1800, ""reasoning"": {""enabled"": false}, ""temperature"": 0.0}, ""model"": ""deepseek-ai/DeepSeek-V3.1"", ""prompt_template"": ""prompts/stim_paradigm_anova.md""}"
376,3,68,summary_only,qwen3_5_9b,prompts/stim_paradigm_predictive.md,0.25,summary_only,1800,False,0.25,Qwen/Qwen3.5-9B,prompts/stim_paradigm_predictive.md,"{""data_view"": ""summary_only"", ""inference_options"": {""max_tokens"": 1800, ""reasoning"": {""enabled"": false}, ""temperature"": 0.25}, ""model"": ""Qwen/Qwen3.5-9B"", ""prompt_template"": ""prompts/stim_paradigm_predictive.md""}"
196,2,69,summary_only,deepseek_v3_1,prompts/stim_paradigm_predictive.md,0.25,summary_only,1800,False,0.25,deepseek-ai/DeepSeek-V3.1,prompts/stim_paradigm_predictive.md,"{""data_view"": ""summary_only"", ""inference_options"": {""max_tokens"": 1800, ""reasoning"": {""enabled"": false}, ""temperature"": 0.25}, ""model"": ""deepseek-ai/DeepSeek-V3.1"", ""prompt_template"": ""prompts/stim_paradigm_predictive.md""}"
202,2,70,summary_only,deepseek_v3_1,prompts/stim_paradigm_anova.md,0.5,summary_only,1800,False,0.5,deepseek-ai/DeepSeek-V3.1,prompts/stim_paradigm_anova.md,"{""data_view"": ""summary_only"", ""inference_options"": {""max_tokens"": 1800, ""reasoning"": {""enabled"": false}, ""temperature"": 0.5}, ""model"": ""deepseek-ai/DeepSeek-V3.1"", ""prompt_template"": ""prompts/stim_paradigm_anova.md""}"
390,3,71,stim_and_mouse_summary,qwen3_5_9b,prompts/stim_paradigm_basic.md,0.75,stim_and_mouse_summary,1800,False,0.75,Qwen/Qwen3.5-9B,prompts/stim_paradigm_basic.md,"{""data_view"": ""stim_and_mouse_summary"", ""inference_options"": {""max_tokens"": 1800, ""reasoning"": {""enabled"": false}, ""temperature"": 0.75}, ""model"": ""Qwen/Qwen3.5-9B"", ""prompt_template"": ""prompts/stim_paradigm_basic.md""}"
298,3,72,summary_only,kimi,prompts/stim_paradigm_basic.md,0.75,summary_only,1800,False,0.75,moonshotai/Kimi-K2.5,prompts/stim_paradigm_basic.md,"{""data_view"": ""summary_only"", ""inference_options"": {""max_tokens"": 1800, ""reasoning"": {""enabled"": false}, ""temperature"": 0.75}, ""model"": ""moonshotai/Kimi-K2.5"", ""prompt_template"": ""prompts/stim_paradigm_basic.md""}"
385,3,73,summary_only,qwen3_5_9b,prompts/stim_paradigm_predictive.md,0.5,summary_only,1800,False,0.5,Qwen/Qwen3.5-9B,prompts/stim_paradigm_predictive.md,"{""data_view"": ""summary_only"", ""inference_options"": {""max_tokens"": 1800, ""reasoning"": {""enabled"": false}, ""temperature"": 0.5}, ""model"": ""Qwen/Qwen3.5-9B"", ""prompt_template"": ""prompts/stim_paradigm_predictive.md""}"
397,3,74,summary_only,qwen3_5_9b,prompts/stim_paradigm_basic.md,1.0,summary_only,1800,False,1.0,Qwen/Qwen3.5-9B,prompts/stim_paradigm_basic.md,"{""data_view"": ""summary_only"", ""inference_options"": {""max_tokens"": 1800, ""reasoning"": {""enabled"": false}, ""temperature"": 1.0}, ""model"": ""Qwen/Qwen3.5-9B"", ""prompt_template"": ""prompts/stim_paradigm_basic.md""}"
326,3,75,stim_summary,deepseek_v3_1,prompts/stim_paradigm_basic.md,0.25,stim_summary,1800,False,0.25,deepseek-ai/DeepSeek-V3.1,prompts/stim_paradigm_basic.md,"{""data_view"": ""stim_summary"", ""inference_options"": {""max_tokens"": 1800, ""reasoning"": {""enabled"": false}, ""temperature"": 0.25}, ""model"": ""deepseek-ai/DeepSeek-V3.1"", ""prompt_template"": ""prompts/stim_paradigm_basic.md""}"
373,3,76,summary_only,qwen3_5_9b,prompts/stim_paradigm_anova.md,0.25,summary_only,1800,False,0.25,Qwen/Qwen3.5-9B,prompts/stim_paradigm_anova.md,"{""data_view"": ""summary_only"", ""inference_options"": {""max_tokens"": 1800, ""reasoning"": {""enabled"": false}, ""temperature"": 0.25}, ""model"": ""Qwen/Qwen3.5-9B"", ""prompt_template"": ""prompts/stim_paradigm_anova.md""}"
293,3,77,stim_summary,kimi,prompts/stim_paradigm_anova.md,0.5,stim_summary,1800,False,0.5,moonshotai/Kimi-K2.5,prompts/stim_paradigm_anova.md,"{""data_view"": ""stim_summary"", ""inference_options"": {""max_tokens"": 1800, ""reasoning"": {""enabled"": false}, ""temperature"": 0.5}, ""model"": ""moonshotai/Kimi-K2.5"", ""prompt_template"": ""prompts/stim_paradigm_anova.md""}"
273,3,78,stim_and_mouse_summary,kimi,prompts/stim_paradigm_basic.md,0.0,stim_and_mouse_summary,1800,False,0.0,moonshotai/Kimi-K2.5,prompts/stim_paradigm_basic.md,"{""data_view"": ""stim_and_mouse_summary"", ""inference_options"": {""max_tokens"": 1800, ""reasoning"": {""enabled"": false}, ""temperature"": 0.0}, ""model"": ""moonshotai/Kimi-K2.5"", ""prompt_template"": ""prompts/stim_paradigm_basic.md""}"
403,3,79,summary_only,qwen3_5_9b,prompts/stim_paradigm_predictive.md,1.0,summary_only,1800,False,1.0,Qwen/Qwen3.5-9B,prompts/stim_paradigm_predictive.md,"{""data_view"": ""summary_only"", ""inference_options"": {""max_tokens"": 1800, ""reasoning"": {""enabled"": false}, ""temperature"": 1.0}, ""model"": ""Qwen/Qwen3.5-9B"", ""prompt_template"": ""prompts/stim_paradigm_predictive.md""}"
143,2,80,stim_summary,kimi,prompts/stim_paradigm_predictive.md,0.0,stim_summary,1800,False,0.0,moonshotai/Kimi-K2.5,prompts/stim_paradigm_predictive.md,"{""data_view"": ""stim_summary"", ""inference_options"": {""max_tokens"": 1800, ""reasoning"": {""enabled"": false}, ""temperature"": 0.0}, ""model"": ""moonshotai/Kimi-K2.5"", ""prompt_template"": ""prompts/stim_paradigm_predictive.md""}"
221,2,81,stim_summary,deepseek_v3_1,prompts/stim_paradigm_anova.md,1.0,stim_summary,1800,False,1.0,deepseek-ai/DeepSeek-V3.1,prompts/stim_paradigm_anova.md,"{""data_view"": ""stim_summary"", ""inference_options"": {""max_tokens"": 1800, ""reasoning"": {""enabled"": false}, ""temperature"": 1.0}, ""model"": ""deepseek-ai/DeepSeek-V3.1"", ""prompt_template"": ""prompts/stim_paradigm_anova.md""}"
354,3,82,stim_and_mouse_summary,deepseek_v3_1,prompts/stim_paradigm_basic.md,1.0,stim_and_mouse_summary,1800,False,1.0,deepseek-ai/DeepSeek-V3.1,prompts/stim_paradigm_basic.md,"{""data_view"": ""stim_and_mouse_summary"", ""inference_options"": {""max_tokens"": 1800, ""reasoning"": {""enabled"": false}, ""temperature"": 1.0}, ""model"": ""deepseek-ai/DeepSeek-V3.1"", ""prompt_template"": ""prompts/stim_paradigm_basic.md""}"
400,3,83,summary_only,qwen3_5_9b,prompts/stim_paradigm_anova.md,1.0,summary_only,1800,False,1.0,Qwen/Qwen3.5-9B,prompts/stim_paradigm_anova.md,"{""data_view"": ""summary_only"", ""inference_options"": {""max_tokens"": 1800, ""reasoning"": {""enabled"": false}, ""temperature"": 1.0}, ""model"": ""Qwen/Qwen3.5-9B"", ""prompt_template"": ""prompts/stim_paradigm_anova.md""}"
156,2,84,stim_and_mouse_summary,kimi,prompts/stim_paradigm_basic.md,0.5,stim_and_mouse_summary,1800,False,0.5,moonshotai/Kimi-K2.5,prompts/stim_paradigm_basic.md,"{""data_view"": ""stim_and_mouse_summary"", ""inference_options"": {""max_tokens"": 1800, ""reasoning"": {""enabled"": false}, ""temperature"": 0.5}, ""model"": ""moonshotai/Kimi-K2.5"", ""prompt_template"": ""prompts/stim_paradigm_basic.md""}"
148,2,85,summary_only,kimi,prompts/stim_paradigm_anova.md,0.25,summary_only,1800,False,0.25,moonshotai/Kimi-K2.5,prompts/stim_paradigm_anova.md,"{""data_view"": ""summary_only"", ""inference_options"": {""max_tokens"": 1800, ""reasoning"": {""enabled"": false}, ""temperature"": 0.25}, ""model"": ""moonshotai/Kimi-K2.5"", ""prompt_template"": ""prompts/stim_paradigm_anova.md""}"
250,2,86,summary_only,qwen3_5_9b,prompts/stim_paradigm_predictive.md,0.5,summary_only,1800,False,0.5,Qwen/Qwen3.5-9B,prompts/stim_paradigm_predictive.md,"{""data_view"": ""summary_only"", ""inference_options"": {""max_tokens"": 1800, ""reasoning"": {""enabled"": false}, ""temperature"": 0.5}, ""model"": ""Qwen/Qwen3.5-9B"", ""prompt_template"": ""prompts/stim_paradigm_predictive.md""}"
6,1,87,stim_and_mouse_summary,kimi,prompts/stim_paradigm_anova.md,0.0,stim_and_mouse_summary,1800,False,0.0,moonshotai/Kimi-K2.5,prompts/stim_paradigm_anova.md,"{""data_view"": ""stim_and_mouse_summary"", ""inference_options"": {""max_tokens"": 1800, ""reasoning"": {""enabled"": false}, ""temperature"": 0.0}, ""model"": ""moonshotai/Kimi-K2.5"", ""prompt_template"": ""prompts/stim_paradigm_anova.md""}"
137,2,88,stim_summary,kimi,prompts/stim_paradigm_basic.md,0.0,stim_summary,1800,False,0.0,moonshotai/Kimi-K2.5,prompts/stim_paradigm_basic.md,"{""data_view"": ""stim_summary"", ""inference_options"": {""max_tokens"": 1800, ""reasoning"": {""enabled"": false}, ""temperature"": 0.0}, ""model"": ""moonshotai/Kimi-K2.5"", ""prompt_template"": ""prompts/stim_paradigm_basic.md""}"
145,2,89,summary_only,kimi,prompts/stim_paradigm_basic.md,0.25,summary_only,1800,False,0.25,moonshotai/Kimi-K2.5,prompts/stim_paradigm_basic.md,"{""data_view"": ""summary_only"", ""inference_options"": {""max_tokens"": 1800, ""reasoning"": {""enabled"": false}, ""temperature"": 0.25}, ""model"": ""moonshotai/Kimi-K2.5"", ""prompt_template"": ""prompts/stim_paradigm_basic.md""}"
197,2,90,stim_summary,deepseek_v3_1,prompts/stim_paradigm_predictive.md,0.25,stim_summary,1800,False,0.25,deepseek-ai/DeepSeek-V3.1,prompts/stim_paradigm_predictive.md,"{""data_view"": ""stim_summary"", ""inference_options"": {""max_tokens"": 1800, ""reasoning"": {""enabled"": false}, ""temperature"": 0.25}, ""model"": ""deepseek-ai/DeepSeek-V3.1"", ""prompt_template"": ""prompts/stim_paradigm_predictive.md""}"
399,3,91,stim_and_mouse_summary,qwen3_5_9b,prompts/stim_paradigm_basic.md,1.0,stim_and_mouse_summary,1800,False,1.0,Qwen/Qwen3.5-9B,prompts/stim_paradigm_basic.md,"{""data_view"": ""stim_and_mouse_summary"", ""inference_options"": {""max_tokens"": 1800, ""reasoning"": {""enabled"": false}, ""temperature"": 1.0}, ""model"": ""Qwen/Qwen3.5-9B"", ""prompt_template"": ""prompts/stim_paradigm_basic.md""}"
175,2,92,summary_only,kimi,prompts/stim_paradigm_anova.md,1.0,summary_only,1800,False,1.0,moonshotai/Kimi-K2.5,prompts/stim_paradigm_anova.md,"{""data_view"": ""summary_only"", ""inference_options"": {""max_tokens"": 1800, ""reasoning"": {""enabled"": false}, ""temperature"": 1.0}, ""model"": ""moonshotai/Kimi-K2.5"", ""prompt_template"": ""prompts/stim_paradigm_anova.md""}"
34,1,93,summary_only,kimi,prompts/stim_paradigm_predictive.md,0.75,summary_only,1800,False,0.75,moonshotai/Kimi-K2.5,prompts/stim_paradigm_predictive.md,"{""data_view"": ""summary_only"", ""inference_options"": {""max_tokens"": 1800, ""reasoning"": {""enabled"": false}, ""temperature"": 0.75}, ""model"": ""moonshotai/Kimi-K2.5"", ""prompt_template"": ""prompts/stim_paradigm_predictive.md""}"
391,3,94,summary_only,qwen3_5_9b,prompts/stim_paradigm_anova.md,0.75,summary_only,1800,False,0.75,Qwen/Qwen3.5-9B,prompts/stim_paradigm_anova.md,"{""data_view"": ""summary_only"", ""inference_options"": {""max_tokens"": 1800, ""reasoning"": {""enabled"": false}, ""temperature"": 0.75}, ""model"": ""Qwen/Qwen3.5-9B"", ""prompt_template"": ""prompts/stim_paradigm_anova.md""}"
30,1,95,stim_and_mouse_summary,kimi,prompts/stim_paradigm_basic.md,0.75,stim_and_mouse_summary,1800,False,0.75,moonshotai/Kimi-K2.5,prompts/stim_paradigm_basic.md,"{""data_view"": ""stim_and_mouse_summary"", ""inference_options"": {""max_tokens"": 1800, ""reasoning"": {""enabled"": false}, ""temperature"": 0.75}, ""model"": ""moonshotai/Kimi-K2.5"", ""prompt_template"": ""prompts/stim_paradigm_basic.md""}"
200,2,96,stim_summary,deepseek_v3_1,prompts/stim_paradigm_basic.md,0.5,stim_summary,1800,False,0.5,deepseek-ai/DeepSeek-V3.1,prompts/stim_paradigm_basic.md,"{""data_view"": ""stim_summary"", ""inference_options"": {""max_tokens"": 1800, ""reasoning"": {""enabled"": false}, ""temperature"": 0.5}, ""model"": ""deepseek-ai/DeepSeek-V3.1"", ""prompt_template"": ""prompts/stim_paradigm_basic.md""}"
260,2,97,stim_summary,qwen3_5_9b,prompts/stim_paradigm_predictive.md,0.75,stim_summary,1800,False,0.75,Qwen/Qwen3.5-9B,prompts/stim_paradigm_predictive.md,"{""data_view"": ""stim_summary"", ""inference_options"": {""max_tokens"": 1800, ""reasoning"": {""enabled"": false}, ""temperature"": 0.75}, ""model"": ""Qwen/Qwen3.5-9B"", ""prompt_template"": ""prompts/stim_paradigm_predictive.md""}"
173,2,98,stim_summary,kimi,prompts/stim_paradigm_basic.md,1.0,stim_summary,1800,False,1.0,moonshotai/Kimi-K2.5,prompts/stim_paradigm_basic.md,"{""data_view"": ""stim_summary"", ""inference_options"": {""max_tokens"": 1800, ""reasoning"": {""enabled"": false}, ""temperature"": 1.0}, ""model"": ""moonshotai/Kimi-K2.5"", ""prompt_template"": ""prompts/stim_paradigm_basic.md""}"
256,2,99,summary_only,qwen3_5_9b,prompts/stim_paradigm_anova.md,0.75,summary_only,1800,False,0.75,Qwen/Qwen3.5-9B,prompts/stim_paradigm_anova.md,"{""data_view"": ""summary_only"", ""inference_options"": {""max_tokens"": 1800, ""reasoning"": {""enabled"": false}, ""temperature"": 0.75}, ""model"": ""Qwen/Qwen3.5-9B"", ""prompt_template"": ""prompts/stim_paradigm_anova.md""}"
53,1,100,stim_summary,deepseek_v3_1,prompts/stim_paradigm_predictive.md,0.0,stim_summary,1800,False,0.0,deepseek-ai/DeepSeek-V3.1,prompts/stim_paradigm_predictive.md,"{""data_view"": ""stim_summary"", ""inference_options"": {""max_tokens"": 1800, ""reasoning"": {""enabled"": false}, ""temperature"": 0.0}, ""model"": ""deepseek-ai/DeepSeek-V3.1"", ""prompt_template"": ""prompts/stim_paradigm_predictive.md""}"
297,3,101,stim_and_mouse_summary,kimi,prompts/stim_paradigm_predictive.md,0.5,stim_and_mouse_summary,1800,False,0.5,moonshotai/Kimi-K2.5,prompts/stim_paradigm_predictive.md,"{""data_view"": ""stim_and_mouse_summary"", ""inference_options"": {""max_tokens"": 1800, ""reasoning"": {""enabled"": false}, ""temperature"": 0.5}, ""model"": ""moonshotai/Kimi-K2.5"", ""prompt_template"": ""prompts/stim_paradigm_predictive.md""}"
190,2,102,summary_only,deepseek_v3_1,prompts/stim_paradigm_basic.md,0.25,summary_only,1800,False,0.25,deepseek-ai/DeepSeek-V3.1,prompts/stim_paradigm_basic.md,"{""data_view"": ""summary_only"", ""inference_options"": {""max_tokens"": 1800, ""reasoning"": {""enabled"": false}, ""temperature"": 0.25}, ""model"": ""deepseek-ai/DeepSeek-V3.1"", ""prompt_template"": ""prompts/stim_paradigm_basic.md""}"
120,1,103,stim_and_mouse_summary,qwen3_5_9b,prompts/stim_paradigm_basic.md,0.75,stim_and_mouse_summary,1800,False,0.75,Qwen/Qwen3.5-9B,prompts/stim_paradigm_basic.md,"{""data_view"": ""stim_and_mouse_summary"", ""inference_options"": {""max_tokens"": 1800, ""reasoning"": {""enabled"": false}, ""temperature"": 0.75}, ""model"": ""Qwen/Qwen3.5-9B"", ""prompt_template"": ""prompts/stim_paradigm_basic.md""}"
130,1,104,summary_only,qwen3_5_9b,prompts/stim_paradigm_anova.md,1.0,summary_only,1800,False,1.0,Qwen/Qwen3.5-9B,prompts/stim_paradigm_anova.md,"{""data_view"": ""summary_only"", ""inference_options"": {""max_tokens"": 1800, ""reasoning"": {""enabled"": false}, ""temperature"": 1.0}, ""model"": ""Qwen/Qwen3.5-9B"", ""prompt_template"": ""prompts/stim_paradigm_anova.md""}"
290,3,105,stim_summary,kimi,prompts/stim_paradigm_basic.md,0.5,stim_summary,1800,False,0.5,moonshotai/Kimi-K2.5,prompts/stim_paradigm_basic.md,"{""data_view"": ""stim_summary"", ""inference_options"": {""max_tokens"": 1800, ""reasoning"": {""enabled"": false}, ""temperature"": 0.5}, ""model"": ""moonshotai/Kimi-K2.5"", ""prompt_template"": ""prompts/stim_paradigm_basic.md""}"
147,2,106,stim_and_mouse_summary,kimi,prompts/stim_paradigm_basic.md,0.25,stim_and_mouse_summary,1800,False,0.25,moonshotai/Kimi-K2.5,prompts/stim_paradigm_basic.md,"{""data_view"": ""stim_and_mouse_summary"", ""inference_options"": {""max_tokens"": 1800, ""reasoning"": {""enabled"": false}, ""temperature"": 0.25}, ""model"": ""moonshotai/Kimi-K2.5"", ""prompt_template"": ""prompts/stim_paradigm_basic.md""}"
395,3,107,stim_summary,qwen3_5_9b,prompts/stim_paradigm_predictive.md,0.75,stim_summary,1800,False,0.75,Qwen/Qwen3.5-9B,prompts/stim_paradigm_predictive.md,"{""data_view"": ""stim_summary"", ""inference_options"": {""max_tokens"": 1800, ""reasoning"": {""enabled"": false}, ""temperature"": 0.75}, ""model"": ""Qwen/Qwen3.5-9B"", ""prompt_template"": ""prompts/stim_paradigm_predictive.md""}"
240,2,108,stim_and_mouse_summary,qwen3_5_9b,prompts/stim_paradigm_anova.md,0.25,stim_and_mouse_summary,1800,False,0.25,Qwen/Qwen3.5-9B,prompts/stim_paradigm_anova.md,"{""data_view"": ""stim_and_mouse_summary"", ""inference_options"": {""max_tokens"": 1800, ""reasoning"": {""enabled"": false}, ""temperature"": 0.25}, ""model"": ""Qwen/Qwen3.5-9B"", ""prompt_template"": ""prompts/stim_paradigm_anova.md""}"
189,2,109,stim_and_mouse_summary,deepseek_v3_1,prompts/stim_paradigm_predictive.md,0.0,stim_and_mouse_summary,1800,False,0.0,deepseek-ai/DeepSeek-V3.1,prompts/stim_paradigm_predictive.md,"{""data_view"": ""stim_and_mouse_summary"", ""inference_options"": {""max_tokens"": 1800, ""reasoning"": {""enabled"": false}, ""temperature"": 0.0}, ""model"": ""deepseek-ai/DeepSeek-V3.1"", ""prompt_template"": ""prompts/stim_paradigm_predictive.md""}"
131,1,110,stim_summary,qwen3_5_9b,prompts/stim_paradigm_anova.md,1.0,stim_summary,1800,False,1.0,Qwen/Qwen3.5-9B,prompts/stim_paradigm_anova.md,"{""data_view"": ""stim_summary"", ""inference_options"": {""max_tokens"": 1800, ""reasoning"": {""enabled"": false}, ""temperature"": 1.0}, ""model"": ""Qwen/Qwen3.5-9B"", ""prompt_template"": ""prompts/stim_paradigm_anova.md""}"
96,1,111,stim_and_mouse_summary,qwen3_5_9b,prompts/stim_paradigm_anova.md,0.0,stim_and_mouse_summary,1800,False,0.0,Qwen/Qwen3.5-9B,prompts/stim_paradigm_anova.md,"{""data_view"": ""stim_and_mouse_summary"", ""inference_options"": {""max_tokens"": 1800, ""reasoning"": {""enabled"": false}, ""temperature"": 0.0}, ""model"": ""Qwen/Qwen3.5-9B"", ""prompt_template"": ""prompts/stim_paradigm_anova.md""}"
104,1,112,stim_summary,qwen3_5_9b,prompts/stim_paradigm_anova.md,0.25,stim_summary,1800,False,0.25,Qwen/Qwen3.5-9B,prompts/stim_paradigm_anova.md,"{""data_view"": ""stim_summary"", ""inference_options"": {""max_tokens"": 1800, ""reasoning"": {""enabled"": false}, ""temperature"": 0.25}, ""model"": ""Qwen/Qwen3.5-9B"", ""prompt_template"": ""prompts/stim_paradigm_anova.md""}"
228,2,113,stim_and_mouse_summary,qwen3_5_9b,prompts/stim_paradigm_basic.md,0.0,stim_and_mouse_summary,1800,False,0.0,Qwen/Qwen3.5-9B,prompts/stim_paradigm_basic.md,"{""data_view"": ""stim_and_mouse_summary"", ""inference_options"": {""max_tokens"": 1800, ""reasoning"": {""enabled"": false}, ""temperature"": 0.0}, ""model"": ""Qwen/Qwen3.5-9B"", ""prompt_template"": ""prompts/stim_paradigm_basic.md""}"
349,3,114,summary_only,deepseek_v3_1,prompts/stim_paradigm_predictive.md,0.75,summary_only,1800,False,0.75,deepseek-ai/DeepSeek-V3.1,prompts/stim_paradigm_predictive.md,"{""data_view"": ""summary_only"", ""inference_options"": {""max_tokens"": 1800, ""reasoning"": {""enabled"": false}, ""temperature"": 0.75}, ""model"": ""deepseek-ai/DeepSeek-V3.1"", ""prompt_template"": ""prompts/stim_paradigm_predictive.md""}"
217,2,115,summary_only,deepseek_v3_1,prompts/stim_paradigm_basic.md,1.0,summary_only,1800,False,1.0,deepseek-ai/DeepSeek-V3.1,prompts/stim_paradigm_basic.md,"{""data_view"": ""summary_only"", ""inference_options"": {""max_tokens"": 1800, ""reasoning"": {""enabled"": false}, ""temperature"": 1.0}, ""model"": ""deepseek-ai/DeepSeek-V3.1"", ""prompt_template"": ""prompts/stim_paradigm_basic.md""}"
389,3,116,stim_summary,qwen3_5_9b,prompts/stim_paradigm_basic.md,0.75,stim_summary,1800,False,0.75,Qwen/Qwen3.5-9B,prompts/stim_paradigm_basic.md,"{""data_view"": ""stim_summary"", ""inference_options"": {""max_tokens"": 1800, ""reasoning"": {""enabled"": false}, ""temperature"": 0.75}, ""model"": ""Qwen/Qwen3.5-9B"", ""prompt_template"": ""prompts/stim_paradigm_basic.md""}"
68,1,117,stim_summary,deepseek_v3_1,prompts/stim_paradigm_anova.md,0.5,stim_summary,1800,False,0.5,deepseek-ai/DeepSeek-V3.1,prompts/stim_paradigm_anova.md,"{""data_view"": ""stim_summary"", ""inference_options"": {""max_tokens"": 1800, ""reasoning"": {""enabled"": false}, ""temperature"": 0.5}, ""model"": ""deepseek-ai/DeepSeek-V3.1"", ""prompt_template"": ""prompts/stim_paradigm_anova.md""}"
405,3,118,stim_and_mouse_summary,qwen3_5_9b,prompts/stim_paradigm_predictive.md,1.0,stim_and_mouse_summary,1800,False,1.0,Qwen/Qwen3.5-9B,prompts/stim_paradigm_predictive.md,"{""data_view"": ""stim_and_mouse_summary"", ""inference_options"": {""max_tokens"": 1800, ""reasoning"": {""enabled"": false}, ""temperature"": 1.0}, ""model"": ""Qwen/Qwen3.5-9B"", ""prompt_template"": ""prompts/stim_paradigm_predictive.md""}"
204,2,119,stim_and_mouse_summary,deepseek_v3_1,prompts/stim_paradigm_anova.md,0.5,stim_and_mouse_summary,1800,False,0.5,deepseek-ai/DeepSeek-V3.1,prompts/stim_paradigm_anova.md,"{""data_view"": ""stim_and_mouse_summary"", ""inference_options"": {""max_tokens"": 1800, ""reasoning"": {""enabled"": false}, ""temperature"": 0.5}, ""model"": ""deepseek-ai/DeepSeek-V3.1"", ""prompt_template"": ""prompts/stim_paradigm_anova.md""}"
144,2,120,stim_and_mouse_summary,kimi,prompts/stim_paradigm_predictive.md,0.0,stim_and_mouse_summary,1800,False,0.0,moonshotai/Kimi-K2.5,prompts/stim_paradigm_predictive.md,"{""data_view"": ""stim_and_mouse_summary"", ""inference_options"": {""max_tokens"": 1800, ""reasoning"": {""enabled"": false}, ""temperature"": 0.0}, ""model"": ""moonshotai/Kimi-K2.5"", ""prompt_template"": ""prompts/stim_paradigm_predictive.md""}"
201,2,121,stim_and_mouse_summary,deepseek_v3_1,prompts/stim_paradigm_basic.md,0.5,stim_and_mouse_summary,1800,False,0.5,deepseek-ai/DeepSeek-V3.1,prompts/stim_paradigm_basic.md,"{""data_view"": ""stim_and_mouse_summary"", ""inference_options"": {""max_tokens"": 1800, ""reasoning"": {""enabled"": false}, ""temperature"": 0.5}, ""model"": ""deepseek-ai/DeepSeek-V3.1"", ""prompt_template"": ""prompts/stim_paradigm_basic.md""}"
261,2,122,stim_and_mouse_summary,qwen3_5_9b,prompts/stim_paradigm_predictive.md,0.75,stim_and_mouse_summary,1800,False,0.75,Qwen/Qwen3.5-9B,prompts/stim_paradigm_predictive.md,"{""data_view"": ""stim_and_mouse_summary"", ""inference_options"": {""max_tokens"": 1800, ""reasoning"": {""enabled"": false}, ""temperature"": 0.75}, ""model"": ""Qwen/Qwen3.5-9B"", ""prompt_template"": ""prompts/stim_paradigm_predictive.md""}"
288,3,123,stim_and_mouse_summary,kimi,prompts/stim_paradigm_predictive.md,0.25,stim_and_mouse_summary,1800,False,0.25,moonshotai/Kimi-K2.5,prompts/stim_paradigm_predictive.md,"{""data_view"": ""stim_and_mouse_summary"", ""inference_options"": {""max_tokens"": 1800, ""reasoning"": {""enabled"": false}, ""temperature"": 0.25}, ""model"": ""moonshotai/Kimi-K2.5"", ""prompt_template"": ""prompts/stim_paradigm_predictive.md""}"
306,3,124,stim_and_mouse_summary,kimi,prompts/stim_paradigm_predictive.md,0.75,stim_and_mouse_summary,1800,False,0.75,moonshotai/Kimi-K2.5,prompts/stim_paradigm_predictive.md,"{""data_view"": ""stim_and_mouse_summary"", ""inference_options"": {""max_tokens"": 1800, ""reasoning"": {""enabled"": false}, ""temperature"": 0.75}, ""model"": ""moonshotai/Kimi-K2.5"", ""prompt_template"": ""prompts/stim_paradigm_predictive.md""}"
160,2,125,summary_only,kimi,prompts/stim_paradigm_predictive.md,0.5,summary_only,1800,False,0.5,moonshotai/Kimi-K2.5,prompts/stim_paradigm_predictive.md,"{""data_view"": ""summary_only"", ""inference_options"": {""max_tokens"": 1800, ""reasoning"": {""enabled"": false}, ""temperature"": 0.5}, ""model"": ""moonshotai/Kimi-K2.5"", ""prompt_template"": ""prompts/stim_paradigm_predictive.md""}"
238,2,126,summary_only,qwen3_5_9b,prompts/stim_paradigm_anova.md,0.25,summary_only,1800,False,0.25,Qwen/Qwen3.5-9B,prompts/stim_paradigm_anova.md,"{""data_view"": ""summary_only"", ""inference_options"": {""max_tokens"": 1800, ""reasoning"": {""enabled"": false}, ""temperature"": 0.25}, ""model"": ""Qwen/Qwen3.5-9B"", ""prompt_template"": ""prompts/stim_paradigm_anova.md""}"
101,1,127,stim_summary,qwen3_5_9b,prompts/stim_paradigm_basic.md,0.25,stim_summary,1800,False,0.25,Qwen/Qwen3.5-9B,prompts/stim_paradigm_basic.md,"{""data_view"": ""stim_summary"", ""inference_options"": {""max_tokens"": 1800, ""reasoning"": {""enabled"": false}, ""temperature"": 0.25}, ""model"": ""Qwen/Qwen3.5-9B"", ""prompt_template"": ""prompts/stim_paradigm_basic.md""}"
105,1,128,stim_and_mouse_summary,qwen3_5_9b,prompts/stim_paradigm_anova.md,0.25,stim_and_mouse_summary,1800,False,0.25,Qwen/Qwen3.5-9B,prompts/stim_paradigm_anova.md,"{""data_view"": ""stim_and_mouse_summary"", ""inference_options"": {""max_tokens"": 1800, ""reasoning"": {""enabled"": false}, ""temperature"": 0.25}, ""model"": ""Qwen/Qwen3.5-9B"", ""prompt_template"": ""prompts/stim_paradigm_anova.md""}"
383,3,129,stim_summary,qwen3_5_9b,prompts/stim_paradigm_anova.md,0.5,stim_summary,1800,False,0.5,Qwen/Qwen3.5-9B,prompts/stim_paradigm_anova.md,"{""data_view"": ""stim_summary"", ""inference_options"": {""max_tokens"": 1800, ""reasoning"": {""enabled"": false}, ""temperature"": 0.5}, ""model"": ""Qwen/Qwen3.5-9B"", ""prompt_template"": ""prompts/stim_paradigm_anova.md""}"
213,2,130,stim_and_mouse_summary,deepseek_v3_1,prompts/stim_paradigm_anova.md,0.75,stim_and_mouse_summary,1800,False,0.75,deepseek-ai/DeepSeek-V3.1,prompts/stim_paradigm_anova.md,"{""data_view"": ""stim_and_mouse_summary"", ""inference_options"": {""max_tokens"": 1800, ""reasoning"": {""enabled"": false}, ""temperature"": 0.75}, ""model"": ""deepseek-ai/DeepSeek-V3.1"", ""prompt_template"": ""prompts/stim_paradigm_anova.md""}"
255,2,131,stim_and_mouse_summary,qwen3_5_9b,prompts/stim_paradigm_basic.md,0.75,stim_and_mouse_summary,1800,False,0.75,Qwen/Qwen3.5-9B,prompts/stim_paradigm_basic.md,"{""data_view"": ""stim_and_mouse_summary"", ""inference_options"": {""max_tokens"": 1800, ""reasoning"": {""enabled"": false}, ""temperature"": 0.75}, ""model"": ""Qwen/Qwen3.5-9B"", ""prompt_template"": ""prompts/stim_paradigm_basic.md""}"
168,2,132,stim_and_mouse_summary,kimi,prompts/stim_paradigm_anova.md,0.75,stim_and_mouse_summary,1800,False,0.75,moonshotai/Kimi-K2.5,prompts/stim_paradigm_anova.md,"{""data_view"": ""stim_and_mouse_summary"", ""inference_options"": {""max_tokens"": 1800, ""reasoning"": {""enabled"": false}, ""temperature"": 0.75}, ""model"": ""moonshotai/Kimi-K2.5"", ""prompt_template"": ""prompts/stim_paradigm_anova.md""}"
159,2,133,stim_and_mouse_summary,kimi,prompts/stim_paradigm_anova.md,0.5,stim_and_mouse_summary,1800,False,0.5,moonshotai/Kimi-K2.5,prompts/stim_paradigm_anova.md,"{""data_view"": ""stim_and_mouse_summary"", ""inference_options"": {""max_tokens"": 1800, ""reasoning"": {""enabled"": false}, ""temperature"": 0.5}, ""model"": ""moonshotai/Kimi-K2.5"", ""prompt_template"": ""prompts/stim_paradigm_anova.md""}"
46,1,134,summary_only,deepseek_v3_1,prompts/stim_paradigm_basic.md,0.0,summary_only,1800,False,0.0,deepseek-ai/DeepSeek-V3.1,prompts/stim_paradigm_basic.md,"{""data_view"": ""summary_only"", ""inference_options"": {""max_tokens"": 1800, ""reasoning"": {""enabled"": false}, ""temperature"": 0.0}, ""model"": ""deepseek-ai/DeepSeek-V3.1"", ""prompt_template"": ""prompts/stim_paradigm_basic.md""}"
235,2,135,summary_only,qwen3_5_9b,prompts/stim_paradigm_basic.md,0.25,summary_only,1800,False,0.25,Qwen/Qwen3.5-9B,prompts/stim_paradigm_basic.md,"{""data_view"": ""summary_only"", ""inference_options"": {""max_tokens"": 1800, ""reasoning"": {""enabled"": false}, ""temperature"": 0.25}, ""model"": ""Qwen/Qwen3.5-9B"", ""prompt_template"": ""prompts/stim_paradigm_basic.md""}"
244,2,136,summary_only,qwen3_5_9b,prompts/stim_paradigm_basic.md,0.5,summary_only,1800,False,0.5,Qwen/Qwen3.5-9B,prompts/stim_paradigm_basic.md,"{""data_view"": ""summary_only"", ""inference_options"": {""max_tokens"": 1800, ""reasoning"": {""enabled"": false}, ""temperature"": 0.5}, ""model"": ""Qwen/Qwen3.5-9B"", ""prompt_template"": ""prompts/stim_paradigm_basic.md""}"
301,3,137,summary_only,kimi,prompts/stim_paradigm_anova.md,0.75,summary_only,1800,False,0.75,moonshotai/Kimi-K2.5,prompts/stim_paradigm_anova.md,"{""data_view"": ""summary_only"", ""inference_options"": {""max_tokens"": 1800, ""reasoning"": {""enabled"": false}, ""temperature"": 0.75}, ""model"": ""moonshotai/Kimi-K2.5"", ""prompt_template"": ""prompts/stim_paradigm_anova.md""}"
47,1,138,stim_summary,deepseek_v3_1,prompts/stim_paradigm_basic.md,0.0,stim_summary,1800,False,0.0,deepseek-ai/DeepSeek-V3.1,prompts/stim_paradigm_basic.md,"{""data_view"": ""stim_summary"", ""inference_options"": {""max_tokens"": 1800, ""reasoning"": {""enabled"": false}, ""temperature"": 0.0}, ""model"": ""deepseek-ai/DeepSeek-V3.1"", ""prompt_template"": ""prompts/stim_paradigm_basic.md""}"
344,3,139,stim_summary,deepseek_v3_1,prompts/stim_paradigm_basic.md,0.75,stim_summary,1800,False,0.75,deepseek-ai/DeepSeek-V3.1,prompts/stim_paradigm_basic.md,"{""data_view"": ""stim_summary"", ""inference_options"": {""max_tokens"": 1800, ""reasoning"": {""enabled"": false}, ""temperature"": 0.75}, ""model"": ""deepseek-ai/DeepSeek-V3.1"", ""prompt_template"": ""prompts/stim_paradigm_basic.md""}"
272,3,140,stim_summary,kimi,prompts/stim_paradigm_basic.md,0.0,stim_summary,1800,False,0.0,moonshotai/Kimi-K2.5,prompts/stim_paradigm_basic.md,"{""data_view"": ""stim_summary"", ""inference_options"": {""max_tokens"": 1800, ""reasoning"": {""enabled"": false}, ""temperature"": 0.0}, ""model"": ""moonshotai/Kimi-K2.5"", ""prompt_template"": ""prompts/stim_paradigm_basic.md""}"
95,1,141,stim_summary,qwen3_5_9b,prompts/stim_paradigm_anova.md,0.0,stim_summary,1800,False,0.0,Qwen/Qwen3.5-9B,prompts/stim_paradigm_anova.md,"{""data_view"": ""stim_summary"", ""inference_options"": {""max_tokens"": 1800, ""reasoning"": {""enabled"": false}, ""temperature"": 0.0}, ""model"": ""Qwen/Qwen3.5-9B"", ""prompt_template"": ""prompts/stim_paradigm_anova.md""}"
334,3,142,summary_only,deepseek_v3_1,prompts/stim_paradigm_basic.md,0.5,summary_only,1800,False,0.5,deepseek-ai/DeepSeek-V3.1,prompts/stim_paradigm_basic.md,"{""data_view"": ""summary_only"", ""inference_options"": {""max_tokens"": 1800, ""reasoning"": {""enabled"": false}, ""temperature"": 0.5}, ""model"": ""deepseek-ai/DeepSeek-V3.1"", ""prompt_template"": ""prompts/stim_paradigm_basic.md""}"
54,1,143,stim_and_mouse_summary,deepseek_v3_1,prompts/stim_paradigm_predictive.md,0.0,stim_and_mouse_summary,1800,False,0.0,deepseek-ai/DeepSeek-V3.1,prompts/stim_paradigm_predictive.md,"{""data_view"": ""stim_and_mouse_summary"", ""inference_options"": {""max_tokens"": 1800, ""reasoning"": {""enabled"": false}, ""temperature"": 0.0}, ""model"": ""deepseek-ai/DeepSeek-V3.1"", ""prompt_template"": ""prompts/stim_paradigm_predictive.md""}"
186,2,144,stim_and_mouse_summary,deepseek_v3_1,prompts/stim_paradigm_anova.md,0.0,stim_and_mouse_summary,1800,False,0.0,deepseek-ai/DeepSeek-V3.1,prompts/stim_paradigm_anova.md,"{""data_view"": ""stim_and_mouse_summary"", ""inference_options"": {""max_tokens"": 1800, ""reasoning"": {""enabled"": false}, ""temperature"": 0.0}, ""model"": ""deepseek-ai/DeepSeek-V3.1"", ""prompt_template"": ""prompts/stim_paradigm_anova.md""}"
242,2,145,stim_summary,qwen3_5_9b,prompts/stim_paradigm_predictive.md,0.25,stim_summary,1800,False,0.25,Qwen/Qwen3.5-9B,prompts/stim_paradigm_predictive.md,"{""data_view"": ""stim_summary"", ""inference_options"": {""max_tokens"": 1800, ""reasoning"": {""enabled"": false}, ""temperature"": 0.25}, ""model"": ""Qwen/Qwen3.5-9B"", ""prompt_template"": ""prompts/stim_paradigm_predictive.md""}"
251,2,146,stim_summary,qwen3_5_9b,prompts/stim_paradigm_predictive.md,0.5,stim_summary,1800,False,0.5,Qwen/Qwen3.5-9B,prompts/stim_paradigm_predictive.md,"{""data_view"": ""stim_summary"", ""inference_options"": {""max_tokens"": 1800, ""reasoning"": {""enabled"": false}, ""temperature"": 0.5}, ""model"": ""Qwen/Qwen3.5-9B"", ""prompt_template"": ""prompts/stim_paradigm_predictive.md""}"
14,1,147,stim_summary,kimi,prompts/stim_paradigm_anova.md,0.25,stim_summary,1800,False,0.25,moonshotai/Kimi-K2.5,prompts/stim_paradigm_anova.md,"{""data_view"": ""stim_summary"", ""inference_options"": {""max_tokens"": 1800, ""reasoning"": {""enabled"": false}, ""temperature"": 0.25}, ""model"": ""moonshotai/Kimi-K2.5"", ""prompt_template"": ""prompts/stim_paradigm_anova.md""}"
319,3,148,summary_only,deepseek_v3_1,prompts/stim_paradigm_anova.md,0.0,summary_only,1800,False,0.0,deepseek-ai/DeepSeek-V3.1,prompts/stim_paradigm_anova.md,"{""data_view"": ""summary_only"", ""inference_options"": {""max_tokens"": 1800, ""reasoning"": {""enabled"": false}, ""temperature"": 0.0}, ""model"": ""deepseek-ai/DeepSeek-V3.1"", ""prompt_template"": ""prompts/stim_paradigm_anova.md""}"
341,3,149,stim_summary,deepseek_v3_1,prompts/stim_paradigm_predictive.md,0.5,stim_summary,1800,False,0.5,deepseek-ai/DeepSeek-V3.1,prompts/stim_paradigm_predictive.md,"{""data_view"": ""stim_summary"", ""inference_options"": {""max_tokens"": 1800, ""reasoning"": {""enabled"": false}, ""temperature"": 0.5}, ""model"": ""deepseek-ai/DeepSeek-V3.1"", ""prompt_template"": ""prompts/stim_paradigm_predictive.md""}"
24,1,150,stim_and_mouse_summary,kimi,prompts/stim_paradigm_anova.md,0.5,stim_and_mouse_summary,1800,False,0.5,moonshotai/Kimi-K2.5,prompts/stim_paradigm_anova.md,"{""data_view"": ""stim_and_mouse_summary"", ""inference_options"": {""max_tokens"": 1800, ""reasoning"": {""enabled"": false}, ""temperature"": 0.5}, ""model"": ""moonshotai/Kimi-K2.5"", ""prompt_template"": ""prompts/stim_paradigm_anova.md""}"
77,1,151,stim_summary,deepseek_v3_1,prompts/stim_paradigm_anova.md,0.75,stim_summary,1800,False,0.75,deepseek-ai/DeepSeek-V3.1,prompts/stim_paradigm_anova.md,"{""data_view"": ""stim_summary"", ""inference_options"": {""max_tokens"": 1800, ""reasoning"": {""enabled"": false}, ""temperature"": 0.75}, ""model"": ""deepseek-ai/DeepSeek-V3.1"", ""prompt_template"": ""prompts/stim_paradigm_anova.md""}"
377,3,152,stim_summary,qwen3_5_9b,prompts/stim_paradigm_predictive.md,0.25,stim_summary,1800,False,0.25,Qwen/Qwen3.5-9B,prompts/stim_paradigm_predictive.md,"{""data_view"": ""stim_summary"", ""inference_options"": {""max_tokens"": 1800, ""reasoning"": {""enabled"": false}, ""temperature"": 0.25}, ""model"": ""Qwen/Qwen3.5-9B"", ""prompt_template"": ""prompts/stim_paradigm_predictive.md""}"
117,1,153,stim_and_mouse_summary,qwen3_5_9b,prompts/stim_paradigm_predictive.md,0.5,stim_and_mouse_summary,1800,False,0.5,Qwen/Qwen3.5-9B,prompts/stim_paradigm_predictive.md,"{""data_view"": ""stim_and_mouse_summary"", ""inference_options"": {""max_tokens"": 1800, ""reasoning"": {""enabled"": false}, ""temperature"": 0.5}, ""model"": ""Qwen/Qwen3.5-9B"", ""prompt_template"": ""prompts/stim_paradigm_predictive.md""}"
152,2,154,stim_summary,kimi,prompts/stim_paradigm_predictive.md,0.25,stim_summary,1800,False,0.25,moonshotai/Kimi-K2.5,prompts/stim_paradigm_predictive.md,"{""data_view"": ""stim_summary"", ""inference_options"": {""max_tokens"": 1800, ""reasoning"": {""enabled"": false}, ""temperature"": 0.25}, ""model"": ""moonshotai/Kimi-K2.5"", ""prompt_template"": ""prompts/stim_paradigm_predictive.md""}"
239,2,155,stim_summary,qwen3_5_9b,prompts/stim_paradigm_anova.md,0.25,stim_summary,1800,False,0.25,Qwen/Qwen3.5-9B,prompts/stim_paradigm_anova.md,"{""data_view"": ""stim_summary"", ""inference_options"": {""max_tokens"": 1800, ""reasoning"": {""enabled"": false}, ""temperature"": 0.25}, ""model"": ""Qwen/Qwen3.5-9B"", ""prompt_template"": ""prompts/stim_paradigm_anova.md""}"
392,3,156,stim_summary,qwen3_5_9b,prompts/stim_paradigm_anova.md,0.75,stim_summary,1800,False,0.75,Qwen/Qwen3.5-9B,prompts/stim_paradigm_anova.md,"{""data_view"": ""stim_summary"", ""inference_options"": {""max_tokens"": 1800, ""reasoning"": {""enabled"": false}, ""temperature"": 0.75}, ""model"": ""Qwen/Qwen3.5-9B"", ""prompt_template"": ""prompts/stim_paradigm_anova.md""}"
167,2,157,stim_summary,kimi,prompts/stim_paradigm_anova.md,0.75,stim_summary,1800,False,0.75,moonshotai/Kimi-K2.5,prompts/stim_paradigm_anova.md,"{""data_view"": ""stim_summary"", ""inference_options"": {""max_tokens"": 1800, ""reasoning"": {""enabled"": false}, ""temperature"": 0.75}, ""model"": ""moonshotai/Kimi-K2.5"", ""prompt_template"": ""prompts/stim_paradigm_anova.md""}"
225,2,158,stim_and_mouse_summary,deepseek_v3_1,prompts/stim_paradigm_predictive.md,1.0,stim_and_mouse_summary,1800,False,1.0,deepseek-ai/DeepSeek-V3.1,prompts/stim_paradigm_predictive.md,"{""data_view"": ""stim_and_mouse_summary"", ""inference_options"": {""max_tokens"": 1800, ""reasoning"": {""enabled"": false}, ""temperature"": 1.0}, ""model"": ""deepseek-ai/DeepSeek-V3.1"", ""prompt_template"": ""prompts/stim_paradigm_predictive.md""}"
154,2,159,summary_only,kimi,prompts/stim_paradigm_basic.md,0.5,summary_only,1800,False,0.5,moonshotai/Kimi-K2.5,prompts/stim_paradigm_basic.md,"{""data_view"": ""summary_only"", ""inference_options"": {""max_tokens"": 1800, ""reasoning"": {""enabled"": false}, ""temperature"": 0.5}, ""model"": ""moonshotai/Kimi-K2.5"", ""prompt_template"": ""prompts/stim_paradigm_basic.md""}"
112,1,160,summary_only,qwen3_5_9b,prompts/stim_paradigm_anova.md,0.5,summary_only,1800,False,0.5,Qwen/Qwen3.5-9B,prompts/stim_paradigm_anova.md,"{""data_view"": ""summary_only"", ""inference_options"": {""max_tokens"": 1800, ""reasoning"": {""enabled"": false}, ""temperature"": 0.5}, ""model"": ""Qwen/Qwen3.5-9B"", ""prompt_template"": ""prompts/stim_paradigm_anova.md""}"
259,2,161,summary_only,qwen3_5_9b,prompts/stim_paradigm_predictive.md,0.75,summary_only,1800,False,0.75,Qwen/Qwen3.5-9B,prompts/stim_paradigm_predictive.md,"{""data_view"": ""summary_only"", ""inference_options"": {""max_tokens"": 1800, ""reasoning"": {""enabled"": false}, ""temperature"": 0.75}, ""model"": ""Qwen/Qwen3.5-9B"", ""prompt_template"": ""prompts/stim_paradigm_predictive.md""}"
198,2,162,stim_and_mouse_summary,deepseek_v3_1,prompts/stim_paradigm_predictive.md,0.25,stim_and_mouse_summary,1800,False,0.25,deepseek-ai/DeepSeek-V3.1,prompts/stim_paradigm_predictive.md,"{""data_view"": ""stim_and_mouse_summary"", ""inference_options"": {""max_tokens"": 1800, ""reasoning"": {""enabled"": false}, ""temperature"": 0.25}, ""model"": ""deepseek-ai/DeepSeek-V3.1"", ""prompt_template"": ""prompts/stim_paradigm_predictive.md""}"
170,2,163,stim_summary,kimi,prompts/stim_paradigm_predictive.md,0.75,stim_summary,1800,False,0.75,moonshotai/Kimi-K2.5,prompts/stim_paradigm_predictive.md,"{""data_view"": ""stim_summary"", ""inference_options"": {""max_tokens"": 1800, ""reasoning"": {""enabled"": false}, ""temperature"": 0.75}, ""model"": ""moonshotai/Kimi-K2.5"", ""prompt_template"": ""prompts/stim_paradigm_predictive.md""}"
230,2,164,stim_summary,qwen3_5_9b,prompts/stim_paradigm_anova.md,0.0,stim_summary,1800,False,0.0,Qwen/Qwen3.5-9B,prompts/stim_paradigm_anova.md,"{""data_view"": ""stim_summary"", ""inference_options"": {""max_tokens"": 1800, ""reasoning"": {""enabled"": false}, ""temperature"": 0.0}, ""model"": ""Qwen/Qwen3.5-9B"", ""prompt_template"": ""prompts/stim_paradigm_anova.md""}"
310,3,165,summary_only,kimi,prompts/stim_paradigm_anova.md,1.0,summary_only,1800,False,1.0,moonshotai/Kimi-K2.5,prompts/stim_paradigm_anova.md,"{""data_view"": ""summary_only"", ""inference_options"": {""max_tokens"": 1800, ""reasoning"": {""enabled"": false}, ""temperature"": 1.0}, ""model"": ""moonshotai/Kimi-K2.5"", ""prompt_template"": ""prompts/stim_paradigm_anova.md""}"
163,2,166,summary_only,kimi,prompts/stim_paradigm_basic.md,0.75,summary_only,1800,False,0.75,moonshotai/Kimi-K2.5,prompts/stim_paradigm_basic.md,"{""data_view"": ""summary_only"", ""inference_options"": {""max_tokens"": 1800, ""reasoning"": {""enabled"": false}, ""temperature"": 0.75}, ""model"": ""moonshotai/Kimi-K2.5"", ""prompt_template"": ""prompts/stim_paradigm_basic.md""}"
31,1,167,summary_only,kimi,prompts/stim_paradigm_anova.md,0.75,summary_only,1800,False,0.75,moonshotai/Kimi-K2.5,prompts/stim_paradigm_anova.md,"{""data_view"": ""summary_only"", ""inference_options"": {""max_tokens"": 1800, ""reasoning"": {""enabled"": false}, ""temperature"": 0.75}, ""model"": ""moonshotai/Kimi-K2.5"", ""prompt_template"": ""prompts/stim_paradigm_anova.md""}"
223,2,168,summary_only,deepseek_v3_1,prompts/stim_paradigm_predictive.md,1.0,summary_only,1800,False,1.0,deepseek-ai/DeepSeek-V3.1,prompts/stim_paradigm_predictive.md,"{""data_view"": ""summary_only"", ""inference_options"": {""max_tokens"": 1800, ""reasoning"": {""enabled"": false}, ""temperature"": 1.0}, ""model"": ""deepseek-ai/DeepSeek-V3.1"", ""prompt_template"": ""prompts/stim_paradigm_predictive.md""}"
325,3,169,summary_only,deepseek_v3_1,prompts/stim_paradigm_basic.md,0.25,summary_only,1800,False,0.25,deepseek-ai/DeepSeek-V3.1,prompts/stim_paradigm_basic.md,"{""data_view"": ""summary_only"", ""inference_options"": {""max_tokens"": 1800, ""reasoning"": {""enabled"": false}, ""temperature"": 0.25}, ""model"": ""deepseek-ai/DeepSeek-V3.1"", ""prompt_template"": ""prompts/stim_paradigm_basic.md""}"
285,3,170,stim_and_mouse_summary,kimi,prompts/stim_paradigm_anova.md,0.25,stim_and_mouse_summary,1800,False,0.25,moonshotai/Kimi-K2.5,prompts/stim_paradigm_anova.md,"{""data_view"": ""stim_and_mouse_summary"", ""inference_options"": {""max_tokens"": 1800, ""reasoning"": {""enabled"": false}, ""temperature"": 0.25}, ""model"": ""moonshotai/Kimi-K2.5"", ""prompt_template"": ""prompts/stim_paradigm_anova.md""}"
103,1,171,summary_only,qwen3_5_9b,prompts/stim_paradigm_anova.md,0.25,summary_only,1800,False,0.25,Qwen/Qwen3.5-9B,prompts/stim_paradigm_anova.md,"{""data_view"": ""summary_only"", ""inference_options"": {""max_tokens"": 1800, ""reasoning"": {""enabled"": false}, ""temperature"": 0.25}, ""model"": ""Qwen/Qwen3.5-9B"", ""prompt_template"": ""prompts/stim_paradigm_anova.md""}"
172,2,172,summary_only,kimi,prompts/stim_paradigm_basic.md,1.0,summary_only,1800,False,1.0,moonshotai/Kimi-K2.5,prompts/stim_paradigm_basic.md,"{""data_view"": ""summary_only"", ""inference_options"": {""max_tokens"": 1800, ""reasoning"": {""enabled"": false}, ""temperature"": 1.0}, ""model"": ""moonshotai/Kimi-K2.5"", ""prompt_template"": ""prompts/stim_paradigm_basic.md""}"
129,1,173,stim_and_mouse_summary,qwen3_5_9b,prompts/stim_paradigm_basic.md,1.0,stim_and_mouse_summary,1800,False,1.0,Qwen/Qwen3.5-9B,prompts/stim_paradigm_basic.md,"{""data_view"": ""stim_and_mouse_summary"", ""inference_options"": {""max_tokens"": 1800, ""reasoning"": {""enabled"": false}, ""temperature"": 1.0}, ""model"": ""Qwen/Qwen3.5-9B"", ""prompt_template"": ""prompts/stim_paradigm_basic.md""}"
60,1,174,stim_and_mouse_summary,deepseek_v3_1,prompts/stim_paradigm_anova.md,0.25,stim_and_mouse_summary,1800,False,0.25,deepseek-ai/DeepSeek-V3.1,prompts/stim_paradigm_anova.md,"{""data_view"": ""stim_and_mouse_summary"", ""inference_options"": {""max_tokens"": 1800, ""reasoning"": {""enabled"": false}, ""temperature"": 0.25}, ""model"": ""deepseek-ai/DeepSeek-V3.1"", ""prompt_template"": ""prompts/stim_paradigm_anova.md""}"
267,2,175,stim_and_mouse_summary,qwen3_5_9b,prompts/stim_paradigm_anova.md,1.0,stim_and_mouse_summary,1800,False,1.0,Qwen/Qwen3.5-9B,prompts/stim_paradigm_anova.md,"{""data_view"": ""stim_and_mouse_summary"", ""inference_options"": {""max_tokens"": 1800, ""reasoning"": {""enabled"": false}, ""temperature"": 1.0}, ""model"": ""Qwen/Qwen3.5-9B"", ""prompt_template"": ""prompts/stim_paradigm_anova.md""}"
346,3,176,summary_only,deepseek_v3_1,prompts/stim_paradigm_anova.md,0.75,summary_only,1800,False,0.75,deepseek-ai/DeepSeek-V3.1,prompts/stim_paradigm_anova.md,"{""data_view"": ""summary_only"", ""inference_options"": {""max_tokens"": 1800, ""reasoning"": {""enabled"": false}, ""temperature"": 0.75}, ""model"": ""deepseek-ai/DeepSeek-V3.1"", ""prompt_template"": ""prompts/stim_paradigm_anova.md""}"
151,2,177,summary_only,kimi,prompts/stim_paradigm_predictive.md,0.25,summary_only,1800,False,0.25,moonshotai/Kimi-K2.5,prompts/stim_paradigm_predictive.md,"{""data_view"": ""summary_only"", ""inference_options"": {""max_tokens"": 1800, ""reasoning"": {""enabled"": false}, ""temperature"": 0.25}, ""model"": ""moonshotai/Kimi-K2.5"", ""prompt_template"": ""prompts/stim_paradigm_predictive.md""}"
224,2,178,stim_summary,deepseek_v3_1,prompts/stim_paradigm_predictive.md,1.0,stim_summary,1800,False,1.0,deepseek-ai/DeepSeek-V3.1,prompts/stim_paradigm_predictive.md,"{""data_view"": ""stim_summary"", ""inference_options"": {""max_tokens"": 1800, ""reasoning"": {""enabled"": false}, ""temperature"": 1.0}, ""model"": ""deepseek-ai/DeepSeek-V3.1"", ""prompt_template"": ""prompts/stim_paradigm_predictive.md""}"
300,3,179,stim_and_mouse_summary,kimi,prompts/stim_paradigm_basic.md,0.75,stim_and_mouse_summary,1800,False,0.75,moonshotai/Kimi-K2.5,prompts/stim_paradigm_basic.md,"{""data_view"": ""stim_and_mouse_summary"", ""inference_options"": {""max_tokens"": 1800, ""reasoning"": {""enabled"": false}, ""temperature"": 0.75}, ""model"": ""moonshotai/Kimi-K2.5"", ""prompt_template"": ""prompts/stim_paradigm_basic.md""}"
372,3,180,stim_and_mouse_summary,qwen3_5_9b,prompts/stim_paradigm_basic.md,0.25,stim_and_mouse_summary,1800,False,0.25,Qwen/Qwen3.5-9B,prompts/stim_paradigm_basic.md,"{""data_view"": ""stim_and_mouse_summary"", ""inference_options"": {""max_tokens"": 1800, ""reasoning"": {""enabled"": false}, ""temperature"": 0.25}, ""model"": ""Qwen/Qwen3.5-9B"", ""prompt_template"": ""prompts/stim_paradigm_basic.md""}"
366,3,181,stim_and_mouse_summary,qwen3_5_9b,prompts/stim_paradigm_anova.md,0.0,stim_and_mouse_summary,1800,False,0.0,Qwen/Qwen3.5-9B,prompts/stim_paradigm_anova.md,"{""data_view"": ""stim_and_mouse_summary"", ""inference_options"": {""max_tokens"": 1800, ""reasoning"": {""enabled"": false}, ""temperature"": 0.0}, ""model"": ""Qwen/Qwen3.5-9B"", ""prompt_template"": ""prompts/stim_paradigm_anova.md""}"
258,2,182,stim_and_mouse_summary,qwen3_5_9b,prompts/stim_paradigm_anova.md,0.75,stim_and_mouse_summary,1800,False,0.75,Qwen/Qwen3.5-9B,prompts/stim_paradigm_anova.md,"{""data_view"": ""stim_and_mouse_summary"", ""inference_options"": {""max_tokens"": 1800, ""reasoning"": {""enabled"": false}, ""temperature"": 0.75}, ""model"": ""Qwen/Qwen3.5-9B"", ""prompt_template"": ""prompts/stim_paradigm_anova.md""}"
64,1,183,summary_only,deepseek_v3_1,prompts/stim_paradigm_basic.md,0.5,summary_only,1800,False,0.5,deepseek-ai/DeepSeek-V3.1,prompts/stim_paradigm_basic.md,"{""data_view"": ""summary_only"", ""inference_options"": {""max_tokens"": 1800, ""reasoning"": {""enabled"": false}, ""temperature"": 0.5}, ""model"": ""deepseek-ai/DeepSeek-V3.1"", ""prompt_template"": ""prompts/stim_paradigm_basic.md""}"
212,2,184,stim_summary,deepseek_v3_1,prompts/stim_paradigm_anova.md,0.75,stim_summary,1800,False,0.75,deepseek-ai/DeepSeek-V3.1,prompts/stim_paradigm_anova.md,"{""data_view"": ""stim_summary"", ""inference_options"": {""max_tokens"": 1800, ""reasoning"": {""enabled"": false}, ""temperature"": 0.75}, ""model"": ""deepseek-ai/DeepSeek-V3.1"", ""prompt_template"": ""prompts/stim_paradigm_anova.md""}"
89,1,185,stim_summary,deepseek_v3_1,prompts/stim_paradigm_predictive.md,1.0,stim_summary,1800,False,1.0,deepseek-ai/DeepSeek-V3.1,prompts/stim_paradigm_predictive.md,"{""data_view"": ""stim_summary"", ""inference_options"": {""max_tokens"": 1800, ""reasoning"": {""enabled"": false}, ""temperature"": 1.0}, ""model"": ""deepseek-ai/DeepSeek-V3.1"", ""prompt_template"": ""prompts/stim_paradigm_predictive.md""}"
331,3,186,summary_only,deepseek_v3_1,prompts/stim_paradigm_predictive.md,0.25,summary_only,1800,False,0.25,deepseek-ai/DeepSeek-V3.1,prompts/stim_paradigm_predictive.md,"{""data_view"": ""summary_only"", ""inference_options"": {""max_tokens"": 1800, ""reasoning"": {""enabled"": false}, ""temperature"": 0.25}, ""model"": ""deepseek-ai/DeepSeek-V3.1"", ""prompt_template"": ""prompts/stim_paradigm_predictive.md""}"
305,3,187,stim_summary,kimi,prompts/stim_paradigm_predictive.md,0.75,stim_summary,1800,False,0.75,moonshotai/Kimi-K2.5,prompts/stim_paradigm_predictive.md,"{""data_view"": ""stim_summary"", ""inference_options"": {""max_tokens"": 1800, ""reasoning"": {""enabled"": false}, ""temperature"": 0.75}, ""model"": ""moonshotai/Kimi-K2.5"", ""prompt_template"": ""prompts/stim_paradigm_predictive.md""}"
308,3,188,stim_summary,kimi,prompts/stim_paradigm_basic.md,1.0,stim_summary,1800,False,1.0,moonshotai/Kimi-K2.5,prompts/stim_paradigm_basic.md,"{""data_view"": ""stim_summary"", ""inference_options"": {""max_tokens"": 1800, ""reasoning"": {""enabled"": false}, ""temperature"": 1.0}, ""model"": ""moonshotai/Kimi-K2.5"", ""prompt_template"": ""prompts/stim_paradigm_basic.md""}"
386,3,189,stim_summary,qwen3_5_9b,prompts/stim_paradigm_predictive.md,0.5,stim_summary,1800,False,0.5,Qwen/Qwen3.5-9B,prompts/stim_paradigm_predictive.md,"{""data_view"": ""stim_summary"", ""inference_options"": {""max_tokens"": 1800, ""reasoning"": {""enabled"": false}, ""temperature"": 0.5}, ""model"": ""Qwen/Qwen3.5-9B"", ""prompt_template"": ""prompts/stim_paradigm_predictive.md""}"
211,2,190,summary_only,deepseek_v3_1,prompts/stim_paradigm_anova.md,0.75,summary_only,1800,False,0.75,deepseek-ai/DeepSeek-V3.1,prompts/stim_paradigm_anova.md,"{""data_view"": ""summary_only"", ""inference_options"": {""max_tokens"": 1800, ""reasoning"": {""enabled"": false}, ""temperature"": 0.75}, ""model"": ""deepseek-ai/DeepSeek-V3.1"", ""prompt_template"": ""prompts/stim_paradigm_anova.md""}"
370,3,191,summary_only,qwen3_5_9b,prompts/stim_paradigm_basic.md,0.25,summary_only,1800,False,0.25,Qwen/Qwen3.5-9B,prompts/stim_paradigm_basic.md,"{""data_view"": ""summary_only"", ""inference_options"": {""max_tokens"": 1800, ""reasoning"": {""enabled"": false}, ""temperature"": 0.25}, ""model"": ""Qwen/Qwen3.5-9B"", ""prompt_template"": ""prompts/stim_paradigm_basic.md""}"
113,1,192,stim_summary,qwen3_5_9b,prompts/stim_paradigm_anova.md,0.5,stim_summary,1800,False,0.5,Qwen/Qwen3.5-9B,prompts/stim_paradigm_anova.md,"{""data_view"": ""stim_summary"", ""inference_options"": {""max_tokens"": 1800, ""reasoning"": {""enabled"": false}, ""temperature"": 0.5}, ""model"": ""Qwen/Qwen3.5-9B"", ""prompt_template"": ""prompts/stim_paradigm_anova.md""}"
188,2,193,stim_summary,deepseek_v3_1,prompts/stim_paradigm_predictive.md,0.0,stim_summary,1800,False,0.0,deepseek-ai/DeepSeek-V3.1,prompts/stim_paradigm_predictive.md,"{""data_view"": ""stim_summary"", ""inference_options"": {""max_tokens"": 1800, ""reasoning"": {""enabled"": false}, ""temperature"": 0.0}, ""model"": ""deepseek-ai/DeepSeek-V3.1"", ""prompt_template"": ""prompts/stim_paradigm_predictive.md""}"
381,3,194,stim_and_mouse_summary,qwen3_5_9b,prompts/stim_paradigm_basic.md,0.5,stim_and_mouse_summary,1800,False,0.5,Qwen/Qwen3.5-9B,prompts/stim_paradigm_basic.md,"{""data_view"": ""stim_and_mouse_summary"", ""inference_options"": {""max_tokens"": 1800, ""reasoning"": {""enabled"": false}, ""temperature"": 0.5}, ""model"": ""Qwen/Qwen3.5-9B"", ""prompt_template"": ""prompts/stim_paradigm_basic.md""}"
243,2,195,stim_and_mouse_summary,qwen3_5_9b,prompts/stim_paradigm_predictive.md,0.25,stim_and_mouse_summary,1800,False,0.25,Qwen/Qwen3.5-9B,prompts/stim_paradigm_predictive.md,"{""data_view"": ""stim_and_mouse_summary"", ""inference_options"": {""max_tokens"": 1800, ""reasoning"": {""enabled"": false}, ""temperature"": 0.25}, ""model"": ""Qwen/Qwen3.5-9B"", ""prompt_template"": ""prompts/stim_paradigm_predictive.md""}"
133,1,196,summary_only,qwen3_5_9b,prompts/stim_paradigm_predictive.md,1.0,summary_only,1800,False,1.0,Qwen/Qwen3.5-9B,prompts/stim_paradigm_predictive.md,"{""data_view"": ""summary_only"", ""inference_options"": {""max_tokens"": 1800, ""reasoning"": {""enabled"": false}, ""temperature"": 1.0}, ""model"": ""Qwen/Qwen3.5-9B"", ""prompt_template"": ""prompts/stim_paradigm_predictive.md""}"
2,1,197,stim_summary,kimi,prompts/stim_paradigm_basic.md,0.0,stim_summary,1800,False,0.0,moonshotai/Kimi-K2.5,prompts/stim_paradigm_basic.md,"{""data_view"": ""stim_summary"", ""inference_options"": {""max_tokens"": 1800, ""reasoning"": {""enabled"": false}, ""temperature"": 0.0}, ""model"": ""moonshotai/Kimi-K2.5"", ""prompt_template"": ""prompts/stim_paradigm_basic.md""}"
299,3,198,stim_summary,kimi,prompts/stim_paradigm_basic.md,0.75,stim_summary,1800,False,0.75,moonshotai/Kimi-K2.5,prompts/stim_paradigm_basic.md,"{""data_view"": ""stim_summary"", ""inference_options"": {""max_tokens"": 1800, ""reasoning"": {""enabled"": false}, ""temperature"": 0.75}, ""model"": ""moonshotai/Kimi-K2.5"", ""prompt_template"": ""prompts/stim_paradigm_basic.md""}"
98,1,199,stim_summary,qwen3_5_9b,prompts/stim_paradigm_predictive.md,0.0,stim_summary,1800,False,0.0,Qwen/Qwen3.5-9B,prompts/stim_paradigm_predictive.md,"{""data_view"": ""stim_summary"", ""inference_options"": {""max_tokens"": 1800, ""reasoning"": {""enabled"": false}, ""temperature"": 0.0}, ""model"": ""Qwen/Qwen3.5-9B"", ""prompt_template"": ""prompts/stim_paradigm_predictive.md""}"
27,1,200,stim_and_mouse_summary,kimi,prompts/stim_paradigm_predictive.md,0.5,stim_and_mouse_summary,1800,False,0.5,moonshotai/Kimi-K2.5,prompts/stim_paradigm_predictive.md,"{""data_view"": ""stim_and_mouse_summary"", ""inference_options"": {""max_tokens"": 1800, ""reasoning"": {""enabled"": false}, ""temperature"": 0.5}, ""model"": ""moonshotai/Kimi-K2.5"", ""prompt_template"": ""prompts/stim_paradigm_predictive.md""}"
128,1,201,stim_summary,qwen3_5_9b,prompts/stim_paradigm_basic.md,1.0,stim_summary,1800,False,1.0,Qwen/Qwen3.5-9B,prompts/stim_paradigm_basic.md,"{""data_view"": ""stim_summary"", ""inference_options"": {""max_tokens"": 1800, ""reasoning"": {""enabled"": false}, ""temperature"": 1.0}, ""model"": ""Qwen/Qwen3.5-9B"", ""prompt_template"": ""prompts/stim_paradigm_basic.md""}"
350,3,202,stim_summary,deepseek_v3_1,prompts/stim_paradigm_predictive.md,0.75,stim_summary,1800,False,0.75,deepseek-ai/DeepSeek-V3.1,prompts/stim_paradigm_predictive.md,"{""data_view"": ""stim_summary"", ""inference_options"": {""max_tokens"": 1800, ""reasoning"": {""enabled"": false}, ""temperature"": 0.75}, ""model"": ""deepseek-ai/DeepSeek-V3.1"", ""prompt_template"": ""prompts/stim_paradigm_predictive.md""}"
340,3,203,summary_only,deepseek_v3_1,prompts/stim_paradigm_predictive.md,0.5,summary_only,1800,False,0.5,deepseek-ai/DeepSeek-V3.1,prompts/stim_paradigm_predictive.md,"{""data_view"": ""summary_only"", ""inference_options"": {""max_tokens"": 1800, ""reasoning"": {""enabled"": false}, ""temperature"": 0.5}, ""model"": ""deepseek-ai/DeepSeek-V3.1"", ""prompt_template"": ""prompts/stim_paradigm_predictive.md""}"
339,3,204,stim_and_mouse_summary,deepseek_v3_1,prompts/stim_paradigm_anova.md,0.5,stim_and_mouse_summary,1800,False,0.5,deepseek-ai/DeepSeek-V3.1,prompts/stim_paradigm_anova.md,"{""data_view"": ""stim_and_mouse_summary"", ""inference_options"": {""max_tokens"": 1800, ""reasoning"": {""enabled"": false}, ""temperature"": 0.5}, ""model"": ""deepseek-ai/DeepSeek-V3.1"", ""prompt_template"": ""prompts/stim_paradigm_anova.md""}"
36,1,205,stim_and_mouse_summary,kimi,prompts/stim_paradigm_predictive.md,0.75,stim_and_mouse_summary,1800,False,0.75,moonshotai/Kimi-K2.5,prompts/stim_paradigm_predictive.md,"{""data_view"": ""stim_and_mouse_summary"", ""inference_options"": {""max_tokens"": 1800, ""reasoning"": {""enabled"": false}, ""temperature"": 0.75}, ""model"": ""moonshotai/Kimi-K2.5"", ""prompt_template"": ""prompts/stim_paradigm_predictive.md""}"
62,1,206,stim_summary,deepseek_v3_1,prompts/stim_paradigm_predictive.md,0.25,stim_summary,1800,False,0.25,deepseek-ai/DeepSeek-V3.1,prompts/stim_paradigm_predictive.md,"{""data_view"": ""stim_summary"", ""inference_options"": {""max_tokens"": 1800, ""reasoning"": {""enabled"": false}, ""temperature"": 0.25}, ""model"": ""deepseek-ai/DeepSeek-V3.1"", ""prompt_template"": ""prompts/stim_paradigm_predictive.md""}"
333,3,207,stim_and_mouse_summary,deepseek_v3_1,prompts/stim_paradigm_predictive.md,0.25,stim_and_mouse_summary,1800,False,0.25,deepseek-ai/DeepSeek-V3.1,prompts/stim_paradigm_predictive.md,"{""data_view"": ""stim_and_mouse_summary"", ""inference_options"": {""max_tokens"": 1800, ""reasoning"": {""enabled"": false}, ""temperature"": 0.25}, ""model"": ""deepseek-ai/DeepSeek-V3.1"", ""prompt_template"": ""prompts/stim_paradigm_predictive.md""}"
284,3,208,stim_summary,kimi,prompts/stim_paradigm_anova.md,0.25,stim_summary,1800,False,0.25,moonshotai/Kimi-K2.5,prompts/stim_paradigm_anova.md,"{""data_view"": ""stim_summary"", ""inference_options"": {""max_tokens"": 1800, ""reasoning"": {""enabled"": false}, ""temperature"": 0.25}, ""model"": ""moonshotai/Kimi-K2.5"", ""prompt_template"": ""prompts/stim_paradigm_anova.md""}"
338,3,209,stim_summary,deepseek_v3_1,prompts/stim_paradigm_anova.md,0.5,stim_summary,1800,False,0.5,deepseek-ai/DeepSeek-V3.1,prompts/stim_paradigm_anova.md,"{""data_view"": ""stim_summary"", ""inference_options"": {""max_tokens"": 1800, ""reasoning"": {""enabled"": false}, ""temperature"": 0.5}, ""model"": ""deepseek-ai/DeepSeek-V3.1"", ""prompt_template"": ""prompts/stim_paradigm_anova.md""}"
94,1,210,summary_only,qwen3_5_9b,prompts/stim_paradigm_anova.md,0.0,summary_only,1800,False,0.0,Qwen/Qwen3.5-9B,prompts/stim_paradigm_anova.md,"{""data_view"": ""summary_only"", ""inference_options"": {""max_tokens"": 1800, ""reasoning"": {""enabled"": false}, ""temperature"": 0.0}, ""model"": ""Qwen/Qwen3.5-9B"", ""prompt_template"": ""prompts/stim_paradigm_anova.md""}"
246,2,211,stim_and_mouse_summary,qwen3_5_9b,prompts/stim_paradigm_basic.md,0.5,stim_and_mouse_summary,1800,False,0.5,Qwen/Qwen3.5-9B,prompts/stim_paradigm_basic.md,"{""data_view"": ""stim_and_mouse_summary"", ""inference_options"": {""max_tokens"": 1800, ""reasoning"": {""enabled"": false}, ""temperature"": 0.5}, ""model"": ""Qwen/Qwen3.5-9B"", ""prompt_template"": ""prompts/stim_paradigm_basic.md""}"
278,3,212,stim_summary,kimi,prompts/stim_paradigm_predictive.md,0.0,stim_summary,1800,False,0.0,moonshotai/Kimi-K2.5,prompts/stim_paradigm_predictive.md,"{""data_view"": ""stim_summary"", ""inference_options"": {""max_tokens"": 1800, ""reasoning"": {""enabled"": false}, ""temperature"": 0.0}, ""model"": ""moonshotai/Kimi-K2.5"", ""prompt_template"": ""prompts/stim_paradigm_predictive.md""}"
141,2,213,stim_and_mouse_summary,kimi,prompts/stim_paradigm_anova.md,0.0,stim_and_mouse_summary,1800,False,0.0,moonshotai/Kimi-K2.5,prompts/stim_paradigm_anova.md,"{""data_view"": ""stim_and_mouse_summary"", ""inference_options"": {""max_tokens"": 1800, ""reasoning"": {""enabled"": false}, ""temperature"": 0.0}, ""model"": ""moonshotai/Kimi-K2.5"", ""prompt_template"": ""prompts/stim_paradigm_anova.md""}"
122,1,214,stim_summary,qwen3_5_9b,prompts/stim_paradigm_anova.md,0.75,stim_summary,1800,False,0.75,Qwen/Qwen3.5-9B,prompts/stim_paradigm_anova.md,"{""data_view"": ""stim_summary"", ""inference_options"": {""max_tokens"": 1800, ""reasoning"": {""enabled"": false}, ""temperature"": 0.75}, ""model"": ""Qwen/Qwen3.5-9B"", ""prompt_template"": ""prompts/stim_paradigm_anova.md""}"
8,1,215,stim_summary,kimi,prompts/stim_paradigm_predictive.md,0.0,stim_summary,1800,False,0.0,moonshotai/Kimi-K2.5,prompts/stim_paradigm_predictive.md,"{""data_view"": ""stim_summary"", ""inference_options"": {""max_tokens"": 1800, ""reasoning"": {""enabled"": false}, ""temperature"": 0.0}, ""model"": ""moonshotai/Kimi-K2.5"", ""prompt_template"": ""prompts/stim_paradigm_predictive.md""}"
26,1,216,stim_summary,kimi,prompts/stim_paradigm_predictive.md,0.5,stim_summary,1800,False,0.5,moonshotai/Kimi-K2.5,prompts/stim_paradigm_predictive.md,"{""data_view"": ""stim_summary"", ""inference_options"": {""max_tokens"": 1800, ""reasoning"": {""enabled"": false}, ""temperature"": 0.5}, ""model"": ""moonshotai/Kimi-K2.5"", ""prompt_template"": ""prompts/stim_paradigm_predictive.md""}"
18,1,217,stim_and_mouse_summary,kimi,prompts/stim_paradigm_predictive.md,0.25,stim_and_mouse_summary,1800,False,0.25,moonshotai/Kimi-K2.5,prompts/stim_paradigm_predictive.md,"{""data_view"": ""stim_and_mouse_summary"", ""inference_options"": {""max_tokens"": 1800, ""reasoning"": {""enabled"": false}, ""temperature"": 0.25}, ""model"": ""moonshotai/Kimi-K2.5"", ""prompt_template"": ""prompts/stim_paradigm_predictive.md""}"
237,2,218,stim_and_mouse_summary,qwen3_5_9b,prompts/stim_paradigm_basic.md,0.25,stim_and_mouse_summary,1800,False,0.25,Qwen/Qwen3.5-9B,prompts/stim_paradigm_basic.md,"{""data_view"": ""stim_and_mouse_summary"", ""inference_options"": {""max_tokens"": 1800, ""reasoning"": {""enabled"": false}, ""temperature"": 0.25}, ""model"": ""Qwen/Qwen3.5-9B"", ""prompt_template"": ""prompts/stim_paradigm_basic.md""}"
136,2,219,summary_only,kimi,prompts/stim_paradigm_basic.md,0.0,summary_only,1800,False,0.0,moonshotai/Kimi-K2.5,prompts/stim_paradigm_basic.md,"{""data_view"": ""summary_only"", ""inference_options"": {""max_tokens"": 1800, ""reasoning"": {""enabled"": false}, ""temperature"": 0.0}, ""model"": ""moonshotai/Kimi-K2.5"", ""prompt_template"": ""prompts/stim_paradigm_basic.md""}"
286,3,220,summary_only,kimi,prompts/stim_paradigm_predictive.md,0.25,summary_only,1800,False,0.25,moonshotai/Kimi-K2.5,prompts/stim_paradigm_predictive.md,"{""data_view"": ""summary_only"", ""inference_options"": {""max_tokens"": 1800, ""reasoning"": {""enabled"": false}, ""temperature"": 0.25}, ""model"": ""moonshotai/Kimi-K2.5"", ""prompt_template"": ""prompts/stim_paradigm_predictive.md""}"
295,3,221,summary_only,kimi,prompts/stim_paradigm_predictive.md,0.5,summary_only,1800,False,0.5,moonshotai/Kimi-K2.5,prompts/stim_paradigm_predictive.md,"{""data_view"": ""summary_only"", ""inference_options"": {""max_tokens"": 1800, ""reasoning"": {""enabled"": false}, ""temperature"": 0.5}, ""model"": ""moonshotai/Kimi-K2.5"", ""prompt_template"": ""prompts/stim_paradigm_predictive.md""}"
3,1,222,stim_and_mouse_summary,kimi,prompts/stim_paradigm_basic.md,0.0,stim_and_mouse_summary,1800,False,0.0,moonshotai/Kimi-K2.5,prompts/stim_paradigm_basic.md,"{""data_view"": ""stim_and_mouse_summary"", ""inference_options"": {""max_tokens"": 1800, ""reasoning"": {""enabled"": false}, ""temperature"": 0.0}, ""model"": ""moonshotai/Kimi-K2.5"", ""prompt_template"": ""prompts/stim_paradigm_basic.md""}"
375,3,223,stim_and_mouse_summary,qwen3_5_9b,prompts/stim_paradigm_anova.md,0.25,stim_and_mouse_summary,1800,False,0.25,Qwen/Qwen3.5-9B,prompts/stim_paradigm_anova.md,"{""data_view"": ""stim_and_mouse_summary"", ""inference_options"": {""max_tokens"": 1800, ""reasoning"": {""enabled"": false}, ""temperature"": 0.25}, ""model"": ""Qwen/Qwen3.5-9B"", ""prompt_template"": ""prompts/stim_paradigm_anova.md""}"
227,2,224,stim_summary,qwen3_5_9b,prompts/stim_paradigm_basic.md,0.0,stim_summary,1800,False,0.0,Qwen/Qwen3.5-9B,prompts/stim_paradigm_basic.md,"{""data_view"": ""stim_summary"", ""inference_options"": {""max_tokens"": 1800, ""reasoning"": {""enabled"": false}, ""temperature"": 0.0}, ""model"": ""Qwen/Qwen3.5-9B"", ""prompt_template"": ""prompts/stim_paradigm_basic.md""}"
233,2,225,stim_summary,qwen3_5_9b,prompts/stim_paradigm_predictive.md,0.0,stim_summary,1800,False,0.0,Qwen/Qwen3.5-9B,prompts/stim_paradigm_predictive.md,"{""data_view"": ""stim_summary"", ""inference_options"": {""max_tokens"": 1800, ""reasoning"": {""enabled"": false}, ""temperature"": 0.0}, ""model"": ""Qwen/Qwen3.5-9B"", ""prompt_template"": ""prompts/stim_paradigm_predictive.md""}"
342,3,226,stim_and_mouse_summary,deepseek_v3_1,prompts/stim_paradigm_predictive.md,0.5,stim_and_mouse_summary,1800,False,0.5,deepseek-ai/DeepSeek-V3.1,prompts/stim_paradigm_predictive.md,"{""data_view"": ""stim_and_mouse_summary"", ""inference_options"": {""max_tokens"": 1800, ""reasoning"": {""enabled"": false}, ""temperature"": 0.5}, ""model"": ""deepseek-ai/DeepSeek-V3.1"", ""prompt_template"": ""prompts/stim_paradigm_predictive.md""}"
9,1,227,stim_and_mouse_summary,kimi,prompts/stim_paradigm_predictive.md,0.0,stim_and_mouse_summary,1800,False,0.0,moonshotai/Kimi-K2.5,prompts/stim_paradigm_predictive.md,"{""data_view"": ""stim_and_mouse_summary"", ""inference_options"": {""max_tokens"": 1800, ""reasoning"": {""enabled"": false}, ""temperature"": 0.0}, ""model"": ""moonshotai/Kimi-K2.5"", ""prompt_template"": ""prompts/stim_paradigm_predictive.md""}"
55,1,228,summary_only,deepseek_v3_1,prompts/stim_paradigm_basic.md,0.25,summary_only,1800,False,0.25,deepseek-ai/DeepSeek-V3.1,prompts/stim_paradigm_basic.md,"{""data_view"": ""summary_only"", ""inference_options"": {""max_tokens"": 1800, ""reasoning"": {""enabled"": false}, ""temperature"": 0.25}, ""model"": ""deepseek-ai/DeepSeek-V3.1"", ""prompt_template"": ""prompts/stim_paradigm_basic.md""}"
206,2,229,stim_summary,deepseek_v3_1,prompts/stim_paradigm_predictive.md,0.5,stim_summary,1800,False,0.5,deepseek-ai/DeepSeek-V3.1,prompts/stim_paradigm_predictive.md,"{""data_view"": ""stim_summary"", ""inference_options"": {""max_tokens"": 1800, ""reasoning"": {""enabled"": false}, ""temperature"": 0.5}, ""model"": ""deepseek-ai/DeepSeek-V3.1"", ""prompt_template"": ""prompts/stim_paradigm_predictive.md""}"
302,3,230,stim_summary,kimi,prompts/stim_paradigm_anova.md,0.75,stim_summary,1800,False,0.75,moonshotai/Kimi-K2.5,prompts/stim_paradigm_anova.md,"{""data_view"": ""stim_summary"", ""inference_options"": {""max_tokens"": 1800, ""reasoning"": {""enabled"": false}, ""temperature"": 0.75}, ""model"": ""moonshotai/Kimi-K2.5"", ""prompt_template"": ""prompts/stim_paradigm_anova.md""}"
205,2,231,summary_only,deepseek_v3_1,prompts/stim_paradigm_predictive.md,0.5,summary_only,1800,False,0.5,deepseek-ai/DeepSeek-V3.1,prompts/stim_paradigm_predictive.md,"{""data_view"": ""summary_only"", ""inference_options"": {""max_tokens"": 1800, ""reasoning"": {""enabled"": false}, ""temperature"": 0.5}, ""model"": ""deepseek-ai/DeepSeek-V3.1"", ""prompt_template"": ""prompts/stim_paradigm_predictive.md""}"
287,3,232,stim_summary,kimi,prompts/stim_paradigm_predictive.md,0.25,stim_summary,1800,False,0.25,moonshotai/Kimi-K2.5,prompts/stim_paradigm_predictive.md,"{""data_view"": ""stim_summary"", ""inference_options"": {""max_tokens"": 1800, ""reasoning"": {""enabled"": false}, ""temperature"": 0.25}, ""model"": ""moonshotai/Kimi-K2.5"", ""prompt_template"": ""prompts/stim_paradigm_predictive.md""}"
318,3,233,stim_and_mouse_summary,deepseek_v3_1,prompts/stim_paradigm_basic.md,0.0,stim_and_mouse_summary,1800,False,0.0,deepseek-ai/DeepSeek-V3.1,prompts/stim_paradigm_basic.md,"{""data_view"": ""stim_and_mouse_summary"", ""inference_options"": {""max_tokens"": 1800, ""reasoning"": {""enabled"": false}, ""temperature"": 0.0}, ""model"": ""deepseek-ai/DeepSeek-V3.1"", ""prompt_template"": ""prompts/stim_paradigm_basic.md""}"
343,3,234,summary_only,deepseek_v3_1,prompts/stim_paradigm_basic.md,0.75,summary_only,1800,False,0.75,deepseek-ai/DeepSeek-V3.1,prompts/stim_paradigm_basic.md,"{""data_view"": ""summary_only"", ""inference_options"": {""max_tokens"": 1800, ""reasoning"": {""enabled"": false}, ""temperature"": 0.75}, ""model"": ""deepseek-ai/DeepSeek-V3.1"", ""prompt_template"": ""prompts/stim_paradigm_basic.md""}"
404,3,235,stim_summary,qwen3_5_9b,prompts/stim_paradigm_predictive.md,1.0,stim_summary,1800,False,1.0,Qwen/Qwen3.5-9B,prompts/stim_paradigm_predictive.md,"{""data_view"": ""stim_summary"", ""inference_options"": {""max_tokens"": 1800, ""reasoning"": {""enabled"": false}, ""temperature"": 1.0}, ""model"": ""Qwen/Qwen3.5-9B"", ""prompt_template"": ""prompts/stim_paradigm_predictive.md""}"
374,3,236,stim_summary,qwen3_5_9b,prompts/stim_paradigm_anova.md,0.25,stim_summary,1800,False,0.25,Qwen/Qwen3.5-9B,prompts/stim_paradigm_anova.md,"{""data_view"": ""stim_summary"", ""inference_options"": {""max_tokens"": 1800, ""reasoning"": {""enabled"": false}, ""temperature"": 0.25}, ""model"": ""Qwen/Qwen3.5-9B"", ""prompt_template"": ""prompts/stim_paradigm_anova.md""}"
215,2,237,stim_summary,deepseek_v3_1,prompts/stim_paradigm_predictive.md,0.75,stim_summary,1800,False,0.75,deepseek-ai/DeepSeek-V3.1,prompts/stim_paradigm_predictive.md,"{""data_view"": ""stim_summary"", ""inference_options"": {""max_tokens"": 1800, ""reasoning"": {""enabled"": false}, ""temperature"": 0.75}, ""model"": ""deepseek-ai/DeepSeek-V3.1"", ""prompt_template"": ""prompts/stim_paradigm_predictive.md""}"
127,1,238,summary_only,qwen3_5_9b,prompts/stim_paradigm_basic.md,1.0,summary_only,1800,False,1.0,Qwen/Qwen3.5-9B,prompts/stim_paradigm_basic.md,"{""data_view"": ""summary_only"", ""inference_options"": {""max_tokens"": 1800, ""reasoning"": {""enabled"": false}, ""temperature"": 1.0}, ""model"": ""Qwen/Qwen3.5-9B"", ""prompt_template"": ""prompts/stim_paradigm_basic.md""}"
82,1,239,summary_only,deepseek_v3_1,prompts/stim_paradigm_basic.md,1.0,summary_only,1800,False,1.0,deepseek-ai/DeepSeek-V3.1,prompts/stim_paradigm_basic.md,"{""data_view"": ""summary_only"", ""inference_options"": {""max_tokens"": 1800, ""reasoning"": {""enabled"": false}, ""temperature"": 1.0}, ""model"": ""deepseek-ai/DeepSeek-V3.1"", ""prompt_template"": ""prompts/stim_paradigm_basic.md""}"
76,1,240,summary_only,deepseek_v3_1,prompts/stim_paradigm_anova.md,0.75,summary_only,1800,False,0.75,deepseek-ai/DeepSeek-V3.1,prompts/stim_paradigm_anova.md,"{""data_view"": ""summary_only"", ""inference_options"": {""max_tokens"": 1800, ""reasoning"": {""enabled"": false}, ""temperature"": 0.75}, ""model"": ""deepseek-ai/DeepSeek-V3.1"", ""prompt_template"": ""prompts/stim_paradigm_anova.md""}"
115,1,241,summary_only,qwen3_5_9b,prompts/stim_paradigm_predictive.md,0.5,summary_only,1800,False,0.5,Qwen/Qwen3.5-9B,prompts/stim_paradigm_predictive.md,"{""data_view"": ""summary_only"", ""inference_options"": {""max_tokens"": 1800, ""reasoning"": {""enabled"": false}, ""temperature"": 0.5}, ""model"": ""Qwen/Qwen3.5-9B"", ""prompt_template"": ""prompts/stim_paradigm_predictive.md""}"
382,3,242,summary_only,qwen3_5_9b,prompts/stim_paradigm_anova.md,0.5,summary_only,1800,False,0.5,Qwen/Qwen3.5-9B,prompts/stim_paradigm_anova.md,"{""data_view"": ""summary_only"", ""inference_options"": {""max_tokens"": 1800, ""reasoning"": {""enabled"": false}, ""temperature"": 0.5}, ""model"": ""Qwen/Qwen3.5-9B"", ""prompt_template"": ""prompts/stim_paradigm_anova.md""}"
335,3,243,stim_summary,deepseek_v3_1,prompts/stim_paradigm_basic.md,0.5,stim_summary,1800,False,0.5,deepseek-ai/DeepSeek-V3.1,prompts/stim_paradigm_basic.md,"{""data_view"": ""stim_summary"", ""inference_options"": {""max_tokens"": 1800, ""reasoning"": {""enabled"": false}, ""temperature"": 0.5}, ""model"": ""deepseek-ai/DeepSeek-V3.1"", ""prompt_template"": ""prompts/stim_paradigm_basic.md""}"
304,3,244,summary_only,kimi,prompts/stim_paradigm_predictive.md,0.75,summary_only,1800,False,0.75,moonshotai/Kimi-K2.5,prompts/stim_paradigm_predictive.md,"{""data_view"": ""summary_only"", ""inference_options"": {""max_tokens"": 1800, ""reasoning"": {""enabled"": false}, ""temperature"": 0.75}, ""model"": ""moonshotai/Kimi-K2.5"", ""prompt_template"": ""prompts/stim_paradigm_predictive.md""}"
70,1,245,summary_only,deepseek_v3_1,prompts/stim_paradigm_predictive.md,0.5,summary_only,1800,False,0.5,deepseek-ai/DeepSeek-V3.1,prompts/stim_paradigm_predictive.md,"{""data_view"": ""summary_only"", ""inference_options"": {""max_tokens"": 1800, ""reasoning"": {""enabled"": false}, ""temperature"": 0.5}, ""model"": ""deepseek-ai/DeepSeek-V3.1"", ""prompt_template"": ""prompts/stim_paradigm_predictive.md""}"
352,3,246,summary_only,deepseek_v3_1,prompts/stim_paradigm_basic.md,1.0,summary_only,1800,False,1.0,deepseek-ai/DeepSeek-V3.1,prompts/stim_paradigm_basic.md,"{""data_view"": ""summary_only"", ""inference_options"": {""max_tokens"": 1800, ""reasoning"": {""enabled"": false}, ""temperature"": 1.0}, ""model"": ""deepseek-ai/DeepSeek-V3.1"", ""prompt_template"": ""prompts/stim_paradigm_basic.md""}"
380,3,247,stim_summary,qwen3_5_9b,prompts/stim_paradigm_basic.md,0.5,stim_summary,1800,False,0.5,Qwen/Qwen3.5-9B,prompts/stim_paradigm_basic.md,"{""data_view"": ""stim_summary"", ""inference_options"": {""max_tokens"": 1800, ""reasoning"": {""enabled"": false}, ""temperature"": 0.5}, ""model"": ""Qwen/Qwen3.5-9B"", ""prompt_template"": ""prompts/stim_paradigm_basic.md""}"
87,1,248,stim_and_mouse_summary,deepseek_v3_1,prompts/stim_paradigm_anova.md,1.0,stim_and_mouse_summary,1800,False,1.0,deepseek-ai/DeepSeek-V3.1,prompts/stim_paradigm_anova.md,"{""data_view"": ""stim_and_mouse_summary"", ""inference_options"": {""max_tokens"": 1800, ""reasoning"": {""enabled"": false}, ""temperature"": 1.0}, ""model"": ""deepseek-ai/DeepSeek-V3.1"", ""prompt_template"": ""prompts/stim_paradigm_anova.md""}"
69,1,249,stim_and_mouse_summary,deepseek_v3_1,prompts/stim_paradigm_anova.md,0.5,stim_and_mouse_summary,1800,False,0.5,deepseek-ai/DeepSeek-V3.1,prompts/stim_paradigm_anova.md,"{""data_view"": ""stim_and_mouse_summary"", ""inference_options"": {""max_tokens"": 1800, ""reasoning"": {""enabled"": false}, ""temperature"": 0.5}, ""model"": ""deepseek-ai/DeepSeek-V3.1"", ""prompt_template"": ""prompts/stim_paradigm_anova.md""}"
249,2,250,stim_and_mouse_summary,qwen3_5_9b,prompts/stim_paradigm_anova.md,0.5,stim_and_mouse_summary,1800,False,0.5,Qwen/Qwen3.5-9B,prompts/stim_paradigm_anova.md,"{""data_view"": ""stim_and_mouse_summary"", ""inference_options"": {""max_tokens"": 1800, ""reasoning"": {""enabled"": false}, ""temperature"": 0.5}, ""model"": ""Qwen/Qwen3.5-9B"", ""prompt_template"": ""prompts/stim_paradigm_anova.md""}"
279,3,251,stim_and_mouse_summary,kimi,prompts/stim_paradigm_predictive.md,0.0,stim_and_mouse_summary,1800,False,0.0,moonshotai/Kimi-K2.5,prompts/stim_paradigm_predictive.md,"{""data_view"": ""stim_and_mouse_summary"", ""inference_options"": {""max_tokens"": 1800, ""reasoning"": {""enabled"": false}, ""temperature"": 0.0}, ""model"": ""moonshotai/Kimi-K2.5"", ""prompt_template"": ""prompts/stim_paradigm_predictive.md""}"
274,3,252,summary_only,kimi,prompts/stim_paradigm_anova.md,0.0,summary_only,1800,False,0.0,moonshotai/Kimi-K2.5,prompts/stim_paradigm_anova.md,"{""data_view"": ""summary_only"", ""inference_options"": {""max_tokens"": 1800, ""reasoning"": {""enabled"": false}, ""temperature"": 0.0}, ""model"": ""moonshotai/Kimi-K2.5"", ""prompt_template"": ""prompts/stim_paradigm_anova.md""}"
364,3,253,summary_only,qwen3_5_9b,prompts/stim_paradigm_anova.md,0.0,summary_only,1800,False,0.0,Qwen/Qwen3.5-9B,prompts/stim_paradigm_anova.md,"{""data_view"": ""summary_only"", ""inference_options"": {""max_tokens"": 1800, ""reasoning"": {""enabled"": false}, ""temperature"": 0.0}, ""model"": ""Qwen/Qwen3.5-9B"", ""prompt_template"": ""prompts/stim_paradigm_anova.md""}"
315,3,254,stim_and_mouse_summary,kimi,prompts/stim_paradigm_predictive.md,1.0,stim_and_mouse_summary,1800,False,1.0,moonshotai/Kimi-K2.5,prompts/stim_paradigm_predictive.md,"{""data_view"": ""stim_and_mouse_summary"", ""inference_options"": {""max_tokens"": 1800, ""reasoning"": {""enabled"": false}, ""temperature"": 1.0}, ""model"": ""moonshotai/Kimi-K2.5"", ""prompt_template"": ""prompts/stim_paradigm_predictive.md""}"
93,1,255,stim_and_mouse_summary,qwen3_5_9b,prompts/stim_paradigm_basic.md,0.0,stim_and_mouse_summary,1800,False,0.0,Qwen/Qwen3.5-9B,prompts/stim_paradigm_basic.md,"{""data_view"": ""stim_and_mouse_summary"", ""inference_options"": {""max_tokens"": 1800, ""reasoning"": {""enabled"": false}, ""temperature"": 0.0}, ""model"": ""Qwen/Qwen3.5-9B"", ""prompt_template"": ""prompts/stim_paradigm_basic.md""}"
314,3,256,stim_summary,kimi,prompts/stim_paradigm_predictive.md,1.0,stim_summary,1800,False,1.0,moonshotai/Kimi-K2.5,prompts/stim_paradigm_predictive.md,"{""data_view"": ""stim_summary"", ""inference_options"": {""max_tokens"": 1800, ""reasoning"": {""enabled"": false}, ""temperature"": 1.0}, ""model"": ""moonshotai/Kimi-K2.5"", ""prompt_template"": ""prompts/stim_paradigm_predictive.md""}"
247,2,257,summary_only,qwen3_5_9b,prompts/stim_paradigm_anova.md,0.5,summary_only,1800,False,0.5,Qwen/Qwen3.5-9B,prompts/stim_paradigm_anova.md,"{""data_view"": ""summary_only"", ""inference_options"": {""max_tokens"": 1800, ""reasoning"": {""enabled"": false}, ""temperature"": 0.5}, ""model"": ""Qwen/Qwen3.5-9B"", ""prompt_template"": ""prompts/stim_paradigm_anova.md""}"
37,1,258,summary_only,kimi,prompts/stim_paradigm_basic.md,1.0,summary_only,1800,False,1.0,moonshotai/Kimi-K2.5,prompts/stim_paradigm_basic.md,"{""data_view"": ""summary_only"", ""inference_options"": {""max_tokens"": 1800, ""reasoning"": {""enabled"": false}, ""temperature"": 1.0}, ""model"": ""moonshotai/Kimi-K2.5"", ""prompt_template"": ""prompts/stim_paradigm_basic.md""}"
44,1,259,stim_summary,kimi,prompts/stim_paradigm_predictive.md,1.0,stim_summary,1800,False,1.0,moonshotai/Kimi-K2.5,prompts/stim_paradigm_predictive.md,"{""data_view"": ""stim_summary"", ""inference_options"": {""max_tokens"": 1800, ""reasoning"": {""enabled"": false}, ""temperature"": 1.0}, ""model"": ""moonshotai/Kimi-K2.5"", ""prompt_template"": ""prompts/stim_paradigm_predictive.md""}"
185,2,260,stim_summary,deepseek_v3_1,prompts/stim_paradigm_anova.md,0.0,stim_summary,1800,False,0.0,deepseek-ai/DeepSeek-V3.1,prompts/stim_paradigm_anova.md,"{""data_view"": ""stim_summary"", ""inference_options"": {""max_tokens"": 1800, ""reasoning"": {""enabled"": false}, ""temperature"": 0.0}, ""model"": ""deepseek-ai/DeepSeek-V3.1"", ""prompt_template"": ""prompts/stim_paradigm_anova.md""}"
231,2,261,stim_and_mouse_summary,qwen3_5_9b,prompts/stim_paradigm_anova.md,0.0,stim_and_mouse_summary,1800,False,0.0,Qwen/Qwen3.5-9B,prompts/stim_paradigm_anova.md,"{""data_view"": ""stim_and_mouse_summary"", ""inference_options"": {""max_tokens"": 1800, ""reasoning"": {""enabled"": false}, ""temperature"": 0.0}, ""model"": ""Qwen/Qwen3.5-9B"", ""prompt_template"": ""prompts/stim_paradigm_anova.md""}"
138,2,262,stim_and_mouse_summary,kimi,prompts/stim_paradigm_basic.md,0.0,stim_and_mouse_summary,1800,False,0.0,moonshotai/Kimi-K2.5,prompts/stim_paradigm_basic.md,"{""data_view"": ""stim_and_mouse_summary"", ""inference_options"": {""max_tokens"": 1800, ""reasoning"": {""enabled"": false}, ""temperature"": 0.0}, ""model"": ""moonshotai/Kimi-K2.5"", ""prompt_template"": ""prompts/stim_paradigm_basic.md""}"
118,1,263,summary_only,qwen3_5_9b,prompts/stim_paradigm_basic.md,0.75,summary_only,1800,False,0.75,Qwen/Qwen3.5-9B,prompts/stim_paradigm_basic.md,"{""data_view"": ""summary_only"", ""inference_options"": {""max_tokens"": 1800, ""reasoning"": {""enabled"": false}, ""temperature"": 0.75}, ""model"": ""Qwen/Qwen3.5-9B"", ""prompt_template"": ""prompts/stim_paradigm_basic.md""}"
67,1,264,summary_only,deepseek_v3_1,prompts/stim_paradigm_anova.md,0.5,summary_only,1800,False,0.5,deepseek-ai/DeepSeek-V3.1,prompts/stim_paradigm_anova.md,"{""data_view"": ""summary_only"", ""inference_options"": {""max_tokens"": 1800, ""reasoning"": {""enabled"": false}, ""temperature"": 0.5}, ""model"": ""deepseek-ai/DeepSeek-V3.1"", ""prompt_template"": ""prompts/stim_paradigm_anova.md""}"
312,3,265,stim_and_mouse_summary,kimi,prompts/stim_paradigm_anova.md,1.0,stim_and_mouse_summary,1800,False,1.0,moonshotai/Kimi-K2.5,prompts/stim_paradigm_anova.md,"{""data_view"": ""stim_and_mouse_summary"", ""inference_options"": {""max_tokens"": 1800, ""reasoning"": {""enabled"": false}, ""temperature"": 1.0}, ""model"": ""moonshotai/Kimi-K2.5"", ""prompt_template"": ""prompts/stim_paradigm_anova.md""}"
12,1,266,stim_and_mouse_summary,kimi,prompts/stim_paradigm_basic.md,0.25,stim_and_mouse_summary,1800,False,0.25,moonshotai/Kimi-K2.5,prompts/stim_paradigm_basic.md,"{""data_view"": ""stim_and_mouse_summary"", ""inference_options"": {""max_tokens"": 1800, ""reasoning"": {""enabled"": false}, ""temperature"": 0.25}, ""model"": ""moonshotai/Kimi-K2.5"", ""prompt_template"": ""prompts/stim_paradigm_basic.md""}"
283,3,267,summary_only,kimi,prompts/stim_paradigm_anova.md,0.25,summary_only,1800,False,0.25,moonshotai/Kimi-K2.5,prompts/stim_paradigm_anova.md,"{""data_view"": ""summary_only"", ""inference_options"": {""max_tokens"": 1800, ""reasoning"": {""enabled"": false}, ""temperature"": 0.25}, ""model"": ""moonshotai/Kimi-K2.5"", ""prompt_template"": ""prompts/stim_paradigm_anova.md""}"
158,2,268,stim_summary,kimi,prompts/stim_paradigm_anova.md,0.5,stim_summary,1800,False,0.5,moonshotai/Kimi-K2.5,prompts/stim_paradigm_anova.md,"{""data_view"": ""stim_summary"", ""inference_options"": {""max_tokens"": 1800, ""reasoning"": {""enabled"": false}, ""temperature"": 0.5}, ""model"": ""moonshotai/Kimi-K2.5"", ""prompt_template"": ""prompts/stim_paradigm_anova.md""}"
367,3,269,summary_only,qwen3_5_9b,prompts/stim_paradigm_predictive.md,0.0,summary_only,1800,False,0.0,Qwen/Qwen3.5-9B,prompts/stim_paradigm_predictive.md,"{""data_view"": ""summary_only"", ""inference_options"": {""max_tokens"": 1800, ""reasoning"": {""enabled"": false}, ""temperature"": 0.0}, ""model"": ""Qwen/Qwen3.5-9B"", ""prompt_template"": ""prompts/stim_paradigm_predictive.md""}"
17,1,270,stim_summary,kimi,prompts/stim_paradigm_predictive.md,0.25,stim_summary,1800,False,0.25,moonshotai/Kimi-K2.5,prompts/stim_paradigm_predictive.md,"{""data_view"": ""stim_summary"", ""inference_options"": {""max_tokens"": 1800, ""reasoning"": {""enabled"": false}, ""temperature"": 0.25}, ""model"": ""moonshotai/Kimi-K2.5"", ""prompt_template"": ""prompts/stim_paradigm_predictive.md""}"
48,1,271,stim_and_mouse_summary,deepseek_v3_1,prompts/stim_paradigm_basic.md,0.0,stim_and_mouse_summary,1800,False,0.0,deepseek-ai/DeepSeek-V3.1,prompts/stim_paradigm_basic.md,"{""data_view"": ""stim_and_mouse_summary"", ""inference_options"": {""max_tokens"": 1800, ""reasoning"": {""enabled"": false}, ""temperature"": 0.0}, ""model"": ""deepseek-ai/DeepSeek-V3.1"", ""prompt_template"": ""prompts/stim_paradigm_basic.md""}"
384,3,272,stim_and_mouse_summary,qwen3_5_9b,prompts/stim_paradigm_anova.md,0.5,stim_and_mouse_summary,1800,False,0.5,Qwen/Qwen3.5-9B,prompts/stim_paradigm_anova.md,"{""data_view"": ""stim_and_mouse_summary"", ""inference_options"": {""max_tokens"": 1800, ""reasoning"": {""enabled"": false}, ""temperature"": 0.5}, ""model"": ""Qwen/Qwen3.5-9B"", ""prompt_template"": ""prompts/stim_paradigm_anova.md""}"
275,3,273,stim_summary,kimi,prompts/stim_paradigm_anova.md,0.0,stim_summary,1800,False,0.0,moonshotai/Kimi-K2.5,prompts/stim_paradigm_anova.md,"{""data_view"": ""stim_summary"", ""inference_options"": {""max_tokens"": 1800, ""reasoning"": {""enabled"": false}, ""temperature"": 0.0}, ""model"": ""moonshotai/Kimi-K2.5"", ""prompt_template"": ""prompts/stim_paradigm_anova.md""}"
210,2,274,stim_and_mouse_summary,deepseek_v3_1,prompts/stim_paradigm_basic.md,0.75,stim_and_mouse_summary,1800,False,0.75,deepseek-ai/DeepSeek-V3.1,prompts/stim_paradigm_basic.md,"{""data_view"": ""stim_and_mouse_summary"", ""inference_options"": {""max_tokens"": 1800, ""reasoning"": {""enabled"": false}, ""temperature"": 0.75}, ""model"": ""deepseek-ai/DeepSeek-V3.1"", ""prompt_template"": ""prompts/stim_paradigm_basic.md""}"
40,1,275,summary_only,kimi,prompts/stim_paradigm_anova.md,1.0,summary_only,1800,False,1.0,moonshotai/Kimi-K2.5,prompts/stim_paradigm_anova.md,"{""data_view"": ""summary_only"", ""inference_options"": {""max_tokens"": 1800, ""reasoning"": {""enabled"": false}, ""temperature"": 1.0}, ""model"": ""moonshotai/Kimi-K2.5"", ""prompt_template"": ""prompts/stim_paradigm_anova.md""}"
169,2,276,summary_only,kimi,prompts/stim_paradigm_predictive.md,0.75,summary_only,1800,False,0.75,moonshotai/Kimi-K2.5,prompts/stim_paradigm_predictive.md,"{""data_view"": ""summary_only"", ""inference_options"": {""max_tokens"": 1800, ""reasoning"": {""enabled"": false}, ""temperature"": 0.75}, ""model"": ""moonshotai/Kimi-K2.5"", ""prompt_template"": ""prompts/stim_paradigm_predictive.md""}"
38,1,277,stim_summary,kimi,prompts/stim_paradigm_basic.md,1.0,stim_summary,1800,False,1.0,moonshotai/Kimi-K2.5,prompts/stim_paradigm_basic.md,"{""data_view"": ""stim_summary"", ""inference_options"": {""max_tokens"": 1800, ""reasoning"": {""enabled"": false}, ""temperature"": 1.0}, ""model"": ""moonshotai/Kimi-K2.5"", ""prompt_template"": ""prompts/stim_paradigm_basic.md""}"
23,1,278,stim_summary,kimi,prompts/stim_paradigm_anova.md,0.5,stim_summary,1800,False,0.5,moonshotai/Kimi-K2.5,prompts/stim_paradigm_anova.md,"{""data_view"": ""stim_summary"", ""inference_options"": {""max_tokens"": 1800, ""reasoning"": {""enabled"": false}, ""temperature"": 0.5}, ""model"": ""moonshotai/Kimi-K2.5"", ""prompt_template"": ""prompts/stim_paradigm_anova.md""}"
166,2,279,summary_only,kimi,prompts/stim_paradigm_anova.md,0.75,summary_only,1800,False,0.75,moonshotai/Kimi-K2.5,prompts/stim_paradigm_anova.md,"{""data_view"": ""summary_only"", ""inference_options"": {""max_tokens"": 1800, ""reasoning"": {""enabled"": false}, ""temperature"": 0.75}, ""model"": ""moonshotai/Kimi-K2.5"", ""prompt_template"": ""prompts/stim_paradigm_anova.md""}"
126,1,280,stim_and_mouse_summary,qwen3_5_9b,prompts/stim_paradigm_predictive.md,0.75,stim_and_mouse_summary,1800,False,0.75,Qwen/Qwen3.5-9B,prompts/stim_paradigm_predictive.md,"{""data_view"": ""stim_and_mouse_summary"", ""inference_options"": {""max_tokens"": 1800, ""reasoning"": {""enabled"": false}, ""temperature"": 0.75}, ""model"": ""Qwen/Qwen3.5-9B"", ""prompt_template"": ""prompts/stim_paradigm_predictive.md""}"
181,2,281,summary_only,deepseek_v3_1,prompts/stim_paradigm_basic.md,0.0,summary_only,1800,False,0.0,deepseek-ai/DeepSeek-V3.1,prompts/stim_paradigm_basic.md,"{""data_view"": ""summary_only"", ""inference_options"": {""max_tokens"": 1800, ""reasoning"": {""enabled"": false}, ""temperature"": 0.0}, ""model"": ""deepseek-ai/DeepSeek-V3.1"", ""prompt_template"": ""prompts/stim_paradigm_basic.md""}"
332,3,282,stim_summary,deepseek_v3_1,prompts/stim_paradigm_predictive.md,0.25,stim_summary,1800,False,0.25,deepseek-ai/DeepSeek-V3.1,prompts/stim_paradigm_predictive.md,"{""data_view"": ""stim_summary"", ""inference_options"": {""max_tokens"": 1800, ""reasoning"": {""enabled"": false}, ""temperature"": 0.25}, ""model"": ""deepseek-ai/DeepSeek-V3.1"", ""prompt_template"": ""prompts/stim_paradigm_predictive.md""}"
254,2,283,stim_summary,qwen3_5_9b,prompts/stim_paradigm_basic.md,0.75,stim_summary,1800,False,0.75,Qwen/Qwen3.5-9B,prompts/stim_paradigm_basic.md,"{""data_view"": ""stim_summary"", ""inference_options"": {""max_tokens"": 1800, ""reasoning"": {""enabled"": false}, ""temperature"": 0.75}, ""model"": ""Qwen/Qwen3.5-9B"", ""prompt_template"": ""prompts/stim_paradigm_basic.md""}"
51,1,284,stim_and_mouse_summary,deepseek_v3_1,prompts/stim_paradigm_anova.md,0.0,stim_and_mouse_summary,1800,False,0.0,deepseek-ai/DeepSeek-V3.1,prompts/stim_paradigm_anova.md,"{""data_view"": ""stim_and_mouse_summary"", ""inference_options"": {""max_tokens"": 1800, ""reasoning"": {""enabled"": false}, ""temperature"": 0.0}, ""model"": ""deepseek-ai/DeepSeek-V3.1"", ""prompt_template"": ""prompts/stim_paradigm_anova.md""}"
135,1,285,stim_and_mouse_summary,qwen3_5_9b,prompts/stim_paradigm_predictive.md,1.0,stim_and_mouse_summary,1800,False,1.0,Qwen/Qwen3.5-9B,prompts/stim_paradigm_predictive.md,"{""data_view"": ""stim_and_mouse_summary"", ""inference_options"": {""max_tokens"": 1800, ""reasoning"": {""enabled"": false}, ""temperature"": 1.0}, ""model"": ""Qwen/Qwen3.5-9B"", ""prompt_template"": ""prompts/stim_paradigm_predictive.md""}"
41,1,286,stim_summary,kimi,prompts/stim_paradigm_anova.md,1.0,stim_summary,1800,False,1.0,moonshotai/Kimi-K2.5,prompts/stim_paradigm_anova.md,"{""data_view"": ""stim_summary"", ""inference_options"": {""max_tokens"": 1800, ""reasoning"": {""enabled"": false}, ""temperature"": 1.0}, ""model"": ""moonshotai/Kimi-K2.5"", ""prompt_template"": ""prompts/stim_paradigm_anova.md""}"
32,1,287,stim_summary,kimi,prompts/stim_paradigm_anova.md,0.75,stim_summary,1800,False,0.75,moonshotai/Kimi-K2.5,prompts/stim_paradigm_anova.md,"{""data_view"": ""stim_summary"", ""inference_options"": {""max_tokens"": 1800, ""reasoning"": {""enabled"": false}, ""temperature"": 0.75}, ""model"": ""moonshotai/Kimi-K2.5"", ""prompt_template"": ""prompts/stim_paradigm_anova.md""}"
73,1,288,summary_only,deepseek_v3_1,prompts/stim_paradigm_basic.md,0.75,summary_only,1800,False,0.75,deepseek-ai/DeepSeek-V3.1,prompts/stim_paradigm_basic.md,"{""data_view"": ""summary_only"", ""inference_options"": {""max_tokens"": 1800, ""reasoning"": {""enabled"": false}, ""temperature"": 0.75}, ""model"": ""deepseek-ai/DeepSeek-V3.1"", ""prompt_template"": ""prompts/stim_paradigm_basic.md""}"
20,1,289,stim_summary,kimi,prompts/stim_paradigm_basic.md,0.5,stim_summary,1800,False,0.5,moonshotai/Kimi-K2.5,prompts/stim_paradigm_basic.md,"{""data_view"": ""stim_summary"", ""inference_options"": {""max_tokens"": 1800, ""reasoning"": {""enabled"": false}, ""temperature"": 0.5}, ""model"": ""moonshotai/Kimi-K2.5"", ""prompt_template"": ""prompts/stim_paradigm_basic.md""}"
257,2,290,stim_summary,qwen3_5_9b,prompts/stim_paradigm_anova.md,0.75,stim_summary,1800,False,0.75,Qwen/Qwen3.5-9B,prompts/stim_paradigm_anova.md,"{""data_view"": ""stim_summary"", ""inference_options"": {""max_tokens"": 1800, ""reasoning"": {""enabled"": false}, ""temperature"": 0.75}, ""model"": ""Qwen/Qwen3.5-9B"", ""prompt_template"": ""prompts/stim_paradigm_anova.md""}"
155,2,291,stim_summary,kimi,prompts/stim_paradigm_basic.md,0.5,stim_summary,1800,False,0.5,moonshotai/Kimi-K2.5,prompts/stim_paradigm_basic.md,"{""data_view"": ""stim_summary"", ""inference_options"": {""max_tokens"": 1800, ""reasoning"": {""enabled"": false}, ""temperature"": 0.5}, ""model"": ""moonshotai/Kimi-K2.5"", ""prompt_template"": ""prompts/stim_paradigm_basic.md""}"
176,2,292,stim_summary,kimi,prompts/stim_paradigm_anova.md,1.0,stim_summary,1800,False,1.0,moonshotai/Kimi-K2.5,prompts/stim_paradigm_anova.md,"{""data_view"": ""stim_summary"", ""inference_options"": {""max_tokens"": 1800, ""reasoning"": {""enabled"": false}, ""temperature"": 1.0}, ""model"": ""moonshotai/Kimi-K2.5"", ""prompt_template"": ""prompts/stim_paradigm_anova.md""}"
28,1,293,summary_only,kimi,prompts/stim_paradigm_basic.md,0.75,summary_only,1800,False,0.75,moonshotai/Kimi-K2.5,prompts/stim_paradigm_basic.md,"{""data_view"": ""summary_only"", ""inference_options"": {""max_tokens"": 1800, ""reasoning"": {""enabled"": false}, ""temperature"": 0.75}, ""model"": ""moonshotai/Kimi-K2.5"", ""prompt_template"": ""prompts/stim_paradigm_basic.md""}"
59,1,294,stim_summary,deepseek_v3_1,prompts/stim_paradigm_anova.md,0.25,stim_summary,1800,False,0.25,deepseek-ai/DeepSeek-V3.1,prompts/stim_paradigm_anova.md,"{""data_view"": ""stim_summary"", ""inference_options"": {""max_tokens"": 1800, ""reasoning"": {""enabled"": false}, ""temperature"": 0.25}, ""model"": ""deepseek-ai/DeepSeek-V3.1"", ""prompt_template"": ""prompts/stim_paradigm_anova.md""}"
359,3,295,stim_summary,deepseek_v3_1,prompts/stim_paradigm_predictive.md,1.0,stim_summary,1800,False,1.0,deepseek-ai/DeepSeek-V3.1,prompts/stim_paradigm_predictive.md,"{""data_view"": ""stim_summary"", ""inference_options"": {""max_tokens"": 1800, ""reasoning"": {""enabled"": false}, ""temperature"": 1.0}, ""model"": ""deepseek-ai/DeepSeek-V3.1"", ""prompt_template"": ""prompts/stim_paradigm_predictive.md""}"
33,1,296,stim_and_mouse_summary,kimi,prompts/stim_paradigm_anova.md,0.75,stim_and_mouse_summary,1800,False,0.75,moonshotai/Kimi-K2.5,prompts/stim_paradigm_anova.md,"{""data_view"": ""stim_and_mouse_summary"", ""inference_options"": {""max_tokens"": 1800, ""reasoning"": {""enabled"": false}, ""temperature"": 0.75}, ""model"": ""moonshotai/Kimi-K2.5"", ""prompt_template"": ""prompts/stim_paradigm_anova.md""}"
10,1,297,summary_only,kimi,prompts/stim_paradigm_basic.md,0.25,summary_only,1800,False,0.25,moonshotai/Kimi-K2.5,prompts/stim_paradigm_basic.md,"{""data_view"": ""summary_only"", ""inference_options"": {""max_tokens"": 1800, ""reasoning"": {""enabled"": false}, ""temperature"": 0.25}, ""model"": ""moonshotai/Kimi-K2.5"", ""prompt_template"": ""prompts/stim_paradigm_basic.md""}"
83,1,298,stim_summary,deepseek_v3_1,prompts/stim_paradigm_basic.md,1.0,stim_summary,1800,False,1.0,deepseek-ai/DeepSeek-V3.1,prompts/stim_paradigm_basic.md,"{""data_view"": ""stim_summary"", ""inference_options"": {""max_tokens"": 1800, ""reasoning"": {""enabled"": false}, ""temperature"": 1.0}, ""model"": ""deepseek-ai/DeepSeek-V3.1"", ""prompt_template"": ""prompts/stim_paradigm_basic.md""}"
209,2,299,stim_summary,deepseek_v3_1,prompts/stim_paradigm_basic.md,0.75,stim_summary,1800,False,0.75,deepseek-ai/DeepSeek-V3.1,prompts/stim_paradigm_basic.md,"{""data_view"": ""stim_summary"", ""inference_options"": {""max_tokens"": 1800, ""reasoning"": {""enabled"": false}, ""temperature"": 0.75}, ""model"": ""deepseek-ai/DeepSeek-V3.1"", ""prompt_template"": ""prompts/stim_paradigm_basic.md""}"
183,2,300,stim_and_mouse_summary,deepseek_v3_1,prompts/stim_paradigm_basic.md,0.0,stim_and_mouse_summary,1800,False,0.0,deepseek-ai/DeepSeek-V3.1,prompts/stim_paradigm_basic.md,"{""data_view"": ""stim_and_mouse_summary"", ""inference_options"": {""max_tokens"": 1800, ""reasoning"": {""enabled"": false}, ""temperature"": 0.0}, ""model"": ""deepseek-ai/DeepSeek-V3.1"", ""prompt_template"": ""prompts/stim_paradigm_basic.md""}"
109,1,301,summary_only,qwen3_5_9b,prompts/stim_paradigm_basic.md,0.5,summary_only,1800,False,0.5,Qwen/Qwen3.5-9B,prompts/stim_paradigm_basic.md,"{""data_view"": ""summary_only"", ""inference_options"": {""max_tokens"": 1800, ""reasoning"": {""enabled"": false}, ""temperature"": 0.5}, ""model"": ""Qwen/Qwen3.5-9B"", ""prompt_template"": ""prompts/stim_paradigm_basic.md""}"
194,2,302,stim_summary,deepseek_v3_1,prompts/stim_paradigm_anova.md,0.25,stim_summary,1800,False,0.25,deepseek-ai/DeepSeek-V3.1,prompts/stim_paradigm_anova.md,"{""data_view"": ""stim_summary"", ""inference_options"": {""max_tokens"": 1800, ""reasoning"": {""enabled"": false}, ""temperature"": 0.25}, ""model"": ""deepseek-ai/DeepSeek-V3.1"", ""prompt_template"": ""prompts/stim_paradigm_anova.md""}"
107,1,303,stim_summary,qwen3_5_9b,prompts/stim_paradigm_predictive.md,0.25,stim_summary,1800,False,0.25,Qwen/Qwen3.5-9B,prompts/stim_paradigm_predictive.md,"{""data_view"": ""stim_summary"", ""inference_options"": {""max_tokens"": 1800, ""reasoning"": {""enabled"": false}, ""temperature"": 0.25}, ""model"": ""Qwen/Qwen3.5-9B"", ""prompt_template"": ""prompts/stim_paradigm_predictive.md""}"
79,1,304,summary_only,deepseek_v3_1,prompts/stim_paradigm_predictive.md,0.75,summary_only,1800,False,0.75,deepseek-ai/DeepSeek-V3.1,prompts/stim_paradigm_predictive.md,"{""data_view"": ""summary_only"", ""inference_options"": {""max_tokens"": 1800, ""reasoning"": {""enabled"": false}, ""temperature"": 0.75}, ""model"": ""deepseek-ai/DeepSeek-V3.1"", ""prompt_template"": ""prompts/stim_paradigm_predictive.md""}"
281,3,305,stim_summary,kimi,prompts/stim_paradigm_basic.md,0.25,stim_summary,1800,False,0.25,moonshotai/Kimi-K2.5,prompts/stim_paradigm_basic.md,"{""data_view"": ""stim_summary"", ""inference_options"": {""max_tokens"": 1800, ""reasoning"": {""enabled"": false}, ""temperature"": 0.25}, ""model"": ""moonshotai/Kimi-K2.5"", ""prompt_template"": ""prompts/stim_paradigm_basic.md""}"
86,1,306,stim_summary,deepseek_v3_1,prompts/stim_paradigm_anova.md,1.0,stim_summary,1800,False,1.0,deepseek-ai/DeepSeek-V3.1,prompts/stim_paradigm_anova.md,"{""data_view"": ""stim_summary"", ""inference_options"": {""max_tokens"": 1800, ""reasoning"": {""enabled"": false}, ""temperature"": 1.0}, ""model"": ""deepseek-ai/DeepSeek-V3.1"", ""prompt_template"": ""prompts/stim_paradigm_anova.md""}"
379,3,307,summary_only,qwen3_5_9b,prompts/stim_paradigm_basic.md,0.5,summary_only,1800,False,0.5,Qwen/Qwen3.5-9B,prompts/stim_paradigm_basic.md,"{""data_view"": ""summary_only"", ""inference_options"": {""max_tokens"": 1800, ""reasoning"": {""enabled"": false}, ""temperature"": 0.5}, ""model"": ""Qwen/Qwen3.5-9B"", ""prompt_template"": ""prompts/stim_paradigm_basic.md""}"
307,3,308,summary_only,kimi,prompts/stim_paradigm_basic.md,1.0,summary_only,1800,False,1.0,moonshotai/Kimi-K2.5,prompts/stim_paradigm_basic.md,"{""data_view"": ""summary_only"", ""inference_options"": {""max_tokens"": 1800, ""reasoning"": {""enabled"": false}, ""temperature"": 1.0}, ""model"": ""moonshotai/Kimi-K2.5"", ""prompt_template"": ""prompts/stim_paradigm_basic.md""}"
81,1,309,stim_and_mouse_summary,deepseek_v3_1,prompts/stim_paradigm_predictive.md,0.75,stim_and_mouse_summary,1800,False,0.75,deepseek-ai/DeepSeek-V3.1,prompts/stim_paradigm_predictive.md,"{""data_view"": ""stim_and_mouse_summary"", ""inference_options"": {""max_tokens"": 1800, ""reasoning"": {""enabled"": false}, ""temperature"": 0.75}, ""model"": ""deepseek-ai/DeepSeek-V3.1"", ""prompt_template"": ""prompts/stim_paradigm_predictive.md""}"
119,1,310,stim_summary,qwen3_5_9b,prompts/stim_paradigm_basic.md,0.75,stim_summary,1800,False,0.75,Qwen/Qwen3.5-9B,prompts/stim_paradigm_basic.md,"{""data_view"": ""stim_summary"", ""inference_options"": {""max_tokens"": 1800, ""reasoning"": {""enabled"": false}, ""temperature"": 0.75}, ""model"": ""Qwen/Qwen3.5-9B"", ""prompt_template"": ""prompts/stim_paradigm_basic.md""}"
140,2,311,stim_summary,kimi,prompts/stim_paradigm_anova.md,0.0,stim_summary,1800,False,0.0,moonshotai/Kimi-K2.5,prompts/stim_paradigm_anova.md,"{""data_view"": ""stim_summary"", ""inference_options"": {""max_tokens"": 1800, ""reasoning"": {""enabled"": false}, ""temperature"": 0.0}, ""model"": ""moonshotai/Kimi-K2.5"", ""prompt_template"": ""prompts/stim_paradigm_anova.md""}"
7,1,312,summary_only,kimi,prompts/stim_paradigm_predictive.md,0.0,summary_only,1800,False,0.0,moonshotai/Kimi-K2.5,prompts/stim_paradigm_predictive.md,"{""data_view"": ""summary_only"", ""inference_options"": {""max_tokens"": 1800, ""reasoning"": {""enabled"": false}, ""temperature"": 0.0}, ""model"": ""moonshotai/Kimi-K2.5"", ""prompt_template"": ""prompts/stim_paradigm_predictive.md""}"
72,1,313,stim_and_mouse_summary,deepseek_v3_1,prompts/stim_paradigm_predictive.md,0.5,stim_and_mouse_summary,1800,False,0.5,deepseek-ai/DeepSeek-V3.1,prompts/stim_paradigm_predictive.md,"{""data_view"": ""stim_and_mouse_summary"", ""inference_options"": {""max_tokens"": 1800, ""reasoning"": {""enabled"": false}, ""temperature"": 0.5}, ""model"": ""deepseek-ai/DeepSeek-V3.1"", ""prompt_template"": ""prompts/stim_paradigm_predictive.md""}"
171,2,314,stim_and_mouse_summary,kimi,prompts/stim_paradigm_predictive.md,0.75,stim_and_mouse_summary,1800,False,0.75,moonshotai/Kimi-K2.5,prompts/stim_paradigm_predictive.md,"{""data_view"": ""stim_and_mouse_summary"", ""inference_options"": {""max_tokens"": 1800, ""reasoning"": {""enabled"": false}, ""temperature"": 0.75}, ""model"": ""moonshotai/Kimi-K2.5"", ""prompt_template"": ""prompts/stim_paradigm_predictive.md""}"
248,2,315,stim_summary,qwen3_5_9b,prompts/stim_paradigm_anova.md,0.5,stim_summary,1800,False,0.5,Qwen/Qwen3.5-9B,prompts/stim_paradigm_anova.md,"{""data_view"": ""stim_summary"", ""inference_options"": {""max_tokens"": 1800, ""reasoning"": {""enabled"": false}, ""temperature"": 0.5}, ""model"": ""Qwen/Qwen3.5-9B"", ""prompt_template"": ""prompts/stim_paradigm_anova.md""}"
132,1,316,stim_and_mouse_summary,qwen3_5_9b,prompts/stim_paradigm_anova.md,1.0,stim_and_mouse_summary,1800,False,1.0,Qwen/Qwen3.5-9B,prompts/stim_paradigm_anova.md,"{""data_view"": ""stim_and_mouse_summary"", ""inference_options"": {""max_tokens"": 1800, ""reasoning"": {""enabled"": false}, ""temperature"": 1.0}, ""model"": ""Qwen/Qwen3.5-9B"", ""prompt_template"": ""prompts/stim_paradigm_anova.md""}"
296,3,317,stim_summary,kimi,prompts/stim_paradigm_predictive.md,0.5,stim_summary,1800,False,0.5,moonshotai/Kimi-K2.5,prompts/stim_paradigm_predictive.md,"{""data_view"": ""stim_summary"", ""inference_options"": {""max_tokens"": 1800, ""reasoning"": {""enabled"": false}, ""temperature"": 0.5}, ""model"": ""moonshotai/Kimi-K2.5"", ""prompt_template"": ""prompts/stim_paradigm_predictive.md""}"
313,3,318,summary_only,kimi,prompts/stim_paradigm_predictive.md,1.0,summary_only,1800,False,1.0,moonshotai/Kimi-K2.5,prompts/stim_paradigm_predictive.md,"{""data_view"": ""summary_only"", ""inference_options"": {""max_tokens"": 1800, ""reasoning"": {""enabled"": false}, ""temperature"": 1.0}, ""model"": ""moonshotai/Kimi-K2.5"", ""prompt_template"": ""prompts/stim_paradigm_predictive.md""}"
162,2,319,stim_and_mouse_summary,kimi,prompts/stim_paradigm_predictive.md,0.5,stim_and_mouse_summary,1800,False,0.5,moonshotai/Kimi-K2.5,prompts/stim_paradigm_predictive.md,"{""data_view"": ""stim_and_mouse_summary"", ""inference_options"": {""max_tokens"": 1800, ""reasoning"": {""enabled"": false}, ""temperature"": 0.5}, ""model"": ""moonshotai/Kimi-K2.5"", ""prompt_template"": ""prompts/stim_paradigm_predictive.md""}"
57,1,320,stim_and_mouse_summary,deepseek_v3_1,prompts/stim_paradigm_basic.md,0.25,stim_and_mouse_summary,1800,False,0.25,deepseek-ai/DeepSeek-V3.1,prompts/stim_paradigm_basic.md,"{""data_view"": ""stim_and_mouse_summary"", ""inference_options"": {""max_tokens"": 1800, ""reasoning"": {""enabled"": false}, ""temperature"": 0.25}, ""model"": ""deepseek-ai/DeepSeek-V3.1"", ""prompt_template"": ""prompts/stim_paradigm_basic.md""}"
361,3,321,summary_only,qwen3_5_9b,prompts/stim_paradigm_basic.md,0.0,summary_only,1800,False,0.0,Qwen/Qwen3.5-9B,prompts/stim_paradigm_basic.md,"{""data_view"": ""summary_only"", ""inference_options"": {""max_tokens"": 1800, ""reasoning"": {""enabled"": false}, ""temperature"": 0.0}, ""model"": ""Qwen/Qwen3.5-9B"", ""prompt_template"": ""prompts/stim_paradigm_basic.md""}"
91,1,322,summary_only,qwen3_5_9b,prompts/stim_paradigm_basic.md,0.0,summary_only,1800,False,0.0,Qwen/Qwen3.5-9B,prompts/stim_paradigm_basic.md,"{""data_view"": ""summary_only"", ""inference_options"": {""max_tokens"": 1800, ""reasoning"": {""enabled"": false}, ""temperature"": 0.0}, ""model"": ""Qwen/Qwen3.5-9B"", ""prompt_template"": ""prompts/stim_paradigm_basic.md""}"
85,1,323,summary_only,deepseek_v3_1,prompts/stim_paradigm_anova.md,1.0,summary_only,1800,False,1.0,deepseek-ai/DeepSeek-V3.1,prompts/stim_paradigm_anova.md,"{""data_view"": ""summary_only"", ""inference_options"": {""max_tokens"": 1800, ""reasoning"": {""enabled"": false}, ""temperature"": 1.0}, ""model"": ""deepseek-ai/DeepSeek-V3.1"", ""prompt_template"": ""prompts/stim_paradigm_anova.md""}"
52,1,324,summary_only,deepseek_v3_1,prompts/stim_paradigm_predictive.md,0.0,summary_only,1800,False,0.0,deepseek-ai/DeepSeek-V3.1,prompts/stim_paradigm_predictive.md,"{""data_view"": ""summary_only"", ""inference_options"": {""max_tokens"": 1800, ""reasoning"": {""enabled"": false}, ""temperature"": 0.0}, ""model"": ""deepseek-ai/DeepSeek-V3.1"", ""prompt_template"": ""prompts/stim_paradigm_predictive.md""}"
45,1,325,stim_and_mouse_summary,kimi,prompts/stim_paradigm_predictive.md,1.0,stim_and_mouse_summary,1800,False,1.0,moonshotai/Kimi-K2.5,prompts/stim_paradigm_predictive.md,"{""data_view"": ""stim_and_mouse_summary"", ""inference_options"": {""max_tokens"": 1800, ""reasoning"": {""enabled"": false}, ""temperature"": 1.0}, ""model"": ""moonshotai/Kimi-K2.5"", ""prompt_template"": ""prompts/stim_paradigm_predictive.md""}"
92,1,326,stim_summary,qwen3_5_9b,prompts/stim_paradigm_basic.md,0.0,stim_summary,1800,False,0.0,Qwen/Qwen3.5-9B,prompts/stim_paradigm_basic.md,"{""data_view"": ""stim_summary"", ""inference_options"": {""max_tokens"": 1800, ""reasoning"": {""enabled"": false}, ""temperature"": 0.0}, ""model"": ""Qwen/Qwen3.5-9B"", ""prompt_template"": ""prompts/stim_paradigm_basic.md""}"
401,3,327,stim_summary,qwen3_5_9b,prompts/stim_paradigm_anova.md,1.0,stim_summary,1800,False,1.0,Qwen/Qwen3.5-9B,prompts/stim_paradigm_anova.md,"{""data_view"": ""stim_summary"", ""inference_options"": {""max_tokens"": 1800, ""reasoning"": {""enabled"": false}, ""temperature"": 1.0}, ""model"": ""Qwen/Qwen3.5-9B"", ""prompt_template"": ""prompts/stim_paradigm_anova.md""}"
1,1,328,summary_only,kimi,prompts/stim_paradigm_basic.md,0.0,summary_only,1800,False,0.0,moonshotai/Kimi-K2.5,prompts/stim_paradigm_basic.md,"{""data_view"": ""summary_only"", ""inference_options"": {""max_tokens"": 1800, ""reasoning"": {""enabled"": false}, ""temperature"": 0.0}, ""model"": ""moonshotai/Kimi-K2.5"", ""prompt_template"": ""prompts/stim_paradigm_basic.md""}"
232,2,329,summary_only,qwen3_5_9b,prompts/stim_paradigm_predictive.md,0.0,summary_only,1800,False,0.0,Qwen/Qwen3.5-9B,prompts/stim_paradigm_predictive.md,"{""data_view"": ""summary_only"", ""inference_options"": {""max_tokens"": 1800, ""reasoning"": {""enabled"": false}, ""temperature"": 0.0}, ""model"": ""Qwen/Qwen3.5-9B"", ""prompt_template"": ""prompts/stim_paradigm_predictive.md""}"
102,1,330,stim_and_mouse_summary,qwen3_5_9b,prompts/stim_paradigm_basic.md,0.25,stim_and_mouse_summary,1800,False,0.25,Qwen/Qwen3.5-9B,prompts/stim_paradigm_basic.md,"{""data_view"": ""stim_and_mouse_summary"", ""inference_options"": {""max_tokens"": 1800, ""reasoning"": {""enabled"": false}, ""temperature"": 0.25}, ""model"": ""Qwen/Qwen3.5-9B"", ""prompt_template"": ""prompts/stim_paradigm_basic.md""}"
241,2,331,summary_only,qwen3_5_9b,prompts/stim_paradigm_predictive.md,0.25,summary_only,1800,False,0.25,Qwen/Qwen3.5-9B,prompts/stim_paradigm_predictive.md,"{""data_view"": ""summary_only"", ""inference_options"": {""max_tokens"": 1800, ""reasoning"": {""enabled"": false}, ""temperature"": 0.25}, ""model"": ""Qwen/Qwen3.5-9B"", ""prompt_template"": ""prompts/stim_paradigm_predictive.md""}"
322,3,332,summary_only,deepseek_v3_1,prompts/stim_paradigm_predictive.md,0.0,summary_only,1800,False,0.0,deepseek-ai/DeepSeek-V3.1,prompts/stim_paradigm_predictive.md,"{""data_view"": ""summary_only"", ""inference_options"": {""max_tokens"": 1800, ""reasoning"": {""enabled"": false}, ""temperature"": 0.0}, ""model"": ""deepseek-ai/DeepSeek-V3.1"", ""prompt_template"": ""prompts/stim_paradigm_predictive.md""}"
398,3,333,stim_summary,qwen3_5_9b,prompts/stim_paradigm_basic.md,1.0,stim_summary,1800,False,1.0,Qwen/Qwen3.5-9B,prompts/stim_paradigm_basic.md,"{""data_view"": ""stim_summary"", ""inference_options"": {""max_tokens"": 1800, ""reasoning"": {""enabled"": false}, ""temperature"": 1.0}, ""model"": ""Qwen/Qwen3.5-9B"", ""prompt_template"": ""prompts/stim_paradigm_basic.md""}"
25,1,334,summary_only,kimi,prompts/stim_paradigm_predictive.md,0.5,summary_only,1800,False,0.5,moonshotai/Kimi-K2.5,prompts/stim_paradigm_predictive.md,"{""data_view"": ""summary_only"", ""inference_options"": {""max_tokens"": 1800, ""reasoning"": {""enabled"": false}, ""temperature"": 0.5}, ""model"": ""moonshotai/Kimi-K2.5"", ""prompt_template"": ""prompts/stim_paradigm_predictive.md""}"
236,2,335,stim_summary,qwen3_5_9b,prompts/stim_paradigm_basic.md,0.25,stim_summary,1800,False,0.25,Qwen/Qwen3.5-9B,prompts/stim_paradigm_basic.md,"{""data_view"": ""stim_summary"", ""inference_options"": {""max_tokens"": 1800, ""reasoning"": {""enabled"": false}, ""temperature"": 0.25}, ""model"": ""Qwen/Qwen3.5-9B"", ""prompt_template"": ""prompts/stim_paradigm_basic.md""}"
271,3,336,summary_only,kimi,prompts/stim_paradigm_basic.md,0.0,summary_only,1800,False,0.0,moonshotai/Kimi-K2.5,prompts/stim_paradigm_basic.md,"{""data_view"": ""summary_only"", ""inference_options"": {""max_tokens"": 1800, ""reasoning"": {""enabled"": false}, ""temperature"": 0.0}, ""model"": ""moonshotai/Kimi-K2.5"", ""prompt_template"": ""prompts/stim_paradigm_basic.md""}"
193,2,337,summary_only,deepseek_v3_1,prompts/stim_paradigm_anova.md,0.25,summary_only,1800,False,0.25,deepseek-ai/DeepSeek-V3.1,prompts/stim_paradigm_anova.md,"{""data_view"": ""summary_only"", ""inference_options"": {""max_tokens"": 1800, ""reasoning"": {""enabled"": false}, ""temperature"": 0.25}, ""model"": ""deepseek-ai/DeepSeek-V3.1"", ""prompt_template"": ""prompts/stim_paradigm_anova.md""}"
268,2,338,summary_only,qwen3_5_9b,prompts/stim_paradigm_predictive.md,1.0,summary_only,1800,False,1.0,Qwen/Qwen3.5-9B,prompts/stim_paradigm_predictive.md,"{""data_view"": ""summary_only"", ""inference_options"": {""max_tokens"": 1800, ""reasoning"": {""enabled"": false}, ""temperature"": 1.0}, ""model"": ""Qwen/Qwen3.5-9B"", ""prompt_template"": ""prompts/stim_paradigm_predictive.md""}"
265,2,339,summary_only,qwen3_5_9b,prompts/stim_paradigm_anova.md,1.0,summary_only,1800,False,1.0,Qwen/Qwen3.5-9B,prompts/stim_paradigm_anova.md,"{""data_view"": ""summary_only"", ""inference_options"": {""max_tokens"": 1800, ""reasoning"": {""enabled"": false}, ""temperature"": 1.0}, ""model"": ""Qwen/Qwen3.5-9B"", ""prompt_template"": ""prompts/stim_paradigm_anova.md""}"
111,1,340,stim_and_mouse_summary,qwen3_5_9b,prompts/stim_paradigm_basic.md,0.5,stim_and_mouse_summary,1800,False,0.5,Qwen/Qwen3.5-9B,prompts/stim_paradigm_basic.md,"{""data_view"": ""stim_and_mouse_summary"", ""inference_options"": {""max_tokens"": 1800, ""reasoning"": {""enabled"": false}, ""temperature"": 0.5}, ""model"": ""Qwen/Qwen3.5-9B"", ""prompt_template"": ""prompts/stim_paradigm_basic.md""}"
253,2,341,summary_only,qwen3_5_9b,prompts/stim_paradigm_basic.md,0.75,summary_only,1800,False,0.75,Qwen/Qwen3.5-9B,prompts/stim_paradigm_basic.md,"{""data_view"": ""summary_only"", ""inference_options"": {""max_tokens"": 1800, ""reasoning"": {""enabled"": false}, ""temperature"": 0.75}, ""model"": ""Qwen/Qwen3.5-9B"", ""prompt_template"": ""prompts/stim_paradigm_basic.md""}"
11,1,342,stim_summary,kimi,prompts/stim_paradigm_basic.md,0.25,stim_summary,1800,False,0.25,moonshotai/Kimi-K2.5,prompts/stim_paradigm_basic.md,"{""data_view"": ""stim_summary"", ""inference_options"": {""max_tokens"": 1800, ""reasoning"": {""enabled"": false}, ""temperature"": 0.25}, ""model"": ""moonshotai/Kimi-K2.5"", ""prompt_template"": ""prompts/stim_paradigm_basic.md""}"
84,1,343,stim_and_mouse_summary,deepseek_v3_1,prompts/stim_paradigm_basic.md,1.0,stim_and_mouse_summary,1800,False,1.0,deepseek-ai/DeepSeek-V3.1,prompts/stim_paradigm_basic.md,"{""data_view"": ""stim_and_mouse_summary"", ""inference_options"": {""max_tokens"": 1800, ""reasoning"": {""enabled"": false}, ""temperature"": 1.0}, ""model"": ""deepseek-ai/DeepSeek-V3.1"", ""prompt_template"": ""prompts/stim_paradigm_basic.md""}"
199,2,344,summary_only,deepseek_v3_1,prompts/stim_paradigm_basic.md,0.5,summary_only,1800,False,0.5,deepseek-ai/DeepSeek-V3.1,prompts/stim_paradigm_basic.md,"{""data_view"": ""summary_only"", ""inference_options"": {""max_tokens"": 1800, ""reasoning"": {""enabled"": false}, ""temperature"": 0.5}, ""model"": ""deepseek-ai/DeepSeek-V3.1"", ""prompt_template"": ""prompts/stim_paradigm_basic.md""}"
88,1,345,summary_only,deepseek_v3_1,prompts/stim_paradigm_predictive.md,1.0,summary_only,1800,False,1.0,deepseek-ai/DeepSeek-V3.1,prompts/stim_paradigm_predictive.md,"{""data_view"": ""summary_only"", ""inference_options"": {""max_tokens"": 1800, ""reasoning"": {""enabled"": false}, ""temperature"": 1.0}, ""model"": ""deepseek-ai/DeepSeek-V3.1"", ""prompt_template"": ""prompts/stim_paradigm_predictive.md""}"
207,2,346,stim_and_mouse_summary,deepseek_v3_1,prompts/stim_paradigm_predictive.md,0.5,stim_and_mouse_summary,1800,False,0.5,deepseek-ai/DeepSeek-V3.1,prompts/stim_paradigm_predictive.md,"{""data_view"": ""stim_and_mouse_summary"", ""inference_options"": {""max_tokens"": 1800, ""reasoning"": {""enabled"": false}, ""temperature"": 0.5}, ""model"": ""deepseek-ai/DeepSeek-V3.1"", ""prompt_template"": ""prompts/stim_paradigm_predictive.md""}"
394,3,347,summary_only,qwen3_5_9b,prompts/stim_paradigm_predictive.md,0.75,summary_only,1800,False,0.75,Qwen/Qwen3.5-9B,prompts/stim_paradigm_predictive.md,"{""data_view"": ""summary_only"", ""inference_options"": {""max_tokens"": 1800, ""reasoning"": {""enabled"": false}, ""temperature"": 0.75}, ""model"": ""Qwen/Qwen3.5-9B"", ""prompt_template"": ""prompts/stim_paradigm_predictive.md""}"
90,1,348,stim_and_mouse_summary,deepseek_v3_1,prompts/stim_paradigm_predictive.md,1.0,stim_and_mouse_summary,1800,False,1.0,deepseek-ai/DeepSeek-V3.1,prompts/stim_paradigm_predictive.md,"{""data_view"": ""stim_and_mouse_summary"", ""inference_options"": {""max_tokens"": 1800, ""reasoning"": {""enabled"": false}, ""temperature"": 1.0}, ""model"": ""deepseek-ai/DeepSeek-V3.1"", ""prompt_template"": ""prompts/stim_paradigm_predictive.md""}"
263,2,349,stim_summary,qwen3_5_9b,prompts/stim_paradigm_basic.md,1.0,stim_summary,1800,False,1.0,Qwen/Qwen3.5-9B,prompts/stim_paradigm_basic.md,"{""data_view"": ""stim_summary"", ""inference_options"": {""max_tokens"": 1800, ""reasoning"": {""enabled"": false}, ""temperature"": 1.0}, ""model"": ""Qwen/Qwen3.5-9B"", ""prompt_template"": ""prompts/stim_paradigm_basic.md""}"
4,1,350,summary_only,kimi,prompts/stim_paradigm_anova.md,0.0,summary_only,1800,False,0.0,moonshotai/Kimi-K2.5,prompts/stim_paradigm_anova.md,"{""data_view"": ""summary_only"", ""inference_options"": {""max_tokens"": 1800, ""reasoning"": {""enabled"": false}, ""temperature"": 0.0}, ""model"": ""moonshotai/Kimi-K2.5"", ""prompt_template"": ""prompts/stim_paradigm_anova.md""}"
99,1,351,stim_and_mouse_summary,qwen3_5_9b,prompts/stim_paradigm_predictive.md,0.0,stim_and_mouse_summary,1800,False,0.0,Qwen/Qwen3.5-9B,prompts/stim_paradigm_predictive.md,"{""data_view"": ""stim_and_mouse_summary"", ""inference_options"": {""max_tokens"": 1800, ""reasoning"": {""enabled"": false}, ""temperature"": 0.0}, ""model"": ""Qwen/Qwen3.5-9B"", ""prompt_template"": ""prompts/stim_paradigm_predictive.md""}"
303,3,352,stim_and_mouse_summary,kimi,prompts/stim_paradigm_anova.md,0.75,stim_and_mouse_summary,1800,False,0.75,moonshotai/Kimi-K2.5,prompts/stim_paradigm_anova.md,"{""data_view"": ""stim_and_mouse_summary"", ""inference_options"": {""max_tokens"": 1800, ""reasoning"": {""enabled"": false}, ""temperature"": 0.75}, ""model"": ""moonshotai/Kimi-K2.5"", ""prompt_template"": ""prompts/stim_paradigm_anova.md""}"
351,3,353,stim_and_mouse_summary,deepseek_v3_1,prompts/stim_paradigm_predictive.md,0.75,stim_and_mouse_summary,1800,False,0.75,deepseek-ai/DeepSeek-V3.1,prompts/stim_paradigm_predictive.md,"{""data_view"": ""stim_and_mouse_summary"", ""inference_options"": {""max_tokens"": 1800, ""reasoning"": {""enabled"": false}, ""temperature"": 0.75}, ""model"": ""deepseek-ai/DeepSeek-V3.1"", ""prompt_template"": ""prompts/stim_paradigm_predictive.md""}"
195,2,354,stim_and_mouse_summary,deepseek_v3_1,prompts/stim_paradigm_anova.md,0.25,stim_and_mouse_summary,1800,False,0.25,deepseek-ai/DeepSeek-V3.1,prompts/stim_paradigm_anova.md,"{""data_view"": ""stim_and_mouse_summary"", ""inference_options"": {""max_tokens"": 1800, ""reasoning"": {""enabled"": false}, ""temperature"": 0.25}, ""model"": ""deepseek-ai/DeepSeek-V3.1"", ""prompt_template"": ""prompts/stim_paradigm_anova.md""}"
157,2,355,summary_only,kimi,prompts/stim_paradigm_anova.md,0.5,summary_only,1800,False,0.5,moonshotai/Kimi-K2.5,prompts/stim_paradigm_anova.md,"{""data_view"": ""summary_only"", ""inference_options"": {""max_tokens"": 1800, ""reasoning"": {""enabled"": false}, ""temperature"": 0.5}, ""model"": ""moonshotai/Kimi-K2.5"", ""prompt_template"": ""prompts/stim_paradigm_anova.md""}"
35,1,356,stim_summary,kimi,prompts/stim_paradigm_predictive.md,0.75,stim_summary,1800,False,0.75,moonshotai/Kimi-K2.5,prompts/stim_paradigm_predictive.md,"{""data_view"": ""stim_summary"", ""inference_options"": {""max_tokens"": 1800, ""reasoning"": {""enabled"": false}, ""temperature"": 0.75}, ""model"": ""moonshotai/Kimi-K2.5"", ""prompt_template"": ""prompts/stim_paradigm_predictive.md""}"
15,1,357,stim_and_mouse_summary,kimi,prompts/stim_paradigm_anova.md,0.25,stim_and_mouse_summary,1800,False,0.25,moonshotai/Kimi-K2.5,prompts/stim_paradigm_anova.md,"{""data_view"": ""stim_and_mouse_summary"", ""inference_options"": {""max_tokens"": 1800, ""reasoning"": {""enabled"": false}, ""temperature"": 0.25}, ""model"": ""moonshotai/Kimi-K2.5"", ""prompt_template"": ""prompts/stim_paradigm_anova.md""}"
269,2,358,stim_summary,qwen3_5_9b,prompts/stim_paradigm_predictive.md,1.0,stim_summary,1800,False,1.0,Qwen/Qwen3.5-9B,prompts/stim_paradigm_predictive.md,"{""data_view"": ""stim_summary"", ""inference_options"": {""max_tokens"": 1800, ""reasoning"": {""enabled"": false}, ""temperature"": 1.0}, ""model"": ""Qwen/Qwen3.5-9B"", ""prompt_template"": ""prompts/stim_paradigm_predictive.md""}"
78,1,359,stim_and_mouse_summary,deepseek_v3_1,prompts/stim_paradigm_anova.md,0.75,stim_and_mouse_summary,1800,False,0.75,deepseek-ai/DeepSeek-V3.1,prompts/stim_paradigm_anova.md,"{""data_view"": ""stim_and_mouse_summary"", ""inference_options"": {""max_tokens"": 1800, ""reasoning"": {""enabled"": false}, ""temperature"": 0.75}, ""model"": ""deepseek-ai/DeepSeek-V3.1"", ""prompt_template"": ""prompts/stim_paradigm_anova.md""}"
294,3,360,stim_and_mouse_summary,kimi,prompts/stim_paradigm_anova.md,0.5,stim_and_mouse_summary,1800,False,0.5,moonshotai/Kimi-K2.5,prompts/stim_paradigm_anova.md,"{""data_view"": ""stim_and_mouse_summary"", ""inference_options"": {""max_tokens"": 1800, ""reasoning"": {""enabled"": false}, ""temperature"": 0.5}, ""model"": ""moonshotai/Kimi-K2.5"", ""prompt_template"": ""prompts/stim_paradigm_anova.md""}"
363,3,361,stim_and_mouse_summary,qwen3_5_9b,prompts/stim_paradigm_basic.md,0.0,stim_and_mouse_summary,1800,False,0.0,Qwen/Qwen3.5-9B,prompts/stim_paradigm_basic.md,"{""data_view"": ""stim_and_mouse_summary"", ""inference_options"": {""max_tokens"": 1800, ""reasoning"": {""enabled"": false}, ""temperature"": 0.0}, ""model"": ""Qwen/Qwen3.5-9B"", ""prompt_template"": ""prompts/stim_paradigm_basic.md""}"
327,3,362,stim_and_mouse_summary,deepseek_v3_1,prompts/stim_paradigm_basic.md,0.25,stim_and_mouse_summary,1800,False,0.25,deepseek-ai/DeepSeek-V3.1,prompts/stim_paradigm_basic.md,"{""data_view"": ""stim_and_mouse_summary"", ""inference_options"": {""max_tokens"": 1800, ""reasoning"": {""enabled"": false}, ""temperature"": 0.25}, ""model"": ""deepseek-ai/DeepSeek-V3.1"", ""prompt_template"": ""prompts/stim_paradigm_basic.md""}"
125,1,363,stim_summary,qwen3_5_9b,prompts/stim_paradigm_predictive.md,0.75,stim_summary,1800,False,0.75,Qwen/Qwen3.5-9B,prompts/stim_paradigm_predictive.md,"{""data_view"": ""stim_summary"", ""inference_options"": {""max_tokens"": 1800, ""reasoning"": {""enabled"": false}, ""temperature"": 0.75}, ""model"": ""Qwen/Qwen3.5-9B"", ""prompt_template"": ""prompts/stim_paradigm_predictive.md""}"
165,2,364,stim_and_mouse_summary,kimi,prompts/stim_paradigm_basic.md,0.75,stim_and_mouse_summary,1800,False,0.75,moonshotai/Kimi-K2.5,prompts/stim_paradigm_basic.md,"{""data_view"": ""stim_and_mouse_summary"", ""inference_options"": {""max_tokens"": 1800, ""reasoning"": {""enabled"": false}, ""temperature"": 0.75}, ""model"": ""moonshotai/Kimi-K2.5"", ""prompt_template"": ""prompts/stim_paradigm_basic.md""}"
179,2,365,stim_summary,kimi,prompts/stim_paradigm_predictive.md,1.0,stim_summary,1800,False,1.0,moonshotai/Kimi-K2.5,prompts/stim_paradigm_predictive.md,"{""data_view"": ""stim_summary"", ""inference_options"": {""max_tokens"": 1800, ""reasoning"": {""enabled"": false}, ""temperature"": 1.0}, ""model"": ""moonshotai/Kimi-K2.5"", ""prompt_template"": ""prompts/stim_paradigm_predictive.md""}"
264,2,366,stim_and_mouse_summary,qwen3_5_9b,prompts/stim_paradigm_basic.md,1.0,stim_and_mouse_summary,1800,False,1.0,Qwen/Qwen3.5-9B,prompts/stim_paradigm_basic.md,"{""data_view"": ""stim_and_mouse_summary"", ""inference_options"": {""max_tokens"": 1800, ""reasoning"": {""enabled"": false}, ""temperature"": 1.0}, ""model"": ""Qwen/Qwen3.5-9B"", ""prompt_template"": ""prompts/stim_paradigm_basic.md""}"
378,3,367,stim_and_mouse_summary,qwen3_5_9b,prompts/stim_paradigm_predictive.md,0.25,stim_and_mouse_summary,1800,False,0.25,Qwen/Qwen3.5-9B,prompts/stim_paradigm_predictive.md,"{""data_view"": ""stim_and_mouse_summary"", ""inference_options"": {""max_tokens"": 1800, ""reasoning"": {""enabled"": false}, ""temperature"": 0.25}, ""model"": ""Qwen/Qwen3.5-9B"", ""prompt_template"": ""prompts/stim_paradigm_predictive.md""}"
203,2,368,stim_summary,deepseek_v3_1,prompts/stim_paradigm_anova.md,0.5,stim_summary,1800,False,0.5,deepseek-ai/DeepSeek-V3.1,prompts/stim_paradigm_anova.md,"{""data_view"": ""stim_summary"", ""inference_options"": {""max_tokens"": 1800, ""reasoning"": {""enabled"": false}, ""temperature"": 0.5}, ""model"": ""deepseek-ai/DeepSeek-V3.1"", ""prompt_template"": ""prompts/stim_paradigm_anova.md""}"
282,3,369,stim_and_mouse_summary,kimi,prompts/stim_paradigm_basic.md,0.25,stim_and_mouse_summary,1800,False,0.25,moonshotai/Kimi-K2.5,prompts/stim_paradigm_basic.md,"{""data_view"": ""stim_and_mouse_summary"", ""inference_options"": {""max_tokens"": 1800, ""reasoning"": {""enabled"": false}, ""temperature"": 0.25}, ""model"": ""moonshotai/Kimi-K2.5"", ""prompt_template"": ""prompts/stim_paradigm_basic.md""}"
66,1,370,stim_and_mouse_summary,deepseek_v3_1,prompts/stim_paradigm_basic.md,0.5,stim_and_mouse_summary,1800,False,0.5,deepseek-ai/DeepSeek-V3.1,prompts/stim_paradigm_basic.md,"{""data_view"": ""stim_and_mouse_summary"", ""inference_options"": {""max_tokens"": 1800, ""reasoning"": {""enabled"": false}, ""temperature"": 0.5}, ""model"": ""deepseek-ai/DeepSeek-V3.1"", ""prompt_template"": ""prompts/stim_paradigm_basic.md""}"
347,3,371,stim_summary,deepseek_v3_1,prompts/stim_paradigm_anova.md,0.75,stim_summary,1800,False,0.75,deepseek-ai/DeepSeek-V3.1,prompts/stim_paradigm_anova.md,"{""data_view"": ""stim_summary"", ""inference_options"": {""max_tokens"": 1800, ""reasoning"": {""enabled"": false}, ""temperature"": 0.75}, ""model"": ""deepseek-ai/DeepSeek-V3.1"", ""prompt_template"": ""prompts/stim_paradigm_anova.md""}"
22,1,372,summary_only,kimi,prompts/stim_paradigm_anova.md,0.5,summary_only,1800,False,0.5,moonshotai/Kimi-K2.5,prompts/stim_paradigm_anova.md,"{""data_view"": ""summary_only"", ""inference_options"": {""max_tokens"": 1800, ""reasoning"": {""enabled"": false}, ""temperature"": 0.5}, ""model"": ""moonshotai/Kimi-K2.5"", ""prompt_template"": ""prompts/stim_paradigm_anova.md""}"
161,2,373,stim_summary,kimi,prompts/stim_paradigm_predictive.md,0.5,stim_summary,1800,False,0.5,moonshotai/Kimi-K2.5,prompts/stim_paradigm_predictive.md,"{""data_view"": ""stim_summary"", ""inference_options"": {""max_tokens"": 1800, ""reasoning"": {""enabled"": false}, ""temperature"": 0.5}, ""model"": ""moonshotai/Kimi-K2.5"", ""prompt_template"": ""prompts/stim_paradigm_predictive.md""}"
348,3,374,stim_and_mouse_summary,deepseek_v3_1,prompts/stim_paradigm_anova.md,0.75,stim_and_mouse_summary,1800,False,0.75,deepseek-ai/DeepSeek-V3.1,prompts/stim_paradigm_anova.md,"{""data_view"": ""stim_and_mouse_summary"", ""inference_options"": {""max_tokens"": 1800, ""reasoning"": {""enabled"": false}, ""temperature"": 0.75}, ""model"": ""deepseek-ai/DeepSeek-V3.1"", ""prompt_template"": ""prompts/stim_paradigm_anova.md""}"
218,2,375,stim_summary,deepseek_v3_1,prompts/stim_paradigm_basic.md,1.0,stim_summary,1800,False,1.0,deepseek-ai/DeepSeek-V3.1,prompts/stim_paradigm_basic.md,"{""data_view"": ""stim_summary"", ""inference_options"": {""max_tokens"": 1800, ""reasoning"": {""enabled"": false}, ""temperature"": 1.0}, ""model"": ""deepseek-ai/DeepSeek-V3.1"", ""prompt_template"": ""prompts/stim_paradigm_basic.md""}"
106,1,376,summary_only,qwen3_5_9b,prompts/stim_paradigm_predictive.md,0.25,summary_only,1800,False,0.25,Qwen/Qwen3.5-9B,prompts/stim_paradigm_predictive.md,"{""data_view"": ""summary_only"", ""inference_options"": {""max_tokens"": 1800, ""reasoning"": {""enabled"": false}, ""temperature"": 0.25}, ""model"": ""Qwen/Qwen3.5-9B"", ""prompt_template"": ""prompts/stim_paradigm_predictive.md""}"
182,2,377,stim_summary,deepseek_v3_1,prompts/stim_paradigm_basic.md,0.0,stim_summary,1800,False,0.0,deepseek-ai/DeepSeek-V3.1,prompts/stim_paradigm_basic.md,"{""data_view"": ""stim_summary"", ""inference_options"": {""max_tokens"": 1800, ""reasoning"": {""enabled"": false}, ""temperature"": 0.0}, ""model"": ""deepseek-ai/DeepSeek-V3.1"", ""prompt_template"": ""prompts/stim_paradigm_basic.md""}"
277,3,378,summary_only,kimi,prompts/stim_paradigm_predictive.md,0.0,summary_only,1800,False,0.0,moonshotai/Kimi-K2.5,prompts/stim_paradigm_predictive.md,"{""data_view"": ""summary_only"", ""inference_options"": {""max_tokens"": 1800, ""reasoning"": {""enabled"": false}, ""temperature"": 0.0}, ""model"": ""moonshotai/Kimi-K2.5"", ""prompt_template"": ""prompts/stim_paradigm_predictive.md""}"
114,1,379,stim_and_mouse_summary,qwen3_5_9b,prompts/stim_paradigm_anova.md,0.5,stim_and_mouse_summary,1800,False,0.5,Qwen/Qwen3.5-9B,prompts/stim_paradigm_anova.md,"{""data_view"": ""stim_and_mouse_summary"", ""inference_options"": {""max_tokens"": 1800, ""reasoning"": {""enabled"": false}, ""temperature"": 0.5}, ""model"": ""Qwen/Qwen3.5-9B"", ""prompt_template"": ""prompts/stim_paradigm_anova.md""}"
75,1,380,stim_and_mouse_summary,deepseek_v3_1,prompts/stim_paradigm_basic.md,0.75,stim_and_mouse_summary,1800,False,0.75,deepseek-ai/DeepSeek-V3.1,prompts/stim_paradigm_basic.md,"{""data_view"": ""stim_and_mouse_summary"", ""inference_options"": {""max_tokens"": 1800, ""reasoning"": {""enabled"": false}, ""temperature"": 0.75}, ""model"": ""deepseek-ai/DeepSeek-V3.1"", ""prompt_template"": ""prompts/stim_paradigm_basic.md""}"
328,3,381,summary_only,deepseek_v3_1,prompts/stim_paradigm_anova.md,0.25,summary_only,1800,False,0.25,deepseek-ai/DeepSeek-V3.1,prompts/stim_paradigm_anova.md,"{""data_view"": ""summary_only"", ""inference_options"": {""max_tokens"": 1800, ""reasoning"": {""enabled"": false}, ""temperature"": 0.25}, ""model"": ""deepseek-ai/DeepSeek-V3.1"", ""prompt_template"": ""prompts/stim_paradigm_anova.md""}"
124,1,382,summary_only,qwen3_5_9b,prompts/stim_paradigm_predictive.md,0.75,summary_only,1800,False,0.75,Qwen/Qwen3.5-9B,prompts/stim_paradigm_predictive.md,"{""data_view"": ""summary_only"", ""inference_options"": {""max_tokens"": 1800, ""reasoning"": {""enabled"": false}, ""temperature"": 0.75}, ""model"": ""Qwen/Qwen3.5-9B"", ""prompt_template"": ""prompts/stim_paradigm_predictive.md""}"
192,2,383,stim_and_mouse_summary,deepseek_v3_1,prompts/stim_paradigm_basic.md,0.25,stim_and_mouse_summary,1800,False,0.25,deepseek-ai/DeepSeek-V3.1,prompts/stim_paradigm_basic.md,"{""data_view"": ""stim_and_mouse_summary"", ""inference_options"": {""max_tokens"": 1800, ""reasoning"": {""enabled"": false}, ""temperature"": 0.25}, ""model"": ""deepseek-ai/DeepSeek-V3.1"", ""prompt_template"": ""prompts/stim_paradigm_basic.md""}"
358,3,384,summary_only,deepseek_v3_1,prompts/stim_paradigm_predictive.md,1.0,summary_only,1800,False,1.0,deepseek-ai/DeepSeek-V3.1,prompts/stim_paradigm_predictive.md,"{""data_view"": ""summary_only"", ""inference_options"": {""max_tokens"": 1800, ""reasoning"": {""enabled"": false}, ""temperature"": 1.0}, ""model"": ""deepseek-ai/DeepSeek-V3.1"", ""prompt_template"": ""prompts/stim_paradigm_predictive.md""}"
365,3,385,stim_summary,qwen3_5_9b,prompts/stim_paradigm_anova.md,0.0,stim_summary,1800,False,0.0,Qwen/Qwen3.5-9B,prompts/stim_paradigm_anova.md,"{""data_view"": ""stim_summary"", ""inference_options"": {""max_tokens"": 1800, ""reasoning"": {""enabled"": false}, ""temperature"": 0.0}, ""model"": ""Qwen/Qwen3.5-9B"", ""prompt_template"": ""prompts/stim_paradigm_anova.md""}"
184,2,386,summary_only,deepseek_v3_1,prompts/stim_paradigm_anova.md,0.0,summary_only,1800,False,0.0,deepseek-ai/DeepSeek-V3.1,prompts/stim_paradigm_anova.md,"{""data_view"": ""summary_only"", ""inference_options"": {""max_tokens"": 1800, ""reasoning"": {""enabled"": false}, ""temperature"": 0.0}, ""model"": ""deepseek-ai/DeepSeek-V3.1"", ""prompt_template"": ""prompts/stim_paradigm_anova.md""}"
216,2,387,stim_and_mouse_summary,deepseek_v3_1,prompts/stim_paradigm_predictive.md,0.75,stim_and_mouse_summary,1800,False,0.75,deepseek-ai/DeepSeek-V3.1,prompts/stim_paradigm_predictive.md,"{""data_view"": ""stim_and_mouse_summary"", ""inference_options"": {""max_tokens"": 1800, ""reasoning"": {""enabled"": false}, ""temperature"": 0.75}, ""model"": ""deepseek-ai/DeepSeek-V3.1"", ""prompt_template"": ""prompts/stim_paradigm_predictive.md""}"
191,2,388,stim_summary,deepseek_v3_1,prompts/stim_paradigm_basic.md,0.25,stim_summary,1800,False,0.25,deepseek-ai/DeepSeek-V3.1,prompts/stim_paradigm_basic.md,"{""data_view"": ""stim_summary"", ""inference_options"": {""max_tokens"": 1800, ""reasoning"": {""enabled"": false}, ""temperature"": 0.25}, ""model"": ""deepseek-ai/DeepSeek-V3.1"", ""prompt_template"": ""prompts/stim_paradigm_basic.md""}"
371,3,389,stim_summary,qwen3_5_9b,prompts/stim_paradigm_basic.md,0.25,stim_summary,1800,False,0.25,Qwen/Qwen3.5-9B,prompts/stim_paradigm_basic.md,"{""data_view"": ""stim_summary"", ""inference_options"": {""max_tokens"": 1800, ""reasoning"": {""enabled"": false}, ""temperature"": 0.25}, ""model"": ""Qwen/Qwen3.5-9B"", ""prompt_template"": ""prompts/stim_paradigm_basic.md""}"
164,2,390,stim_summary,kimi,prompts/stim_paradigm_basic.md,0.75,stim_summary,1800,False,0.75,moonshotai/Kimi-K2.5,prompts/stim_paradigm_basic.md,"{""data_view"": ""stim_summary"", ""inference_options"": {""max_tokens"": 1800, ""reasoning"": {""enabled"": false}, ""temperature"": 0.75}, ""model"": ""moonshotai/Kimi-K2.5"", ""prompt_template"": ""prompts/stim_paradigm_basic.md""}"
187,2,391,summary_only,deepseek_v3_1,prompts/stim_paradigm_predictive.md,0.0,summary_only,1800,False,0.0,deepseek-ai/DeepSeek-V3.1,prompts/stim_paradigm_predictive.md,"{""data_view"": ""summary_only"", ""inference_options"": {""max_tokens"": 1800, ""reasoning"": {""enabled"": false}, ""temperature"": 0.0}, ""model"": ""deepseek-ai/DeepSeek-V3.1"", ""prompt_template"": ""prompts/stim_paradigm_predictive.md""}"
71,1,392,stim_summary,deepseek_v3_1,prompts/stim_paradigm_predictive.md,0.5,stim_summary,1800,False,0.5,deepseek-ai/DeepSeek-V3.1,prompts/stim_paradigm_predictive.md,"{""data_view"": ""stim_summary"", ""inference_options"": {""max_tokens"": 1800, ""reasoning"": {""enabled"": false}, ""temperature"": 0.5}, ""model"": ""deepseek-ai/DeepSeek-V3.1"", ""prompt_template"": ""prompts/stim_paradigm_predictive.md""}"
387,3,393,stim_and_mouse_summary,qwen3_5_9b,prompts/stim_paradigm_predictive.md,0.5,stim_and_mouse_summary,1800,False,0.5,Qwen/Qwen3.5-9B,prompts/stim_paradigm_predictive.md,"{""data_view"": ""stim_and_mouse_summary"", ""inference_options"": {""max_tokens"": 1800, ""reasoning"": {""enabled"": false}, ""temperature"": 0.5}, ""model"": ""Qwen/Qwen3.5-9B"", ""prompt_template"": ""prompts/stim_paradigm_predictive.md""}"
13,1,394,summary_only,kimi,prompts/stim_paradigm_anova.md,0.25,summary_only,1800,False,0.25,moonshotai/Kimi-K2.5,prompts/stim_paradigm_anova.md,"{""data_view"": ""summary_only"", ""inference_options"": {""max_tokens"": 1800, ""reasoning"": {""enabled"": false}, ""temperature"": 0.25}, ""model"": ""moonshotai/Kimi-K2.5"", ""prompt_template"": ""prompts/stim_paradigm_anova.md""}"
21,1,395,stim_and_mouse_summary,kimi,prompts/stim_paradigm_basic.md,0.5,stim_and_mouse_summary,1800,False,0.5,moonshotai/Kimi-K2.5,prompts/stim_paradigm_basic.md,"{""data_view"": ""stim_and_mouse_summary"", ""inference_options"": {""max_tokens"": 1800, ""reasoning"": {""enabled"": false}, ""temperature"": 0.5}, ""model"": ""moonshotai/Kimi-K2.5"", ""prompt_template"": ""prompts/stim_paradigm_basic.md""}"
320,3,396,stim_summary,deepseek_v3_1,prompts/stim_paradigm_anova.md,0.0,stim_summary,1800,False,0.0,deepseek-ai/DeepSeek-V3.1,prompts/stim_paradigm_anova.md,"{""data_view"": ""stim_summary"", ""inference_options"": {""max_tokens"": 1800, ""reasoning"": {""enabled"": false}, ""temperature"": 0.0}, ""model"": ""deepseek-ai/DeepSeek-V3.1"", ""prompt_template"": ""prompts/stim_paradigm_anova.md""}"
337,3,397,summary_only,deepseek_v3_1,prompts/stim_paradigm_anova.md,0.5,summary_only,1800,False,0.5,deepseek-ai/DeepSeek-V3.1,prompts/stim_paradigm_anova.md,"{""data_view"": ""summary_only"", ""inference_options"": {""max_tokens"": 1800, ""reasoning"": {""enabled"": false}, ""temperature"": 0.5}, ""model"": ""deepseek-ai/DeepSeek-V3.1"", ""prompt_template"": ""prompts/stim_paradigm_anova.md""}"
110,1,398,stim_summary,qwen3_5_9b,prompts/stim_paradigm_basic.md,0.5,stim_summary,1800,False,0.5,Qwen/Qwen3.5-9B,prompts/stim_paradigm_basic.md,"{""data_view"": ""stim_summary"", ""inference_options"": {""max_tokens"": 1800, ""reasoning"": {""enabled"": false}, ""temperature"": 0.5}, ""model"": ""Qwen/Qwen3.5-9B"", ""prompt_template"": ""prompts/stim_paradigm_basic.md""}"
336,3,399,stim_and_mouse_summary,deepseek_v3_1,prompts/stim_paradigm_basic.md,0.5,stim_and_mouse_summary,1800,False,0.5,deepseek-ai/DeepSeek-V3.1,prompts/stim_paradigm_basic.md,"{""data_view"": ""stim_and_mouse_summary"", ""inference_options"": {""max_tokens"": 1800, ""reasoning"": {""enabled"": false}, ""temperature"": 0.5}, ""model"": ""deepseek-ai/DeepSeek-V3.1"", ""prompt_template"": ""prompts/stim_paradigm_basic.md""}"
153,2,400,stim_and_mouse_summary,kimi,prompts/stim_paradigm_predictive.md,0.25,stim_and_mouse_summary,1800,False,0.25,moonshotai/Kimi-K2.5,prompts/stim_paradigm_predictive.md,"{""data_view"": ""stim_and_mouse_summary"", ""inference_options"": {""max_tokens"": 1800, ""reasoning"": {""enabled"": false}, ""temperature"": 0.25}, ""model"": ""moonshotai/Kimi-K2.5"", ""prompt_template"": ""prompts/stim_paradigm_predictive.md""}"
220,2,401,summary_only,deepseek_v3_1,prompts/stim_paradigm_anova.md,1.0,summary_only,1800,False,1.0,deepseek-ai/DeepSeek-V3.1,prompts/stim_paradigm_anova.md,"{""data_view"": ""summary_only"", ""inference_options"": {""max_tokens"": 1800, ""reasoning"": {""enabled"": false}, ""temperature"": 1.0}, ""model"": ""deepseek-ai/DeepSeek-V3.1"", ""prompt_template"": ""prompts/stim_paradigm_anova.md""}"
309,3,402,stim_and_mouse_summary,kimi,prompts/stim_paradigm_basic.md,1.0,stim_and_mouse_summary,1800,False,1.0,moonshotai/Kimi-K2.5,prompts/stim_paradigm_basic.md,"{""data_view"": ""stim_and_mouse_summary"", ""inference_options"": {""max_tokens"": 1800, ""reasoning"": {""enabled"": false}, ""temperature"": 1.0}, ""model"": ""moonshotai/Kimi-K2.5"", ""prompt_template"": ""prompts/stim_paradigm_basic.md""}"
229,2,403,summary_only,qwen3_5_9b,prompts/stim_paradigm_anova.md,0.0,summary_only,1800,False,0.0,Qwen/Qwen3.5-9B,prompts/stim_paradigm_anova.md,"{""data_view"": ""summary_only"", ""inference_options"": {""max_tokens"": 1800, ""reasoning"": {""enabled"": false}, ""temperature"": 0.0}, ""model"": ""Qwen/Qwen3.5-9B"", ""prompt_template"": ""prompts/stim_paradigm_anova.md""}"
123,1,404,stim_and_mouse_summary,qwen3_5_9b,prompts/stim_paradigm_anova.md,0.75,stim_and_mouse_summary,1800,False,0.75,Qwen/Qwen3.5-9B,prompts/stim_paradigm_anova.md,"{""data_view"": ""stim_and_mouse_summary"", ""inference_options"": {""max_tokens"": 1800, ""reasoning"": {""enabled"": false}, ""temperature"": 0.75}, ""model"": ""Qwen/Qwen3.5-9B"", ""prompt_template"": ""prompts/stim_paradigm_anova.md""}"
177,2,405,stim_and_mouse_summary,kimi,prompts/stim_paradigm_anova.md,1.0,stim_and_mouse_summary,1800,False,1.0,moonshotai/Kimi-K2.5,prompts/stim_paradigm_anova.md,"{""data_view"": ""stim_and_mouse_summary"", ""inference_options"": {""max_tokens"": 1800, ""reasoning"": {""enabled"": false}, ""temperature"": 1.0}, ""model"": ""moonshotai/Kimi-K2.5"", ""prompt_template"": ""prompts/stim_paradigm_anova.md""}"
